0,0,0.999999,2
1,0.999999,-2,1.001
2,-0.999999,0.000999862,-0.999999
0,7.67624e-22,0.999952,1.99995
1,0.999967,-1.99994,1.01099
2,-0.999967,0.0109909,-0.999943
0,7.04096e-21,0.999831,1.99983
1,0.999884,-1.9998,1.02097
2,-0.999884,0.0209681,-0.999799
0,2.33199e-20,0.999637,1.99964
1,0.999751,-1.99957,1.03093
2,-0.999751,0.0309315,-0.999569
0,4.97632e-20,0.99937,1.99937
1,0.999569,-1.99925,1.04088
2,-0.999569,0.0408812,-0.999251
0,8.90443e-20,0.999029,1.99903
1,0.999337,-1.99885,1.05082
2,-0.999337,0.0508171,-0.998846
0,1.45001e-19,0.998615,1.99862
1,0.999057,-1.99835,1.06074
2,-0.999057,0.0607393,-0.998355
0,2.19779e-19,0.998128,1.99813
1,0.998727,-1.99778,1.07065
2,-0.998727,0.0706477,-0.997776
0,3.16102e-19,0.997567,1.99757
1,0.998349,-1.99711,1.08054
2,-0.998349,0.0805424,-0.99711
0,4.2971e-19,0.996933,1.99693
1,0.997922,-1.99636,1.09042
2,-0.997922,0.0904235,-0.996357
0,5.58936e-19,0.996225,1.99623
1,0.997447,-1.99552,1.10029
2,-0.997447,0.100291,-0.995517
0,6.98829e-19,0.995444,1.99544
1,0.996923,-1.99459,1.11014
2,-0.996923,0.110144,-0.994589
0,8.50659e-19,0.994589,1.99459
1,0.996352,-1.99357,1.11998
2,-0.996352,0.119984,-0.993574
0,1.0161e-18,0.99366,1.99366
1,0.995733,-1.99247,1.12981
2,-0.995733,0.12981,-0.992472
0,1.18725e-18,0.992657,1.99266
1,0.995067,-1.99128,1.13962
2,-0.995067,0.139623,-0.991282
0,1.36322e-18,0.991581,1.99158
1,0.994353,-1.99,1.14942
2,-0.994353,0.149421,-0.990004
0,1.55102e-18,0.99043,1.99043
1,0.993592,-1.98864,1.15921
2,-0.993592,0.159206,-0.988638
0,1.75889e-18,0.989205,1.9892
1,0.992784,-1.98718,1.16898
2,-0.992784,0.168977,-0.987184
0,1.991e-18,0.987906,1.98791
1,0.991929,-1.98564,1.17873
2,-0.991929,0.178734,-0.985643
0,2.248e-18,0.986532,1.98653
1,0.991027,-1.98401,1.18848
2,-0.991027,0.188478,-0.984013
0,2.52416e-18,0.985084,1.98508
1,0.990079,-1.98229,1.19821
2,-0.990079,0.198207,-0.982294
0,2.81601e-18,0.983561,1.98356
1,0.989084,-1.98049,1.20792
2,-0.989084,0.207923,-0.980487
0,3.11981e-18,0.981963,1.98196
1,0.988043,-1.97859,1.21762
2,-0.988043,0.217624,-0.978591
0,3.43451e-18,0.980291,1.98029
1,0.986955,-1.97661,1.22731
2,-0.986955,0.227311,-0.976607
0,3.76305e-18,0.978543,1.97854
1,0.985821,-1.97453,1.23698
2,-0.985821,0.236985,-0.974533
0,4.10536e-18,0.97672,1.97672
1,0.984641,-1.97237,1.24664
2,-0.984641,0.246644,-0.97237
0,4.46082e-18,0.974822,1.97482
1,0.983415,-1.97012,1.25629
2,-0.983415,0.256289,-0.970117
0,4.83243e-18,0.972848,1.97285
1,0.982143,-1.96777,1.26592
2,-0.982143,0.26592,-0.967774
0,5.22119e-18,0.970799,1.9708
1,0.980825,-1.96534,1.27554
2,-0.980825,0.275537,-0.965342
0,5.62938e-18,0.968673,1.96867
1,0.979461,-1.96282,1.28514
2,-0.979461,0.285139,-0.962819
0,6.0584e-18,0.966472,1.96647
1,0.978052,-1.96021,1.29473
2,-0.978052,0.294727,-0.960206
0,6.50672e-18,0.964194,1.96419
1,0.976597,-1.9575,1.3043
2,-0.976597,0.3043,-0.957502
0,6.9643e-18,0.96184,1.96184
1,0.975096,-1.95471,1.31386
2,-0.975096,0.313858,-0.954707
0,7.43187e-18,0.959409,1.95941
1,0.97355,-1.95182,1.3234
2,-0.97355,0.323402,-0.951821
0,7.91701e-18,0.956902,1.9569
1,0.971959,-1.94884,1.33293
2,-0.971959,0.332931,-0.948843
0,8.41681e-18,0.954317,1.95432
1,0.970321,-1.94577,1.34245
2,-0.970321,0.342446,-0.945773
0,8.94006e-18,0.951655,1.95166
1,0.968639,-1.94261,1.35194
2,-0.968639,0.351945,-0.942611
0,9.4919e-18,0.948916,1.94892
1,0.966911,-1.93936,1.36143
2,-0.966911,0.361429,-0.939357
0,1.00846e-17,0.946099,1.9461
1,0.965137,-1.93601,1.3709
2,-0.965137,0.370898,-0.936009
0,1.07176e-17,0.943204,1.9432
1,0.963318,-1.93257,1.38035
2,-0.963318,0.380352,-0.932568
0,1.13939e-17,0.940231,1.94023
1,0.961454,-1.92903,1.38979
2,-0.961454,0.38979,-0.929034
0,1.21179e-17,0.937179,1.93718
1,0.959544,-1.92541,1.39921
2,-0.959544,0.399213,-0.925406
0,1.28894e-17,0.934049,1.93405
1,0.957589,-1.92168,1.40862
2,-0.957589,0.40862,-0.921683
0,1.37064e-17,0.930839,1.93084
1,0.955589,-1.91787,1.41801
2,-0.955589,0.418011,-0.917866
0,1.45712e-17,0.927551,1.92755
1,0.953543,-1.91395,1.42739
2,-0.953543,0.427386,-0.913953
0,1.54847e-17,0.924183,1.92418
1,0.951451,-1.90994,1.43674
2,-0.951451,0.436745,-0.909945
0,1.64519e-17,0.920735,1.92074
1,0.949314,-1.90584,1.44609
2,-0.949314,0.446088,-0.90584
0,1.74767e-17,0.917207,1.91721
1,0.947132,-1.90164,1.45541
2,-0.947132,0.455414,-0.90164
0,1.85646e-17,0.913599,1.9136
1,0.944903,-1.89734,1.46472
2,-0.944903,0.464724,-0.897342
0,1.97237e-17,0.909911,1.90991
1,0.94263,-1.89295,1.47402
2,-0.94263,0.474017,-0.892947
0,2.09621e-17,0.906141,1.90614
1,0.94031,-1.88845,1.48329
2,-0.94031,0.483292,-0.888454
0,2.22839e-17,0.90229,1.90229
1,0.937944,-1.88386,1.49255
2,-0.937944,0.492551,-0.883863
0,2.36835e-17,0.898358,1.89836
1,0.935533,-1.87917,1.50179
2,-0.935533,0.501793,-0.879173
0,2.51601e-17,0.894343,1.89434
1,0.933076,-1.87438,1.51102
2,-0.933076,0.511016,-0.874383
0,2.67145e-17,0.890247,1.89025
1,0.930572,-1.86949,1.52022
2,-0.930572,0.520222,-0.869493
0,2.8341e-17,0.886068,1.88607
1,0.928023,-1.8645,1.52941
2,-0.928023,0.52941,-0.864503
0,3.00521e-17,0.881806,1.88181
1,0.925427,-1.85941,1.53858
2,-0.925427,0.53858,-0.859412
0,3.18634e-17,0.877461,1.87746
1,0.922785,-1.85422,1.54773
2,-0.922785,0.547731,-0.854218
0,3.37848e-17,0.873032,1.87303
1,0.920096,-1.84892,1.55686
2,-0.920096,0.556863,-0.848923
0,3.58133e-17,0.868519,1.86852
1,0.917361,-1.84352,1.56598
2,-0.917361,0.565977,-0.843525
0,3.79566e-17,0.863922,1.86392
1,0.914578,-1.83802,1.57507
2,-0.914578,0.575071,-0.838023
0,4.02188e-17,0.859241,1.85924
1,0.911749,-1.83242,1.58415
2,-0.911749,0.584145,-0.832416
0,4.25948e-17,0.854474,1.85447
1,0.908873,-1.82671,1.5932
2,-0.908873,0.5932,-0.826705
0,4.50847e-17,0.849622,1.84962
1,0.90595,-1.82089,1.60223
2,-0.90595,0.602234,-0.820889
0,4.76818e-17,0.844684,1.84468
1,0.902979,-1.81497,1.61125
2,-0.902979,0.611248,-0.814965
0,5.03896e-17,0.839659,1.83966
1,0.899961,-1.80894,1.62024
2,-0.899961,0.620241,-0.808935
0,5.32155e-17,0.834549,1.83455
1,0.896894,-1.8028,1.62921
2,-0.896894,0.629213,-0.802797
0,5.6171e-17,0.829351,1.82935
1,0.89378,-1.79655,1.63816
2,-0.89378,0.638163,-0.796551
0,5.92519e-17,0.824065,1.82407
1,0.890618,-1.7902,1.64709
2,-0.890618,0.647092,-0.790195
0,6.24505e-17,0.818692,1.81869
1,0.887407,-1.78373,1.656
2,-0.887407,0.655998,-0.783729
0,6.57685e-17,0.813231,1.81323
1,0.884148,-1.77715,1.66488
2,-0.884148,0.664881,-0.777152
0,6.92081e-17,0.80768,1.80768
1,0.88084,-1.77046,1.67374
2,-0.88084,0.673742,-0.770463
0,7.27774e-17,0.802041,1.80204
1,0.877482,-1.76366,1.68258
2,-0.877482,0.682579,-0.763662
0,7.64714e-17,0.796312,1.79631
1,0.874076,-1.75675,1.69139
2,-0.874076,0.691391,-0.756747
0,8.02826e-17,0.790493,1.79049
1,0.87062,-1.74972,1.70018
2,-0.87062,0.70018,-0.749717
0,8.42115e-17,0.784583,1.78458
1,0.867113,-1.74257,1.70894
2,-0.867113,0.708943,-0.742572
0,8.82613e-17,0.778583,1.77858
1,0.863557,-1.73531,1.71768
2,-0.863557,0.717681,-0.735311
0,9.24377e-17,0.772491,1.77249
1,0.85995,-1.72793,1.72639
2,-0.85995,0.726393,-0.727932
0,9.67397e-17,0.766307,1.76631
1,0.856293,-1.72043,1.73508
2,-0.856293,0.735078,-0.720435
0,1.0117e-16,0.760031,1.76003
1,0.852584,-1.71282,1.74374
2,-0.852584,0.743736,-0.712818
0,1.05743e-16,0.753662,1.75366
1,0.848824,-1.70508,1.75237
2,-0.848824,0.752367,-0.705081
0,1.10453e-16,0.7472,1.7472
1,0.845012,-1.69722,1.76097
2,-0.845012,0.760969,-0.697223
0,1.15301e-16,0.740644,1.74064
1,0.841149,-1.68924,1.76954
2,-0.841149,0.769542,-0.689241
0,1.20293e-16,0.733994,1.73399
1,0.837232,-1.68114,1.77809
2,-0.837232,0.778086,-0.681136
0,1.25436e-16,0.727249,1.72725
1,0.833263,-1.67291,1.7866
2,-0.833263,0.786599,-0.672906
0,1.30726e-16,0.720409,1.72041
1,0.82924,-1.66455,1.79508
2,-0.82924,0.795081,-0.664549
0,1.36176e-16,0.713473,1.71347
1,0.825164,-1.65607,1.80353
2,-0.825164,0.803532,-0.656066
0,1.41775e-16,0.706442,1.70644
1,0.821034,-1.64745,1.81195
2,-0.821034,0.81195,-0.647453
0,1.4753e-16,0.699314,1.69931
1,0.816849,-1.63871,1.82033
2,-0.816849,0.820334,-0.638711
0,1.53423e-16,0.692088,1.69209
1,0.812609,-1.62984,1.82868
2,-0.812609,0.828684,-0.629837
0,1.59454e-16,0.684766,1.68477
1,0.808314,-1.62083,1.837
2,-0.808314,0.836999,-0.620831
0,1.65624e-16,0.677345,1.67734
1,0.803963,-1.61169,1.84528
2,-0.803963,0.845278,-0.611691
0,1.71926e-16,0.669826,1.66983
1,0.799556,-1.60242,1.85352
2,-0.799556,0.85352,-0.602415
0,1.78344e-16,0.662208,1.66221
1,0.795091,-1.593,1.86172
2,-0.795091,0.861724,-0.593003
0,1.84886e-16,0.654491,1.65449
1,0.790569,-1.58345,1.86989
2,-0.790569,0.869889,-0.583452
0,1.91537e-16,0.646674,1.64667
1,0.785989,-1.57376,1.87801
2,-0.785989,0.878014,-0.573761
0,1.98283e-16,0.638757,1.63876
1,0.781351,-1.56393,1.8861
2,-0.781351,0.886097,-0.563929
0,2.05109e-16,0.63074,1.63074
1,0.776653,-1.55395,1.89414
2,-0.776653,0.894138,-0.553954
0,2.11998e-16,0.622621,1.62262
1,0.771896,-1.54383,1.90213
2,-0.771896,0.902135,-0.543834
0,2.18959e-16,0.614402,1.6144
1,0.767078,-1.53357,1.91009
2,-0.767078,0.910087,-0.533568
0,2.26002e-16,0.606081,1.60608
1,0.762199,-1.52315,1.91799
2,-0.762199,0.917992,-0.523154
0,2.33127e-16,0.597658,1.59766
1,0.757259,-1.51259,1.92585
2,-0.757259,0.92585,-0.512591
0,2.40344e-16,0.589133,1.58913
1,0.752256,-1.50188,1.93366
2,-0.752256,0.933658,-0.501875
0,2.47653e-16,0.580505,1.5805
1,0.74719,-1.49101,1.94142
2,-0.74719,0.941416,-0.491007
0,2.55079e-16,0.571775,1.57177
1,0.742061,-1.47998,1.94912
2,-0.742061,0.949121,-0.479983
0,2.6263e-16,0.562942,1.56294
1,0.736867,-1.4688,1.95677
2,-0.736867,0.956771,-0.468803
0,2.70301e-16,0.554005,1.55401
1,0.731607,-1.45746,1.96437
2,-0.731607,0.964366,-0.457463
0,2.78102e-16,0.544966,1.54497
1,0.726282,-1.44596,1.9719
2,-0.726282,0.971903,-0.445963
0,2.86035e-16,0.535823,1.53582
1,0.72089,-1.4343,1.97938
2,-0.72089,0.979381,-0.434299
0,2.94141e-16,0.526577,1.52658
1,0.71543,-1.42247,1.9868
2,-0.71543,0.986796,-0.422471
0,3.02466e-16,0.517228,1.51723
1,0.709901,-1.41048,1.99415
2,-0.709901,0.994148,-0.410475
0,3.1104e-16,0.507776,1.50778
1,0.704303,-1.39831,2.00143
2,-0.704303,1.00143,-0.39831
0,3.19857e-16,0.498221,1.49822
1,0.698635,-1.38597,2.00865
2,-0.698635,1.00865,-0.385974
0,3.28893e-16,0.488563,1.48856
1,0.692896,-1.37346,2.0158
2,-0.692896,1.0158,-0.373465
0,3.38166e-16,0.478802,1.4788
1,0.687084,-1.36078,2.02287
2,-0.687084,1.02287,-0.360779
0,3.47715e-16,0.468939,1.46894
1,0.681199,-1.34792,2.02987
2,-0.681199,1.02987,-0.347916
0,3.57551e-16,0.458975,1.45897
1,0.67524,-1.33487,2.03679
2,-0.67524,1.03679,-0.334872
0,3.67696e-16,0.448909,1.44891
1,0.669205,-1.32165,2.04362
2,-0.669205,1.04362,-0.321646
0,3.7817e-16,0.438744,1.43874
1,0.663095,-1.30823,2.05038
2,-0.663095,1.05038,-0.308234
0,3.88967e-16,0.428478,1.42848
1,0.656907,-1.29464,2.05704
2,-0.656907,1.05704,-0.294636
0,4.0008e-16,0.418114,1.41811
1,0.650641,-1.28085,2.06362
2,-0.650641,1.06362,-0.280847
0,4.11517e-16,0.407653,1.40765
1,0.644295,-1.26687,2.07009
2,-0.644295,1.07009,-0.266866
0,4.23311e-16,0.397094,1.39709
1,0.637868,-1.25269,2.07648
2,-0.637868,1.07648,-0.252691
0,4.35497e-16,0.386441,1.38644
1,0.63136,-1.23832,2.08275
2,-0.63136,1.08275,-0.238319
0,4.48085e-16,0.375694,1.37569
1,0.624768,-1.22375,2.08893
2,-0.624768,1.08893,-0.223747
0,4.61096e-16,0.364856,1.36486
1,0.618093,-1.20897,2.09499
2,-0.618093,1.09499,-0.208973
0,4.7457e-16,0.353927,1.35393
1,0.611331,-1.194,2.10094
2,-0.611331,1.10094,-0.193995
0,4.88452e-16,0.342911,1.34291
1,0.604483,-1.17881,2.10677
2,-0.604483,1.10677,-0.17881
0,5.02707e-16,0.331808,1.33181
1,0.597547,-1.16342,2.11247
2,-0.597547,1.11247,-0.163416
0,5.17376e-16,0.320623,1.32062
1,0.590522,-1.14781,2.11805
2,-0.590522,1.11805,-0.14781
0,5.32465e-16,0.309358,1.30936
1,0.583406,-1.13199,2.1235
2,-0.583406,1.1235,-0.131991
0,5.47954e-16,0.298015,1.29801
1,0.576199,-1.11595,2.1288
2,-0.576199,1.1288,-0.115955
0,5.63812e-16,0.286598,1.2866
1,0.568898,-1.0997,2.13396
2,-0.568898,1.13396,-0.0997007
0,5.80034e-16,0.275111,1.27511
1,0.561503,-1.08323,2.13897
2,-0.561503,1.13897,-0.0832258
0,5.96662e-16,0.263557,1.26356
1,0.554012,-1.06653,2.14383
2,-0.554012,1.14383,-0.0665283
0,6.13763e-16,0.251942,1.25194
1,0.546424,-1.04961,2.14852
2,-0.546424,1.14852,-0.049606
0,6.31389e-16,0.240269,1.24027
1,0.538738,-1.03246,2.15304
2,-0.538738,1.15304,-0.0324571
0,6.49561e-16,0.228543,1.22854
1,0.530952,-1.01508,2.15739
2,-0.530952,1.15739,-0.0150798
0,6.68369e-16,0.216769,1.21677
1,0.523066,-0.997472,2.16155
2,-0.523066,1.16155,0.00252759
0,6.87843e-16,0.204954,1.20495
1,0.515077,-0.979634,2.16552
2,-0.515077,1.16552,0.0203665
0,7.07988e-16,0.193104,1.1931
1,0.506985,-0.961562,2.1693
2,-0.506985,1.1693,0.0384383
0,7.28836e-16,0.181224,1.18122
1,0.498789,-0.943256,2.17287
2,-0.498789,1.17287,0.0567441
0,7.50396e-16,0.169322,1.16932
1,0.490487,-0.924715,2.17623
2,-0.490487,1.17623,0.075285
0,7.72733e-16,0.157405,1.1574
1,0.482078,-0.905938,2.17937
2,-0.482078,1.17937,0.0940617
0,7.95899e-16,0.145481,1.14548
1,0.473562,-0.886925,2.18228
2,-0.473562,1.18228,0.113075
0,8.20019e-16,0.133558,1.13356
1,0.464938,-0.867675,2.18495
2,-0.464938,1.18495,0.132325
0,8.45132e-16,0.121645,1.12164
1,0.456204,-0.848189,2.18737
2,-0.456204,1.18737,0.151811
0,8.71257e-16,0.10975,1.10975
1,0.44736,-0.828466,2.18954
2,-0.44736,1.18954,0.171534
0,8.98411e-16,0.0978841,1.09788
1,0.438405,-0.808507,2.19145
2,-0.438405,1.19145,0.191493
0,9.26617e-16,0.0860562,1.08606
1,0.429338,-0.788312,2.19308
2,-0.429338,1.19308,0.211688
0,9.55905e-16,0.0742771,1.07428
1,0.42016,-0.767884,2.19443
2,-0.42016,1.19443,0.232116
0,9.86312e-16,0.0625575,1.06256
1,0.410869,-0.747222,2.19548
2,-0.410869,1.19548,0.252778
0,1.01783e-15,0.0509087,1.05091
1,0.401465,-0.726329,2.19624
2,-0.401465,1.19624,0.273671
0,1.05048e-15,0.0393422,1.03934
1,0.391949,-0.705207,2.19668
2,-0.391949,1.19668,0.294793
0,1.08417e-15,0.02787,1.02787
1,0.382319,-0.683857,2.1968
2,-0.382319,1.1968,0.316143
0,1.11874e-15,0.0165045,1.0165
1,0.372577,-0.662284,2.19659
2,-0.372577,1.19659,0.337716
0,1.15415e-15,0.00525825,1.00526
1,0.362722,-0.640488,2.19604
2,-0.362722,1.19604,0.359512
0,1.19043e-15,-0.00585579,0.994144
1,0.352755,-0.618475,2.19514
2,-0.352755,1.19514,0.381525
0,1.22759e-15,-0.0168245,0.983176
1,0.342675,-0.596246,2.19387
2,-0.342675,1.19387,0.403754
0,1.26564e-15,-0.0276343,0.972366
1,0.332485,-0.573805,2.19224
2,-0.332485,1.19224,0.426195
0,1.30454e-15,-0.0382718,0.961728
1,0.322184,-0.551158,2.19023
2,-0.322184,1.19023,0.448842
0,1.34421e-15,-0.0487232,0.951277
1,0.311773,-0.528307,2.18783
2,-0.311773,1.18783,0.471693
0,1.38454e-15,-0.0589745,0.941026
1,0.301254,-0.505257,2.18502
2,-0.301254,1.18502,0.494743
0,1.42539e-15,-0.0690118,0.930988
1,0.290628,-0.482012,2.18181
2,-0.290628,1.18181,0.517988
0,1.46673e-15,-0.078821,0.921179
1,0.279895,-0.458578,2.17819
2,-0.279895,1.17819,0.541422
0,1.50852e-15,-0.088388,0.911612
1,0.269058,-0.434958,2.17413
2,-0.269058,1.17413,0.565042
0,1.55061e-15,-0.0976987,0.902301
1,0.258118,-0.411158,2.16964
2,-0.258118,1.16964,0.588842
0,1.59286e-15,-0.106739,0.893261
1,0.247076,-0.387183,2.1647
2,-0.247076,1.1647,0.612817
0,1.63517e-15,-0.115495,0.884505
1,0.235935,-0.363036,2.15931
2,-0.235935,1.15931,0.636964
0,1.67748e-15,-0.123953,0.876047
1,0.224696,-0.338723,2.15345
2,-0.224696,1.15345,0.661277
0,1.71968e-15,-0.132098,0.867902
1,0.213361,-0.314248,2.14712
2,-0.213361,1.14712,0.685752
0,1.76163e-15,-0.139917,0.860083
1,0.201933,-0.289615,2.1403
2,-0.201933,1.1403,0.710385
0,1.80329e-15,-0.147396,0.852604
1,0.190414,-0.26483,2.13299
2,-0.190414,1.13299,0.73517
0,1.84454e-15,-0.154521,0.845479
1,0.178805,-0.239894,2.12518
2,-0.178805,1.12518,0.760106
0,1.88526e-15,-0.161279,0.838721
1,0.167111,-0.214813,2.11685
2,-0.167111,1.11685,0.785187
0,1.92533e-15,-0.167656,0.832344
1,0.155333,-0.189588,2.108
2,-0.155333,1.108,0.810412
0,1.96462e-15,-0.173639,0.826361
1,0.143474,-0.164223,2.09861
2,-0.143474,1.09861,0.835777
0,2.00308e-15,-0.179214,0.820786
1,0.131538,-0.138718,2.08868
2,-0.131538,1.08868,0.861282
0,2.04059e-15,-0.184368,0.815632
1,0.119527,-0.113076,2.07819
2,-0.119527,1.07819,0.886924
0,2.07706e-15,-0.189088,0.810912
1,0.107445,-0.0872964,2.06712
2,-0.107445,1.06712,0.912704
0,2.11232e-15,-0.19336,0.80664
1,0.0952961,-0.0613781,2.05547
2,-0.0952961,1.05547,0.938622
0,2.14619e-15,-0.19717,0.80283
1,0.0830839,-0.0353193,2.04322
2,-0.0830839,1.04322,0.964681
0,2.17848e-15,-0.200504,0.799496
1,0.0708132,-0.00911657,2.03035
2,-0.0708132,1.03035,0.990883
0,2.20905e-15,-0.203351,0.796649
1,0.0584892,0.0172352,2.01684
2,-0.0584892,1.01684,1.01724
0,2.23768e-15,-0.205694,0.794306
1,0.046118,0.0437432,2.00267
2,-0.046118,1.00267,1.04374
0,2.26417e-15,-0.20752,0.79248
1,0.0337063,0.070417,1.98781
2,-0.0337063,0.987812,1.07042
0,2.28835e-15,-0.208815,0.791185
1,0.0212625,0.0972692,1.97225
2,-0.0212625,0.972249,1.09727
0,2.31004e-15,-0.209563,0.790437
1,0.00879663,0.124316,1.95594
2,-0.00879663,0.955944,1.12432
0,2.32905e-15,-0.20975,0.79025
1,-0.00367902,0.151578,1.93886
2,0.00367902,0.938862,1.15158
0,2.3452e-15,-0.20936,0.79064
1,-0.0161488,0.179083,1.92096
2,0.0161488,0.92096,1.17908
0,2.3583e-15,-0.208376,0.791624
1,-0.0285925,0.206863,1.90219
2,0.0285925,0.902189,1.20686
0,2.36815e-15,-0.206782,0.793218
1,-0.0409834,0.234961,1.88249
2,0.0409834,0.882487,1.23496
0,2.37453e-15,-0.20456,0.79544
1,-0.0532851,0.263435,1.86178
2,0.0532851,0.861783,1.26343
0,2.37724e-15,-0.201691,0.798309
1,-0.0654471,0.292354,1.83999
2,0.0654471,0.839985,1.29235
0,2.37609e-15,-0.198157,0.801843
1,-0.0773965,0.321814,1.81698
2,0.0773965,0.816982,1.32181
0,2.37085e-15,-0.193937,0.806063
1,-0.0890253,0.351937,1.79263
2,0.0890253,0.792628,1.35194
0,2.36135e-15,-0.18901,0.81099
1,-0.100167,0.382888,1.76674
2,0.100167,0.766737,1.38289
0,2.3474e-15,-0.183354,0.816646
1,-0.110555,0.414889,1.73907
2,0.110555,0.739068,1.41489
0,2.32888e-15,-0.176947,0.823053
1,-0.119739,0.448232,1.7093
2,0.119739,0.709302,1.44823
0,2.30562e-15,-0.169763,0.830237
1,-0.126933,0.483287,1.67705
2,0.126933,0.677047,1.48329
0,2.27756e-15,-0.161778,0.838222
1,-0.130716,0.52043,1.6419
2,0.130716,0.641901,1.52043
0,2.24464e-15,-0.152966,0.847034
1,-0.128624,0.559699,1.6038
2,0.128624,0.603799,1.5597
0,2.20689e-15,-0.143302,0.856698
1,-0.117322,0.599864,1.56395
2,0.117322,0.563948,1.59986
0,2.16443e-15,-0.132758,0.867242
1,-0.0951356,0.637758,1.52549
2,0.0951356,0.525488,1.63776
0,2.11743e-15,-0.121312,0.878688
1,-0.0647285,0.670431,1.49135
2,0.0647285,0.491346,1.67043
0,2.06592e-15,-0.108937,0.891063
1,-0.030399,0.697454,1.46193
2,0.030399,0.461929,1.69745
0,2.00979e-15,-0.0956124,0.904388
1,0.00509311,0.719839,1.4362
2,-0.00509311,0.436201,1.71984
0,1.94868e-15,-0.081314,0.918686
1,0.0405141,0.738667,1.41306
2,-0.0405141,0.413058,1.73867
0,1.88198e-15,-0.0660201,0.93398
1,0.0753854,0.754718,1.3917
2,-0.0753854,0.391697,1.75472
0,1.80876e-15,-0.0497093,0.950291
1,0.10954,0.768516,1.37157
2,-0.10954,0.371572,1.76852
0,1.72778e-15,-0.0323609,0.967639
1,0.142931,0.780405,1.35232
2,-0.142931,0.352318,1.78041
0,1.6374e-15,-0.0139554,0.986045
1,0.175555,0.790616,1.33369
2,-0.175555,0.333685,1.79062
0,1.53562e-15,0.00552486,1.00552
1,0.207422,0.799303,1.3155
2,-0.207422,0.315501,1.7993
0,1.42007e-15,0.0260948,1.02609
1,0.238539,0.806571,1.29764
2,-0.238539,0.297645,1.80657
0,1.28789e-15,0.0477655,1.04777
1,0.268908,0.812491,1.28004
2,-0.268908,0.280036,1.81249
0,1.13551e-15,0.0705428,1.07054
1,0.29852,0.817108,1.26262
2,-0.29852,0.262621,1.81711
0,9.58685e-16,0.0944256,1.09443
1,0.32736,0.820456,1.24537
2,-0.32736,0.245368,1.82046
0,7.52654e-16,0.119403,1.1194
1,0.355403,0.822557,1.22827
2,-0.355403,0.228267,1.82256
0,5.12709e-16,0.145453,1.14545
1,0.382615,0.823427,1.21132
2,-0.382615,0.211321,1.82343
0,2.33679e-16,0.17254,1.17254
1,0.408958,0.823083,1.19455
2,-0.408958,0.194551,1.82308
0,-8.94413e-17,0.200608,1.20061
1,0.434388,0.821547,1.17799
2,-0.434388,0.177988,1.82155
0,-4.61917e-16,0.229587,1.22959
1,0.458859,0.818845,1.16168
2,-0.458859,0.161679,1.81884
0,-8.88933e-16,0.259385,1.25939
1,0.482328,0.815015,1.14568
2,-0.482328,0.145675,1.81501
0,-1.37479e-15,0.289891,1.28989
1,0.504754,0.810107,1.13004
2,-0.504754,0.130039,1.81011
0,-1.92266e-15,0.32098,1.32098
1,0.526107,0.804184,1.11483
2,-0.526107,0.114832,1.80418
0,-2.53402e-15,0.352513,1.35251
1,0.546366,0.797322,1.10012
2,-0.546366,0.100116,1.79732
0,-3.20917e-15,0.384347,1.38435
1,0.565527,0.789607,1.08595
2,-0.565527,0.0859494,1.78961
0,-3.94617e-15,0.416341,1.41634
1,0.583596,0.781132,1.07238
2,-0.583596,0.0723791,1.78113
0,-4.74121e-15,0.448363,1.44836
1,0.600595,0.771993,1.05944
2,-0.600595,0.0594428,1.77199
0,-5.5882e-15,0.480291,1.48029
1,0.616559,0.762286,1.04717
2,-0.616559,0.0471658,1.76229
0,-6.48088e-15,0.512023,1.51202
1,0.631528,0.752099,1.03556
2,-0.631528,0.0355615,1.7521
0,-7.41415e-15,0.543474,1.54347
1,0.645553,0.741516,1.02463
2,-0.645553,0.0246326,1.74152
0,-8.38239e-15,0.574576,1.57458
1,0.658684,0.730611,1.01437
2,-0.658684,0.0143728,1.73061
0,-9.37973e-15,0.605278,1.60528
1,0.670975,0.719448,1.00477
2,-0.670975,0.00476833,1.71945
0,-1.04011e-14,0.635545,1.63555
1,0.682477,0.708082,0.995801
2,-0.682477,-0.00419935,1.70808
0,-1.14419e-14,0.665352,1.66535
1,0.693241,0.69656,0.987448
2,-0.693241,-0.0125525,1.69656
0,-1.2498e-14,0.694684,1.69468
1,0.703312,0.684921,0.979685
2,-0.703312,-0.0203153,1.68492
0,-1.35657e-14,0.723536,1.72354
1,0.712734,0.673197,0.972487
2,-0.712734,-0.0275131,1.6732
0,-1.46422e-14,0.751906,1.75191
1,0.721547,0.661413,0.965829
2,-0.721547,-0.0341713,1.66141
0,-1.57249e-14,0.779799,1.7798
1,0.729786,0.649592,0.959685
2,-0.729786,-0.0403148,1.64959
0,-1.68115e-14,0.80722,1.80722
1,0.737484,0.637749,0.954032
2,-0.737484,-0.0459678,1.63775
0,-1.79001e-14,0.834181,1.83418
1,0.744671,0.6259,0.948847
2,-0.744671,-0.0511535,1.6259
0,-1.89892e-14,0.860691,1.86069
1,0.751372,0.614056,0.944106
2,-0.751372,-0.0558937,1.61406
0,-2.00775e-14,0.886763,1.88676
1,0.757611,0.602224,0.939791
2,-0.757611,-0.0602091,1.60222
0,-2.11641e-14,0.912408,1.91241
1,0.763409,0.590413,0.935881
2,-0.763409,-0.0641192,1.59041
0,-2.22479e-14,0.93764,1.93764
1,0.768786,0.578627,0.932358
2,-0.768786,-0.0676421,1.57863
0,-2.33279e-14,0.962472,1.96247
1,0.773757,0.566872,0.929205
2,-0.773757,-0.0707947,1.56687
0,-2.44035e-14,0.986915,1.98692
1,0.778339,0.555149,0.926407
2,-0.778339,-0.0735929,1.55515
0,-2.54742e-14,1.01098,2.01098
1,0.782544,0.543463,0.923949
2,-0.782544,-0.0760514,1.54346
0,-2.65396e-14,1.03469,2.03469
1,0.786385,0.531815,0.921816
2,-0.786385,-0.0781841,1.53181
0,-2.75995e-14,1.05804,2.05804
1,0.789873,0.520205,0.919996
2,-0.789873,-0.0800038,1.52021
0,-2.86535e-14,1.08105,2.08105
1,0.793018,0.508636,0.918478
2,-0.793018,-0.0815225,1.50864
0,-2.97013e-14,1.10373,2.10373
1,0.795827,0.497107,0.917249
2,-0.795827,-0.0827514,1.49711
0,-3.07427e-14,1.12608,2.12608
1,0.79831,0.48562,0.916299
2,-0.79831,-0.0837011,1.48562
0,-3.17776e-14,1.14813,2.14813
1,0.800472,0.474173,0.915619
2,-0.800472,-0.0843813,1.47417
0,-3.28058e-14,1.16988,2.16988
1,0.802319,0.462768,0.915199
2,-0.802319,-0.0848013,1.46277
0,-3.38272e-14,1.19133,2.19133
1,0.803858,0.451403,0.91503
2,-0.803858,-0.0849698,1.4514
0,-3.48418e-14,1.2125,2.2125
1,0.805092,0.440079,0.915105
2,-0.805092,-0.0848949,1.44008
0,-3.58495e-14,1.23339,2.23339
1,0.806027,0.428796,0.915416
2,-0.806027,-0.0845842,1.4288
0,-3.68502e-14,1.25402,2.25402
1,0.806665,0.417552,0.915955
2,-0.806665,-0.0840452,1.41755
0,-3.7844e-14,1.27438,2.27438
1,0.807009,0.406347,0.916716
2,-0.807009,-0.0832845,1.40635
0,-3.88307e-14,1.29449,2.29449
1,0.807063,0.395181,0.917691
2,-0.807063,-0.0823087,1.39518
0,-3.98103e-14,1.31436,2.31436
1,0.806828,0.384053,0.918876
2,-0.806828,-0.0811239,1.38405
0,-4.07828e-14,1.33398,2.33398
1,0.806305,0.372963,0.920264
2,-0.806305,-0.0797359,1.37296
0,-4.17482e-14,1.35337,2.35337
1,0.805497,0.36191,0.92185
2,-0.805497,-0.0781504,1.36191
0,-4.27065e-14,1.37252,2.37252
1,0.804404,0.350894,0.923627
2,-0.804404,-0.0763725,1.35089
0,-4.36579e-14,1.39146,2.39146
1,0.803027,0.339915,0.925593
2,-0.803027,-0.0744075,1.33991
0,-4.46022e-14,1.41017,2.41017
1,0.801366,0.328971,0.92774
2,-0.801366,-0.07226,1.32897
0,-4.55395e-14,1.42868,2.42868
1,0.79942,0.318063,0.930065
2,-0.79942,-0.0699348,1.31806
0,-4.64698e-14,1.44697,2.44697
1,0.797189,0.30719,0.932564
2,-0.797189,-0.0674363,1.30719
0,-4.73932e-14,1.46506,2.46506
1,0.794673,0.296352,0.935231
2,-0.794673,-0.0647689,1.29635
0,-4.83098e-14,1.48295,2.48295
1,0.791871,0.285549,0.938063
2,-0.791871,-0.0619367,1.28555
0,-4.92194e-14,1.50064,2.50064
1,0.78878,0.27478,0.941056
2,-0.78878,-0.0589437,1.27478
0,-5.01223e-14,1.51815,2.51815
1,0.785399,0.264045,0.944206
2,-0.785399,-0.0557938,1.26405
0,-5.10183e-14,1.53546,2.53546
1,0.781726,0.253345,0.947509
2,-0.781726,-0.0524909,1.25335
0,-5.19076e-14,1.5526,2.5526
1,0.777759,0.242679,0.950961
2,-0.777759,-0.0490387,1.24268
0,-5.27902e-14,1.56955,2.56955
1,0.773495,0.232047,0.954559
2,-0.773495,-0.0454409,1.23205
0,-5.36661e-14,1.58633,2.58633
1,0.76893,0.22145,0.958299
2,-0.76893,-0.041701,1.22145
0,-5.45353e-14,1.60293,2.60293
1,0.764062,0.210888,0.962177
2,-0.764062,-0.0378226,1.21089
0,-5.53979e-14,1.61936,2.61936
1,0.758887,0.200361,0.966191
2,-0.758887,-0.0338092,1.20036
0,-5.62538e-14,1.63563,2.63563
1,0.7534,0.189869,0.970336
2,-0.7534,-0.0296643,1.18987
0,-5.71032e-14,1.65173,2.65173
1,0.747597,0.179414,0.974609
2,-0.747597,-0.0253914,1.17941
0,-5.7946e-14,1.66767,2.66767
1,0.741474,0.168995,0.979006
2,-0.741474,-0.020994,1.16899
0,-5.87822e-14,1.68345,2.68345
1,0.735024,0.158614,0.983524
2,-0.735024,-0.0164757,1.15861
0,-5.9612e-14,1.69908,2.69908
1,0.728243,0.148271,0.98816
2,-0.728243,-0.0118399,1.14827
0,-6.04353e-14,1.71455,2.71455
1,0.721125,0.137968,0.99291
2,-0.721125,-0.00709045,1.13797
0,-6.12522e-14,1.72987,2.72987
1,0.713662,0.127707,0.997769
2,-0.713662,-0.00223096,1.12771
0,-6.20627e-14,1.74504,2.74504
1,0.705847,0.117487,1.00273
2,-0.705847,0.00273474,1.11749
0,-6.28669e-14,1.76007,2.76007
1,0.697674,0.107312,1.0078
2,-0.697674,0.00780268,1.10731
0,-6.36647e-14,1.77495,2.77495
1,0.689134,0.0971827,1.01297
2,-0.689134,0.0129688,1.09718
0,-6.44562e-14,1.78969,2.78969
1,0.680218,0.0871017,1.01823
2,-0.680218,0.0182287,1.0871
0,-6.52415e-14,1.80429,2.80429
1,0.670916,0.0770713,1.02358
2,-0.670916,0.023578,1.07707
0,-6.60205e-14,1.81876,2.81876
1,0.66122,0.0670942,1.02901
2,-0.66122,0.0290119,1.06709
0,-6.67932e-14,1.83308,2.83308
1,0.651117,0.0571737,1.03453
2,-0.651117,0.0345255,1.05717
0,-6.75598e-14,1.84727,2.84727
1,0.640597,0.0473133,1.04011
2,-0.640597,0.0401132,1.04731
0,-6.83202e-14,1.86133,2.86133
1,0.629647,0.0375168,1.04577
2,-0.629647,0.0457694,1.03752
0,-6.90744e-14,1.87526,2.87526
1,0.618254,0.0277887,1.05149
2,-0.618254,0.0514878,1.02779
0,-6.98225e-14,1.88906,2.88906
1,0.606403,0.0181341,1.05726
2,-0.606403,0.0572618,1.01813
0,-7.05645e-14,1.90273,2.90273
1,0.594079,0.00855871,1.06308
2,-0.594079,0.063084,1.00856
0,-7.13003e-14,1.91628,2.91628
1,0.581265,-0.000931111,1.06895
2,-0.581265,0.0689463,0.999069
0,-7.20301e-14,1.9297,2.9297
1,0.567944,-0.010328,1.07484
2,-0.567944,0.0748401,0.989672
0,-7.27538e-14,1.943,2.943
1,0.554096,-0.0196238,1.08076
2,-0.554096,0.0807553,0.980376
0,-7.34715e-14,1.95618,2.95618
1,0.539701,-0.028809,1.08668
2,-0.539701,0.0866813,0.971191
0,-7.41832e-14,1.96924,2.96924
1,0.524735,-0.0378729,1.09261
2,-0.524735,0.0926059,0.962127
0,-7.48888e-14,1.98218,2.98218
1,0.509175,-0.0468032,1.09852
2,-0.509175,0.0985154,0.953197
0,-7.55885e-14,1.995,2.995
1,0.492993,-0.0555859,1.10439
2,-0.492993,0.104394,0.944414
0,-7.62822e-14,2.00771,3.00771
1,0.476162,-0.0642047,1.11023
2,-0.476162,0.110225,0.935795
0,-7.69699e-14,2.0203,3.0203
1,0.45865,-0.0726409,1.11599
2,-0.45865,0.115988,0.927359
0,-7.76517e-14,2.03278,3.03278
1,0.440423,-0.0808728,1.12166
2,-0.440423,0.12166,0.919127
0,-7.83275e-14,2.04515,3.04515
1,0.421445,-0.088875,1.12721
2,-0.421445,0.127215,0.911125
0,-7.89974e-14,2.05741,3.05741
1,0.401675,-0.0966179,1.13262
2,-0.401675,0.132621,0.903382
0,-7.96614e-14,2.06955,3.06955
1,0.38107,-0.104067,1.13784
2,-0.38107,0.137843,0.895933
0,-8.03195e-14,2.08159,3.08159
1,0.359584,-0.11118,1.14284
2,-0.359584,0.142838,0.88882
0,-8.09717e-14,2.09352,3.09352
1,0.337166,-0.117908,1.14756
2,-0.337166,0.147556,0.882092
0,-8.1618e-14,2.10535,3.10535
1,0.313761,-0.124194,1.15194
2,-0.313761,0.151937,0.875806
0,-8.22585e-14,2.11707,3.11707
1,0.289314,-0.129964,1.15591
2,-0.289314,0.15591,0.870036
0,-8.28931e-14,2.12868,3.12868
1,0.263763,-0.135135,1.15939
2,-0.263763,0.159387,0.864865
0,-8.35219e-14,2.14019,3.14019
1,0.23705,-0.1396,1.16226
2,-0.23705,0.162262,0.8604
0,-8.41449e-14,2.1516,3.1516
1,0.209116,-0.143232,1.16441
2,-0.209116,0.164406,0.856768
0,-8.47621e-14,2.16291,3.16291
1,0.179913,-0.145872,1.16566
2,-0.179913,0.16566,0.854128
0,-8.53735e-14,2.17411,3.17411
1,0.14941,-0.147324,1.16583
2,-0.14941,0.165827,0.852676
0,-8.59792e-14,2.18522,3.18522
1,0.117607,-0.147347,1.16466
2,-0.117607,0.164665,0.852653
0,-8.65791e-14,2.19623,3.19623
1,0.0845612,-0.145647,1.16188
2,-0.0845612,0.161879,0.854353
0,-8.71733e-14,2.20714,3.20714
1,0.0504262,-0.141872,1.15711
2,-0.0504262,0.157115,0.858128
0,-8.77618e-14,2.21795,3.21795
1,0.0155026,-0.135615,1.14997
2,-0.0155026,0.149967,0.864385
0,-8.83447e-14,2.22867,3.22867
1,-0.0196911,-0.126445,1.14
2,0.0196911,0.140002,0.873555
0,-8.8922e-14,2.23929,3.23929
1,-0.0543534,-0.113975,1.12683
2,0.0543534,0.126833,0.886025
0,-8.94937e-14,2.24982,3.24982
1,-0.0873835,-0.0979724,1.11023
2,0.0873835,0.110226,0.902028
0,-9.00599e-14,2.26026,3.26026
1,-0.117484,-0.0785089,1.09025
2,0.117484,0.0902518,0.921491
0,-9.06206e-14,2.2706,3.2706
1,-0.143415,-0.0560482,1.06737
2,0.143415,0.0673734,0.943952
0,-9.11758e-14,2.28085,3.28085
1,-0.164315,-0.0313979,1.0424
2,0.164315,0.0423972,0.968602
0,-9.17258e-14,2.29101,3.29101
1,-0.179892,-0.00551335,1.01628
2,0.179892,0.0162778,0.994487
0,-9.22704e-14,2.30108,3.30108
1,-0.190385,0.0207253,0.989894
2,0.190385,-0.0101056,1.02073
0,-9.28097e-14,2.31106,3.31106
1,-0.196364,0.0466469,0.963917
2,0.196364,-0.036083,1.04665
0,-9.33438e-14,2.32095,3.32095
1,-0.198526,0.071813,0.938784
2,0.198526,-0.0612164,1.07181
0,-9.38728e-14,2.33076,3.33076
1,-0.197554,0.095976,0.914741
2,0.197554,-0.0852594,1.09598
0,-9.43966e-14,2.34048,3.34048
1,-0.194045,0.119022,0.891901
2,0.194045,-0.108099,1.11902
0,-9.49154e-14,2.35011,3.35011
1,-0.1885,0.140921,0.870294
2,0.1885,-0.129706,1.14092
0,-9.54292e-14,2.35966,3.35966
1,-0.181324,0.161693,0.8499
2,0.181324,-0.1501,1.16169
0,-9.59379e-14,2.36912,3.36912
1,-0.172839,0.181383,0.830671
2,0.172839,-0.169329,1.18138
0,-9.64417e-14,2.3785,3.3785
1,-0.163305,0.200049,0.812549
2,0.163305,-0.187451,1.20005
0,-9.69406e-14,2.3878,3.3878
1,-0.152926,0.217756,0.79547
2,0.152926,-0.20453,1.21776
0,-9.74345e-14,2.39701,3.39701
1,-0.141868,0.234564,0.779371
2,0.141868,-0.220629,1.23456
0,-9.79237e-14,2.40615,3.40615
1,-0.130262,0.250535,0.764191
2,0.130262,-0.235809,1.25054
0,-9.84079e-14,2.4152,3.4152
1,-0.118216,0.265725,0.749872
2,0.118216,-0.250128,1.26572
0,-9.88874e-14,2.42417,3.42417
1,-0.105818,0.280185,0.736363
2,0.105818,-0.263637,1.28019
0,-9.93622e-14,2.43307,3.43307
1,-0.0931399,0.293965,0.723614
2,0.0931399,-0.276386,1.29396
0,-9.98321e-14,2.44188,3.44188
1,-0.0802411,0.307106,0.711581
2,0.0802411,-0.288419,1.30711
0,-1.00297e-13,2.45062,3.45062
1,-0.067171,0.319651,0.700223
2,0.067171,-0.299777,1.31965
0,-1.00758e-13,2.45928,3.45928
1,-0.0539712,0.331634,0.689503
2,0.0539712,-0.310497,1.33163
0,-1.01214e-13,2.46786,3.46786
1,-0.0406765,0.34309,0.679388
2,0.0406765,-0.320612,1.34309
0,-1.01665e-13,2.47637,3.47637
1,-0.0273164,0.354048,0.669847
2,0.0273164,-0.330153,1.35405
0,-1.02112e-13,2.4848,3.4848
1,-0.013916,0.364536,0.66085
2,0.013916,-0.33915,1.36454
0,-1.02554e-13,2.49316,3.49316
1,-0.000496858,0.37458,0.652373
2,0.000496858,-0.347627,1.37458
0,-1.02992e-13,2.50144,3.50144
1,0.0129227,0.384203,0.644391
2,-0.0129227,-0.355609,1.3842
0,-1.03425e-13,2.50965,3.50965
1,0.0263269,0.393426,0.636883
2,-0.0263269,-0.363117,1.39343
0,-1.03853e-13,2.51779,3.51779
1,0.0397018,0.402269,0.629828
2,-0.0397018,-0.370172,1.40227
0,-1.04277e-13,2.52585,3.52585
1,0.0530356,0.41075,0.623208
2,-0.0530356,-0.376792,1.41075
0,-1.04697e-13,2.53384,3.53384
1,0.0663178,0.418886,0.617005
2,-0.0663178,-0.382995,1.41889
0,-1.05112e-13,2.54176,3.54176
1,0.0795395,0.426693,0.611203
2,-0.0795395,-0.388797,1.42669
0,-1.05522e-13,2.54961,3.54961
1,0.0926925,0.434184,0.605788
2,-0.0926925,-0.394212,1.43418
0,-1.05929e-13,2.55738,3.55738
1,0.10577,0.441373,0.600746
2,-0.10577,-0.399254,1.44137
0,-1.0633e-13,2.56509,3.56509
1,0.118765,0.448272,0.596063
2,-0.118765,-0.403937,1.44827
0,-1.06728e-13,2.57273,3.57273
1,0.131673,0.454894,0.591729
2,-0.131673,-0.408271,1.45489
0,-1.07121e-13,2.58029,3.58029
1,0.144489,0.461248,0.587731
2,-0.144489,-0.412269,1.46125
0,-1.0751e-13,2.58779,3.58779
1,0.157209,0.467346,0.584059
2,-0.157209,-0.415941,1.46735
0,-1.07895e-13,2.59522,3.59522
1,0.169828,0.473196,0.580703
2,-0.169828,-0.419297,1.4732
0,-1.08275e-13,2.60258,3.60258
1,0.182343,0.478807,0.577654
2,-0.182343,-0.422346,1.47881
0,-1.08651e-13,2.60987,3.60987
1,0.194751,0.484188,0.574903
2,-0.194751,-0.425097,1.48419
0,-1.09023e-13,2.6171,3.6171
1,0.207049,0.489346,0.572442
2,-0.207049,-0.427558,1.48935
0,-1.09391e-13,2.62426,3.62426
1,0.219234,0.494289,0.570263
2,-0.219234,-0.429737,1.49429
0,-1.09754e-13,2.63135,3.63135
1,0.231305,0.499024,0.568359
2,-0.231305,-0.431641,1.49902
0,-1.10113e-13,2.63838,3.63838
1,0.243259,0.503557,0.566723
2,-0.243259,-0.433277,1.50356
0,-1.10468e-13,2.64534,3.64534
1,0.255095,0.507895,0.565348
2,-0.255095,-0.434652,1.5079
0,-1.10819e-13,2.65223,3.65223
1,0.26681,0.512044,0.564228
2,-0.26681,-0.435772,1.51204
0,-1.11166e-13,2.65906,3.65906
1,0.278402,0.516008,0.563358
2,-0.278402,-0.436642,1.51601
0,-1.11509e-13,2.66582,3.66582
1,0.289872,0.519794,0.562731
2,-0.289872,-0.437269,1.51979
0,-1.11847e-13,2.67252,3.67252
1,0.301216,0.523406,0.562343
2,-0.301216,-0.437657,1.52341
0,-1.12182e-13,2.67916,3.67916
1,0.312435,0.526849,0.562188
2,-0.312435,-0.437812,1.52685
0,-1.12512e-13,2.68573,3.68573
1,0.323526,0.530127,0.562261
2,-0.323526,-0.437739,1.53013
0,-1.12839e-13,2.69223,3.69223
1,0.334488,0.533246,0.562558
2,-0.334488,-0.437442,1.53325
0,-1.13161e-13,2.69868,3.69868
1,0.345321,0.536208,0.563075
2,-0.345321,-0.436925,1.53621
0,-1.13479e-13,2.70506,3.70506
1,0.356024,0.539018,0.563807
2,-0.356024,-0.436193,1.53902
0,-1.13794e-13,2.71137,3.71137
1,0.366595,0.54168,0.56475
2,-0.366595,-0.43525,1.54168
0,-1.14104e-13,2.71763,3.71763
1,0.377034,0.544197,0.565901
2,-0.377034,-0.434099,1.5442
0,-1.14411e-13,2.72382,3.72382
1,0.387339,0.546572,0.567256
2,-0.387339,-0.432744,1.54657
0,-1.14713e-13,2.72995,3.72995
1,0.397511,0.548809,0.568811
2,-0.397511,-0.431189,1.54881
0,-1.15012e-13,2.73602,3.73602
1,0.407548,0.550912,0.570563
2,-0.407548,-0.429437,1.55091
0,-1.15306e-13,2.74202,3.74202
1,0.417449,0.552882,0.572509
2,-0.417449,-0.427491,1.55288
0,-1.15597e-13,2.74797,3.74797
1,0.427214,0.554722,0.574645
2,-0.427214,-0.425355,1.55472
0,-1.15884e-13,2.75385,3.75385
1,0.436842,0.556437,0.57697
2,-0.436842,-0.42303,1.55644
0,-1.16167e-13,2.75967,3.75967
1,0.446333,0.558027,0.579479
2,-0.446333,-0.420521,1.55803
0,-1.16446e-13,2.76544,3.76544
1,0.455684,0.559496,0.58217
2,-0.455684,-0.41783,1.5595
0,-1.16721e-13,2.77114,3.77114
1,0.464897,0.560846,0.585041
2,-0.464897,-0.414959,1.56085
0,-1.16992e-13,2.77678,3.77678
1,0.473969,0.56208,0.588089
2,-0.473969,-0.411911,1.56208
0,-1.1726e-13,2.78236,3.78236
1,0.482901,0.563199,0.591312
2,-0.482901,-0.408688,1.5632
0,-1.17523e-13,2.78788,3.78788
1,0.491691,0.564206,0.594707
2,-0.491691,-0.405293,1.56421
0,-1.17783e-13,2.79334,3.79334
1,0.500339,0.565103,0.598271
2,-0.500339,-0.401729,1.5651
0,-1.18039e-13,2.79874,3.79874
1,0.508845,0.565891,0.602004
2,-0.508845,-0.397996,1.56589
0,-1.18291e-13,2.80408,3.80408
1,0.517207,0.566574,0.605902
2,-0.517207,-0.394098,1.56657
0,-1.18539e-13,2.80936,3.80936
1,0.525424,0.567152,0.609965
2,-0.525424,-0.390035,1.56715
0,-1.18784e-13,2.81458,3.81458
1,0.533496,0.567628,0.614188
2,-0.533496,-0.385812,1.56763
0,-1.19025e-13,2.81974,3.81974
1,0.541423,0.568003,0.618572
2,-0.541423,-0.381428,1.568
0,-1.19262e-13,2.82485,3.82485
1,0.549202,0.568279,0.623114
2,-0.549202,-0.376886,1.56828
0,-1.19495e-13,2.82989,3.82989
1,0.556834,0.568457,0.627812
2,-0.556834,-0.372188,1.56846
0,-1.19725e-13,2.83488,3.83488
1,0.564318,0.568539,0.632665
2,-0.564318,-0.367335,1.56854
0,-1.1995e-13,2.83981,3.83981
1,0.571652,0.568527,0.637671
2,-0.571652,-0.362329,1.56853
0,-1.20172e-13,2.84468,3.84468
1,0.578837,0.568422,0.642828
2,-0.578837,-0.357172,1.56842
0,-1.20391e-13,2.84949,3.84949
1,0.58587,0.568226,0.648135
2,-0.58587,-0.351865,1.56823
0,-1.20605e-13,2.85424,3.85424
1,0.592751,0.56794,0.65359
2,-0.592751,-0.34641,1.56794
0,-1.20816e-13,2.85893,3.85893
1,0.59948,0.567564,0.659193
2,-0.59948,-0.340807,1.56756
0,-1.21023e-13,2.86357,3.86357
1,0.606054,0.567101,0.664941
2,-0.606054,-0.335059,1.5671
0,-1.21227e-13,2.86815,3.86815
1,0.612474,0.566552,0.670833
2,-0.612474,-0.329167,1.56655
0,-1.21426e-13,2.87267,3.87267
1,0.618738,0.565918,0.676868
2,-0.618738,-0.323132,1.56592
0,-1.21623e-13,2.87713,3.87713
1,0.624845,0.5652,0.683044
2,-0.624845,-0.316956,1.5652
0,-1.21815e-13,2.88154,3.88154
1,0.630794,0.5644,0.689361
2,-0.630794,-0.310639,1.5644
0,-1.22004e-13,2.88588,3.88588
1,0.636583,0.563518,0.695818
2,-0.636583,-0.304182,1.56352
0,-1.22189e-13,2.89017,3.89017
1,0.642212,0.562555,0.702412
2,-0.642212,-0.297588,1.56256
0,-1.2237e-13,2.8944,3.8944
1,0.64768,0.561513,0.709143
2,-0.64768,-0.290857,1.56151
0,-1.22547e-13,2.89858,3.89858
1,0.652985,0.560393,0.71601
2,-0.652985,-0.28399,1.56039
0,-1.22721e-13,2.90269,3.90269
1,0.658125,0.559195,0.723012
2,-0.658125,-0.276988,1.55919
0,-1.22892e-13,2.90675,3.90675
1,0.663101,0.557921,0.730147
2,-0.663101,-0.269853,1.55792
0,-1.23058e-13,2.91076,3.91076
1,0.667909,0.556571,0.737416
2,-0.667909,-0.262584,1.55657
0,-1.23221e-13,2.9147,3.9147
1,0.672549,0.555147,0.744816
2,-0.672549,-0.255184,1.55515
0,-1.23381e-13,2.91859,3.91859
1,0.67702,0.55365,0.752346
2,-0.67702,-0.247654,1.55365
0,-1.23536e-13,2.92242,3.92242
1,0.681319,0.55208,0.760007
2,-0.681319,-0.239993,1.55208
0,-1.23688e-13,2.92619,3.92619
1,0.685445,0.550438,0.767797
2,-0.685445,-0.232203,1.55044
0,-1.23837e-13,2.92991,3.92991
1,0.689398,0.548725,0.775715
2,-0.689398,-0.224285,1.54872
0,-1.23982e-13,2.93356,3.93356
1,0.693174,0.546942,0.78376
2,-0.693174,-0.21624,1.54694
0,-1.24123e-13,2.93717,3.93717
1,0.696772,0.54509,0.791931
2,-0.696772,-0.208069,1.54509
0,-1.2426e-13,2.94071,3.94071
1,0.70019,0.543169,0.800228
2,-0.70019,-0.199772,1.54317
0,-1.24394e-13,2.9442,3.9442
1,0.703428,0.541181,0.80865
2,-0.703428,-0.19135,1.54118
0,-1.24524e-13,2.94763,3.94763
1,0.706482,0.539126,0.817196
2,-0.706482,-0.182804,1.53913
0,-1.24651e-13,2.951,3.951
1,0.70935,0.537005,0.825865
2,-0.70935,-0.174135,1.537
0,-1.24774e-13,2.95431,3.95431
1,0.712031,0.534818,0.834657
2,-0.712031,-0.165343,1.53482
0,-1.24893e-13,2.95757,3.95757
1,0.714523,0.532567,0.84357
2,-0.714523,-0.15643,1.53257
0,-1.25009e-13,2.96077,3.96077
1,0.716823,0.530253,0.852604
2,-0.716823,-0.147396,1.53025
0,-1.25121e-13,2.96391,3.96391
1,0.718928,0.527875,0.861759
2,-0.718928,-0.138241,1.52787
0,-1.25229e-13,2.967,3.967
1,0.720838,0.525435,0.871033
2,-0.720838,-0.128967,1.52543
0,-1.25334e-13,2.97003,3.97003
1,0.722549,0.522933,0.880426
2,-0.722549,-0.119574,1.52293
0,-1.25435e-13,2.973,3.973
1,0.724058,0.520371,0.889937
2,-0.724058,-0.110063,1.52037
0,-1.25532e-13,2.97591,3.97591
1,0.725363,0.517748,0.899566
2,-0.725363,-0.100434,1.51775
0,-1.25626e-13,2.97877,3.97877
1,0.726461,0.515067,0.909312
2,-0.726461,-0.0906882,1.51507
0,-1.25716e-13,2.98157,3.98157
1,0.72735,0.512326,0.919174
2,-0.72735,-0.0808264,1.51233
0,-1.25803e-13,2.98431,3.98431
1,0.728026,0.509528,0.929151
2,-0.728026,-0.0708492,1.50953
0,-1.25885e-13,2.98699,3.98699
1,0.728486,0.506673,0.939243
2,-0.728486,-0.0607573,1.50667
0,-1.25965e-13,2.98962,3.98962
1,0.728727,0.503761,0.949449
2,-0.728727,-0.0505513,1.50376
0,-1.2604e-13,2.99218,3.99218
1,0.728747,0.500794,0.959768
2,-0.728747,-0.0402318,1.50079
0,-1.26112e-13,2.99469,3.99469
1,0.72854,0.497772,0.9702
2,-0.72854,-0.0297997,1.49777
0,-1.2618e-13,2.99714,3.99714
1,0.728104,0.494696,0.980744
2,-0.728104,-0.0192556,1.4947
0,-1.26244e-13,2.99954,3.99954
1,0.727435,0.491567,0.9914
2,-0.727435,-0.00860031,1.49157
0,-1.26305e-13,3.00187,4.00187
1,0.726529,0.488385,1.00217
2,-0.726529,0.00216555,1.48839
0,-1.26362e-13,3.00415,4.00415
1,0.725382,0.485152,1.01304
2,-0.725382,0.0130412,1.48515
0,-1.26415e-13,3.00637,4.00637
1,0.723989,0.481869,1.02403
2,-0.723989,0.0240258,1.48187
0,-1.26465e-13,3.00853,4.00853
1,0.722346,0.478536,1.03512
2,-0.722346,0.0351186,1.47854
0,-1.26511e-13,3.01063,4.01063
1,0.720449,0.475154,1.04632
2,-0.720449,0.0463187,1.47515
0,-1.26553e-13,3.01267,4.01267
1,0.718293,0.471724,1.05763
2,-0.718293,0.0576254,1.47172
0,-1.26591e-13,3.01465,4.01465
1,0.715872,0.468247,1.06904
2,-0.715872,0.0690377,1.46825
0,-1.26626e-13,3.01658,4.01658
1,0.713181,0.464725,1.08055
2,-0.713181,0.0805546,1.46473
0,-1.26657e-13,3.01844,4.01844
1,0.710215,0.461159,1.09218
2,-0.710215,0.0921752,1.46116
0,-1.26684e-13,3.02025,4.02025
1,0.706967,0.457548,1.1039
2,-0.706967,0.103898,1.45755
0,-1.26707e-13,3.02199,4.02199
1,0.703433,0.453896,1.11572
2,-0.703433,0.115723,1.4539
0,-1.26726e-13,3.02368,4.02368
1,0.699604,0.450203,1.12765
2,-0.699604,0.127648,1.4502
0,-1.26742e-13,3.0253,4.0253
1,0.695475,0.446471,1.13967
2,-0.695475,0.139672,1.44647
0,-1.26754e-13,3.02687,4.02687
1,0.691038,0.442701,1.15179
2,-0.691038,0.151794,1.4427
0,-1.26762e-13,3.02838,4.02838
1,0.686285,0.438895,1.16401
2,-0.686285,0.164012,1.43889
0,-1.26766e-13,3.02982,4.02982
1,0.68121,0.435054,1.17632
2,-0.68121,0.176325,1.43505
0,-1.26766e-13,3.03121,4.03121
1,0.675803,0.431181,1.18873
2,-0.675803,0.188731,1.43118
0,-1.26762e-13,3.03253,4.03253
1,0.670056,0.427277,1.20123
2,-0.670056,0.201228,1.42728
0,-1.26754e-13,3.0338,4.0338
1,0.66396,0.423344,1.21381
2,-0.66396,0.213814,1.42334
0,-1.26743e-13,3.035,4.035
1,0.657504,0.419386,1.22649
2,-0.657504,0.226488,1.41939
0,-1.26727e-13,3.03614,4.03614
1,0.650679,0.415404,1.23925
2,-0.650679,0.239246,1.4154
0,-1.26707e-13,3.03722,4.03722
1,0.643473,0.411401,1.25209
2,-0.643473,0.252086,1.4114
0,-1.26684e-13,3.03824,4.03824
1,0.635874,0.407381,1.26501
2,-0.635874,0.265005,1.40738
0,-1.26656e-13,3.03919,4.03919
1,0.627871,0.403346,1.278
2,-0.627871,0.278001,1.40335
0,-1.26624e-13,3.04009,4.04009
1,0.619449,0.399301,1.29107
2,-0.619449,0.291069,1.3993
0,-1.26589e-13,3.04092,4.04092
1,0.610595,0.39525,1.30421
2,-0.610595,0.304206,1.39525
0,-1.26549e-13,3.04169,4.04169
1,0.601295,0.391196,1.31741
2,-0.601295,0.317407,1.3912
0,-1.26505e-13,3.04239,4.04239
1,0.59153,0.387146,1.33067
2,-0.59153,0.330668,1.38715
0,-1.26457e-13,3.04304,4.04304
1,0.581286,0.383105,1.34398
2,-0.581286,0.343983,1.3831
0,-1.26405e-13,3.04362,4.04362
1,0.570542,0.379078,1.35735
2,-0.570542,0.357346,1.37908
0,-1.26348e-13,3.04413,4.04413
1,0.55928,0.375074,1.37075
2,-0.55928,0.370751,1.37507
0,-1.26288e-13,3.04458,4.04458
1,0.547478,0.3711,1.38419
2,-0.547478,0.384189,1.3711
0,-1.26223e-13,3.04497,4.04497
1,0.535113,0.367165,1.39765
2,-0.535113,0.397652,1.36717
0,-1.26154e-13,3.04529,4.04529
1,0.522161,0.36328,1.41113
2,-0.522161,0.411131,1.36328
0,-1.2608e-13,3.04555,4.04555
1,0.508594,0.359455,1.42461
2,-0.508594,0.424613,1.35945
0,-1.26002e-13,3.04574,4.04574
1,0.494384,0.355704,1.43809
2,-0.494384,0.438086,1.3557
0,-1.2592e-13,3.04587,4.04587
1,0.479499,0.352042,1.45153
2,-0.479499,0.451534,1.35204
0,-1.25834e-13,3.04593,4.04593
1,0.463906,0.348488,1.46494
2,-0.463906,0.464942,1.34849
0,-1.25743e-13,3.04592,4.04592
1,0.447568,0.34506,1.47829
2,-0.447568,0.478288,1.34506
0,-1.25647e-13,3.04585,4.04585
1,0.430444,0.341784,1.49155
2,-0.430444,0.491549,1.34178
0,-1.25547e-13,3.04571,4.04571
1,0.41249,0.338685,1.5047
2,-0.41249,0.504699,1.33869
0,-1.25442e-13,3.04551,4.04551
1,0.393659,0.335798,1.5177
2,-0.393659,0.517704,1.3358
0,-1.25333e-13,3.04523,4.04523
1,0.3739,0.333159,1.53053
2,-0.3739,0.530526,1.33316
0,-1.25219e-13,3.04489,4.04489
1,0.353154,0.330816,1.54312
2,-0.353154,0.543121,1.33082
0,-1.25101e-13,3.04448,4.04448
1,0.331363,0.328823,1.55543
2,-0.331363,0.555433,1.32882
0,-1.24977e-13,3.04401,4.04401
1,0.30846,0.327247,1.5674
2,-0.30846,0.567397,1.32725
0,-1.24849e-13,3.04346,4.04346
1,0.284376,0.326167,1.57893
2,-0.284376,0.578932,1.32617
0,-1.24716e-13,3.04284,4.04284
1,0.259039,0.325681,1.58994
2,-0.259039,0.589941,1.32568
0,-1.24579e-13,3.04216,4.04216
1,0.232376,0.325912,1.6003
2,-0.232376,0.600302,1.32591
0,-1.24436e-13,3.0414,4.0414
1,0.204317,0.327007,1.60987
2,-0.204317,0.609867,1.32701
0,-1.24288e-13,3.04057,4.04057
1,0.174803,0.329153,1.61845
2,-0.174803,0.618451,1.32915
0,-1.24135e-13,3.03967,4.03967
1,0.1438,0.332578,1.62582
2,-0.1438,0.625823,1.33258
0,-1.23978e-13,3.0387,4.0387
1,0.111316,0.337568,1.6317
2,-0.111316,0.631699,1.33757
0,-1.23815e-13,3.03766,4.03766
1,0.0774368,0.344469,1.63573
2,-0.0774368,0.635733,1.34447
0,-1.23647e-13,3.03655,4.03655
1,0.0423727,0.353691,1.63751
2,-0.0423727,0.637515,1.35369
0,-1.23473e-13,3.03536,4.03536
1,0.00652844,0.365689,1.63659
2,-0.00652844,0.636586,1.36569
0,-1.23295e-13,3.0341,4.0341
1,-0.0294219,0.380921,1.63249
2,0.0294219,0.632492,1.38092
0,-1.23111e-13,3.03277,4.03277
1,-0.064484,0.399739,1.62488
2,0.064484,0.624877,1.39974
0,-1.22921e-13,3.03136,4.03136
1,-0.0973853,0.422252,1.61363
2,0.0973853,0.61363,1.42225
0,-1.22727e-13,3.02988,4.02988
1,-0.126771,0.448193,1.59902
2,0.126771,0.599021,1.44819
0,-1.22527e-13,3.02832,4.02832
1,-0.151523,0.476891,1.58172
2,0.151523,0.581719,1.47689
0,-1.22321e-13,3.02669,4.02669
1,-0.171036,0.507423,1.56265
2,0.171036,0.562648,1.50742
0,-1.2211e-13,3.02498,4.02498
1,-0.185285,0.538837,1.54276
2,0.185285,0.542763,1.53884
0,-1.21894e-13,3.0232,4.0232
1,-0.194683,0.57034,1.52286
2,0.194683,0.522857,1.57034
0,-1.21672e-13,3.02134,4.02134
1,-0.199865,0.601368,1.5035
2,0.199865,0.503497,1.60137
0,-1.21444e-13,3.0194,4.0194
1,-0.201512,0.63157,1.48503
2,0.201512,0.485034,1.63157
0,-1.21211e-13,3.01738,4.01738
1,-0.200259,0.660757,1.46766
2,0.200259,0.467659,1.66076
0,-1.20972e-13,3.01529,4.01529
1,-0.196649,0.688847,1.45146
2,0.196649,0.451455,1.68885
0,-1.20728e-13,3.01312,4.01312
1,-0.191131,0.715825,1.43644
2,0.191131,0.436439,1.71583
0,-1.20478e-13,3.01087,4.01087
1,-0.184071,0.741714,1.42259
2,0.184071,0.422588,1.74171
0,-1.20222e-13,3.00854,4.00854
1,-0.17576,0.766559,1.40986
2,0.17576,0.409859,1.76656
0,-1.1996e-13,3.00613,4.00613
1,-0.166435,0.790413,1.3982
2,0.166435,0.398198,1.79041
0,-1.19693e-13,3.00364,4.00364
1,-0.156284,0.813334,1.38755
2,0.156284,0.387549,1.81333
0,-1.1942e-13,3.00107,4.00107
1,-0.145462,0.835378,1.37786
2,0.145462,0.377855,1.83538
0,-1.1914e-13,2.99842,3.99842
1,-0.134092,0.856602,1.36906
2,0.134092,0.369062,1.8566
0,-1.18855e-13,2.99569,3.99569
1,-0.122278,0.877057,1.36112
2,0.122278,0.361118,1.87706
0,-1.18564e-13,2.99288,3.99288
1,-0.110103,0.896791,1.35398
2,0.110103,0.353976,1.89679
0,-1.18267e-13,2.98998,3.98998
1,-0.0976374,0.915849,1.34759
2,0.0976374,0.347592,1.91585
0,-1.17964e-13,2.987,3.987
1,-0.0849398,0.934271,1.34193
2,0.0849398,0.341926,1.93427
0,-1.17654e-13,2.98394,3.98394
1,-0.0720592,0.952096,1.33694
2,0.0720592,0.33694,1.9521
0,-1.17339e-13,2.9808,3.9808
1,-0.0590372,0.969357,1.3326
2,0.0590372,0.332601,1.96936
0,-1.17017e-13,2.97756,3.97756
1,-0.0459091,0.986086,1.32888
2,0.0459091,0.328878,1.98609
0,-1.16688e-13,2.97425,3.97425
1,-0.0327051,1.00231,1.32574
2,0.0327051,0.325742,2.00231
0,-1.16354e-13,2.97085,3.97085
1,-0.0194513,1.01806,1.32317
2,0.0194513,0.323167,2.01806
0,-1.16013e-13,2.96736,3.96736
1,-0.00617001,1.03336,1.32113
2,0.00617001,0.321129,2.03336
0,-1.15665e-13,2.96378,3.96378
1,0.00711918,1.04823,1.31961
2,-0.00711918,0.319607,2.04823
0,-1.15311e-13,2.96012,3.96012
1,0.0203993,1.06269,1.31858
2,-0.0203993,0.31858,2.06269
0,-1.1495e-13,2.95637,3.95637
1,0.0336555,1.07677,1.31803
2,-0.0336555,0.31803,2.07677
0,-1.14583e-13,2.95253,3.95253
1,0.0468746,1.09047,1.31794
2,-0.0468746,0.317939,2.09047
0,-1.14208e-13,2.94861,3.94861
1,0.0600451,1.10381,1.31829
2,-0.0600451,0.318292,2.10381
0,-1.13827e-13,2.94459,3.94459
1,0.0731567,1.11682,1.31907
2,-0.0731567,0.319073,2.11682
0,-1.13439e-13,2.94048,3.94048
1,0.0862002,1.12951,1.32027
2,-0.0862002,0.32027,2.12951
0,-1.13044e-13,2.93628,3.93628
1,0.0991676,1.14188,1.32187
2,-0.0991676,0.321869,2.14188
0,-1.12642e-13,2.93199,3.93199
1,0.112051,1.15395,1.32386
2,-0.112051,0.323859,2.15395
0,-1.12233e-13,2.9276,3.9276
1,0.124845,1.16574,1.32623
2,-0.124845,0.326228,2.16574
0,-1.11817e-13,2.92312,3.92312
1,0.137542,1.17725,1.32897
2,-0.137542,0.328967,2.17725
0,-1.11394e-13,2.91855,3.91855
1,0.150138,1.18849,1.33207
2,-0.150138,0.332067,2.18849
0,-1.10963e-13,2.91388,3.91388
1,0.162627,1.19948,1.33552
2,-0.162627,0.335517,2.19948
0,-1.10524e-13,2.90912,3.90912
1,0.175005,1.21022,1.33931
2,-0.175005,0.339311,2.21022
0,-1.10078e-13,2.90425,3.90425
1,0.187267,1.22072,1.34344
2,-0.187267,0.343439,2.22072
0,-1.09625e-13,2.8993,3.8993
1,0.19941,1.23099,1.3479
2,-0.19941,0.347896,2.23099
0,-1.09164e-13,2.89424,3.89424
1,0.21143,1.24104,1.35267
2,-0.21143,0.352674,2.24104
0,-1.08695e-13,2.88908,3.88908
1,0.223324,1.25087,1.35777
2,-0.223324,0.357767,2.25087
0,-1.08218e-13,2.88382,3.88382
1,0.235088,1.2605,1.36317
2,-0.235088,0.363169,2.2605
0,-1.07733e-13,2.87846,3.87846
1,0.24672,1.26992,1.36887
2,-0.24672,0.368874,2.26992
0,-1.07241e-13,2.873,3.873
1,0.258216,1.27915,1.37488
2,-0.258216,0.374878,2.27915
0,-1.0674e-13,2.86743,3.86743
1,0.269574,1.28818,1.38117
2,-0.269574,0.381175,2.28818
0,-1.0623e-13,2.86176,3.86176
1,0.280792,1.29704,1.38776
2,-0.280792,0.387761,2.29704
0,-1.05713e-13,2.85598,3.85598
1,0.291866,1.30571,1.39463
2,-0.291866,0.394631,2.30571
0,-1.05187e-13,2.8501,3.8501
1,0.302795,1.31421,1.40178
2,-0.302795,0.401782,2.31421
0,-1.04652e-13,2.8441,3.8441
1,0.313575,1.32254,1.40921
2,-0.313575,0.409209,2.32254
0,-1.04109e-13,2.838,3.838
1,0.324206,1.33071,1.41691
2,-0.324206,0.41691,2.33071
0,-1.03557e-13,2.83179,3.83179
1,0.334684,1.33872,1.42488
2,-0.334684,0.424881,2.33872
0,-1.02997e-13,2.82546,3.82546
1,0.345008,1.34657,1.43312
2,-0.345008,0.433118,2.34657
0,-1.02427e-13,2.81902,3.81902
1,0.355174,1.35428,1.44162
2,-0.355174,0.44162,2.35428
0,-1.01848e-13,2.81247,3.81247
1,0.365182,1.36183,1.45038
2,-0.365182,0.450384,2.36183
0,-1.0126e-13,2.8058,3.8058
1,0.375029,1.36925,1.45941
2,-0.375029,0.459406,2.36925
0,-1.00662e-13,2.79901,3.79901
1,0.384712,1.37652,1.46869
2,-0.384712,0.468686,2.37652
0,-1.00055e-13,2.7921,3.7921
1,0.394229,1.38366,1.47822
2,-0.394229,0.47822,2.38366
0,-9.94379e-14,2.78507,3.78507
1,0.403579,1.39067,1.48801
2,-0.403579,0.488007,2.39067
0,-9.88113e-14,2.77792,3.77792
1,0.412759,1.39755,1.49805
2,-0.412759,0.498045,2.39755
0,-9.81747e-14,2.77064,3.77064
1,0.421767,1.4043,1.50833
2,-0.421767,0.508333,2.4043
0,-9.75281e-14,2.76324,3.76324
1,0.430601,1.41093,1.51887
2,-0.430601,0.518869,2.41093
0,-9.68712e-14,2.75571,3.75571
1,0.439258,1.41744,1.52965
2,-0.439258,0.529652,2.41744
0,-9.62039e-14,2.74805,3.74805
1,0.447735,1.42384,1.54068
2,-0.447735,0.540681,2.42384
0,-9.5526e-14,2.74026,3.74026
1,0.456032,1.43012,1.55196
2,-0.456032,0.551955,2.43012
0,-9.48374e-14,2.73233,3.73233
1,0.464144,1.4363,1.56347
2,-0.464144,0.563473,2.4363
0,-9.4138e-14,2.72426,3.72426
1,0.47207,1.44236,1.57523
2,-0.47207,0.575234,2.44236
0,-9.34274e-14,2.71606,3.71606
1,0.479806,1.44832,1.58724
2,-0.479806,0.587238,2.44832
0,-9.27057e-14,2.70772,3.70772
1,0.487351,1.45418,1.59948
2,-0.487351,0.599485,2.45418
0,-9.19724e-14,2.69923,3.69923
1,0.494701,1.45995,1.61197
2,-0.494701,0.611973,2.45995
0,-9.12276e-14,2.6906,3.6906
1,0.501853,1.46561,1.6247
2,-0.501853,0.624704,2.46561
0,-9.04709e-14,2.68182,3.68182
1,0.508805,1.47118,1.63768
2,-0.508805,0.637677,2.47118
0,-8.97022e-14,2.67289,3.67289
1,0.515554,1.47666,1.65089
2,-0.515554,0.650893,2.47666
0,-8.89212e-14,2.6638,3.6638
1,0.522095,1.48205,1.66435
2,-0.522095,0.66435,2.48205
0,-8.81278e-14,2.65455,3.65455
1,0.528427,1.48736,1.67805
2,-0.528427,0.678051,2.48736
0,-8.73216e-14,2.64515,3.64515
1,0.534545,1.49258,1.692
2,-0.534545,0.691996,2.49258
0,-8.65025e-14,2.63558,3.63558
1,0.540445,1.49772,1.70618
2,-0.540445,0.706185,2.49772
0,-8.56702e-14,2.62584,3.62584
1,0.546125,1.50279,1.72062
2,-0.546125,0.720619,2.50279
0,-8.48243e-14,2.61594,3.61594
1,0.551579,1.50778,1.7353
2,-0.551579,0.7353,2.50778
0,-8.39648e-14,2.60585,3.60585
1,0.556805,1.51269,1.75023
2,-0.556805,0.750228,2.51269
0,-8.30911e-14,2.59559,3.59559
1,0.561797,1.51754,1.76541
2,-0.561797,0.765405,2.51754
0,-8.22031e-14,2.58515,3.58515
1,0.566551,1.52231,1.78083
2,-0.566551,0.780833,2.52231
0,-8.13005e-14,2.57452,3.57452
1,0.571063,1.52702,1.79651
2,-0.571063,0.796513,2.52702
0,-8.03828e-14,2.5637,3.5637
1,0.575327,1.53167,1.81245
2,-0.575327,0.812447,2.53167
0,-7.94498e-14,2.55268,3.55268
1,0.579338,1.53626,1.82864
2,-0.579338,0.828638,2.53626
0,-7.85011e-14,2.54145,3.54145
1,0.583091,1.5408,1.84509
2,-0.583091,0.845087,2.5408
0,-7.75363e-14,2.53002,3.53002
1,0.586579,1.54528,1.8618
2,-0.586579,0.861797,2.54528
0,-7.6555e-14,2.51838,3.51838
1,0.589798,1.54971,1.87877
2,-0.589798,0.878771,2.54971
0,-7.55568e-14,2.50652,3.50652
1,0.59274,1.55409,1.89601
2,-0.59274,0.896012,2.55409
0,-7.45412e-14,2.49443,3.49443
1,0.595398,1.55842,1.91352
2,-0.595398,0.913524,2.55842
0,-7.35079e-14,2.48211,3.48211
1,0.597766,1.56272,1.93131
2,-0.597766,0.931309,2.56272
0,-7.24564e-14,2.46955,3.46955
1,0.599835,1.56698,1.94937
2,-0.599835,0.949372,2.56698
0,-7.13861e-14,2.45673,3.45673
1,0.601598,1.57121,1.96772
2,-0.601598,0.967716,2.57121
0,-7.02967e-14,2.44367,3.44367
1,0.603045,1.5754,1.98635
2,-0.603045,0.986347,2.5754
0,-6.91875e-14,2.43033,3.43033
1,0.604168,1.57957,2.00527
2,-0.604168,1.00527,2.57957
0,-6.80582e-14,2.41672,3.41672
1,0.604956,1.58372,2.02449
2,-0.604956,1.02449,2.58372
0,-6.69082e-14,2.40283,3.40283
1,0.605399,1.58785,2.04401
2,-0.605399,1.04401,2.58785
0,-6.57369e-14,2.38864,3.38864
1,0.605485,1.59197,2.06384
2,-0.605485,1.06384,2.59197
0,-6.45438e-14,2.37413,3.37413
1,0.605202,1.59609,2.08398
2,-0.605202,1.08398,2.59609
0,-6.33283e-14,2.35931,3.35931
1,0.604537,1.6002,2.10445
2,-0.604537,1.10445,2.6002
0,-6.20898e-14,2.34415,3.34415
1,0.603475,1.60432,2.12525
2,-0.603475,1.12525,2.60432
0,-6.08277e-14,2.32864,3.32864
1,0.602001,1.60845,2.14639
2,-0.602001,1.14639,2.60845
0,-5.95415e-14,2.31275,3.31275
1,0.600097,1.61261,2.16787
2,-0.600097,1.16787,2.61261
0,-5.82306e-14,2.29649,3.29649
1,0.597745,1.61679,2.18972
2,-0.597745,1.18972,2.61679
0,-5.68945e-14,2.27981,3.27981
1,0.594925,1.621,2.21193
2,-0.594925,1.21193,2.621
0,-5.55325e-14,2.2627,3.2627
1,0.591613,1.62526,2.23453
2,-0.591613,1.23453,2.62526
0,-5.41444e-14,2.24514,3.24514
1,0.587785,1.62958,2.25753
2,-0.587785,1.25753,2.62958
0,-5.27296e-14,2.2271,3.2271
1,0.583413,1.63397,2.28094
2,-0.583413,1.28094,2.63397
0,-5.12879e-14,2.20854,3.20854
1,0.578464,1.63844,2.30478
2,-0.578464,1.30478,2.63844
0,-4.9819e-14,2.18943,3.18943
1,0.572904,1.64301,2.32907
2,-0.572904,1.32907,2.64301
0,-4.83232e-14,2.16974,3.16974
1,0.566693,1.6477,2.35384
2,-0.566693,1.35384,2.6477
0,-4.68014e-14,2.14942,3.14942
1,0.559784,1.65252,2.3791
2,-0.559784,1.3791,2.65252
0,-4.52556e-14,2.12841,3.12841
1,0.552123,1.6575,2.40488
2,-0.552123,1.40488,2.6575
0,-4.36887e-14,2.10666,3.10666
1,0.543648,1.66266,2.43121
2,-0.543648,1.43121,2.66266
0,-4.2106e-14,2.08411,3.08411
1,0.534284,1.66803,2.45814
2,-0.534284,1.45814,2.66803
0,-4.05159e-14,2.06067,3.06067
1,0.523942,1.67366,2.48571
2,-0.523942,1.48571,2.67366
0,-3.89298e-14,2.03625,3.03625
1,0.512511,1.67959,2.51396
2,-0.512511,1.51396,2.67959
0,-3.73664e-14,2.01075,3.01075
1,0.499856,1.68586,2.54294
2,-0.499856,1.54294,2.68586
0,-3.58559e-14,1.98403,2.98403
1,0.485803,1.69254,2.57273
2,-0.485803,1.57273,2.69254
0,-3.44502e-14,1.95595,2.95595
1,0.470124,1.6997,2.6034
2,-0.470124,1.6034,2.6997
0,-3.32359e-14,1.92633,2.92633
1,0.452517,1.70743,2.63504
2,-0.452517,1.63504,2.70743
0,-3.23584e-14,1.89499,2.89499
1,0.432559,1.71585,2.66772
2,-0.432559,1.66772,2.71585
0,-3.208e-14,1.86174,2.86174
1,0.409654,1.72507,2.70151
2,-0.409654,1.70151,2.72507
0,-3.28817e-14,1.82652,2.82652
1,0.38294,1.73517,2.73639
2,-0.38294,1.73639,2.73517
0,-3.562e-14,1.78955,2.78955
1,0.351193,1.74618,2.77213
2,-0.351193,1.77213,2.74618
0,-4.15991e-14,1.75184,2.75184
1,0.312859,1.75784,2.80797
2,-0.312859,1.80797,2.75784
0,-5.19668e-14,1.71558,2.71558
1,0.266483,1.76946,2.84242
2,-0.266483,1.84242,2.76946
0,-6.61657e-14,1.68382,2.68382
1,0.211457,1.78008,2.8734
2,-0.211457,1.8734,2.78008
0,-8.14006e-14,1.65908,2.65908
1,0.148014,1.78911,2.89895
2,-0.148014,1.89895,2.78911
0,-9.43228e-14,1.64256,2.64256
1,0.0759719,1.79749,2.91691
2,-0.0759719,1.91691,2.79749
0,-1.02674e-13,1.63443,2.63443
1,-0.00500954,1.81047,2.92182
2,0.00500954,1.92182,2.81047
0,-1.05793e-13,1.63438,2.63438
1,-0.0826966,1.83609,2.90591
2,0.0826966,1.90591,2.83609
0,-1.04453e-13,1.64178,2.64178
1,-0.14497,1.866,2.8782
2,0.14497,1.8782,2.866
0,-1.00181e-13,1.65595,2.65595
1,-0.196717,1.89326,2.84637
2,0.196717,1.84637,2.89326
0,-9.47752e-14,1.67608,2.67608
1,-0.24135,1.91672,2.81235
2,0.24135,1.81235,2.91672
0,-9.01162e-14,1.70125,2.70125
1,-0.28013,1.9364,2.77705
2,0.28013,1.77705,2.9364
0,-8.79694e-14,1.73036,2.73036
1,-0.313587,1.95259,2.7413
2,0.313587,1.7413,2.95259
0,-8.96757e-14,1.76217,2.76217
1,-0.342101,1.96574,2.70585
2,0.342101,1.70585,2.96574
0,-9.59156e-14,1.79548,2.79548
1,-0.36612,1.97642,2.67136
2,0.36612,1.67136,2.97642
0,-1.06719e-13,1.82927,2.82927
1,-0.386193,1.98521,2.63826
2,0.386193,1.63826,2.98521
0,-1.21659e-13,1.86281,2.86281
1,-0.402904,1.9926,2.60679
2,0.402904,1.60679,2.9926
0,-1.40101e-13,1.89566,2.89566
1,-0.416798,1.99899,2.577
2,0.416798,1.577,2.99899
0,-1.614e-13,1.92757,2.92757
1,-0.428347,2.00466,2.54888
2,0.428347,1.54888,3.00466
0,-1.84984e-13,1.95842,2.95842
1,-0.437934,2.0098,2.52232
2,0.437934,1.52232,3.0098
0,-2.10378e-13,1.9882,2.9882
1,-0.445868,2.01456,2.49722
2,0.445868,1.49722,3.01456
0,-2.37203e-13,2.0169,3.0169
1,-0.45239,2.01904,2.47347
2,0.45239,1.47347,3.01904
0,-2.65156e-13,2.04458,3.04458
1,-0.457696,2.02329,2.45096
2,0.457696,1.45096,3.02329
0,-2.93996e-13,2.07129,3.07129
1,-0.461939,2.02736,2.42961
2,0.461939,1.42961,3.02736
0,-3.23536e-13,2.09707,3.09707
1,-0.465246,2.03129,2.40933
2,0.465246,1.40933,3.03129
0,-3.53625e-13,2.12197,3.12197
1,-0.467717,2.0351,2.39004
2,0.467717,1.39004,3.0351
0,-3.84139e-13,2.14605,3.14605
1,-0.469439,2.0388,2.37167
2,0.469439,1.37167,3.0388
0,-4.1498e-13,2.16935,3.16935
1,-0.47048,2.0424,2.35419
2,0.47048,1.35419,3.0424
0,-4.46066e-13,2.19192,3.19192
1,-0.470901,2.04592,2.33752
2,0.470901,1.33752,3.04592
0,-4.77328e-13,2.21379,3.21379
1,-0.470752,2.04936,2.32163
2,0.470752,1.32163,3.04936
0,-5.08713e-13,2.23499,3.23499
1,-0.470077,2.05272,2.30648
2,0.470077,1.30648,3.05272
0,-5.40171e-13,2.25557,3.25557
1,-0.468913,2.056,2.29203
2,0.468913,1.29203,3.056
0,-5.71665e-13,2.27555,3.27555
1,-0.467293,2.05922,2.27825
2,0.467293,1.27825,3.05922
0,-6.03159e-13,2.29495,3.29495
1,-0.465247,2.06237,2.26511
2,0.465247,1.26511,3.06237
0,-6.34623e-13,2.3138,3.3138
1,-0.4628,2.06544,2.2526
2,0.4628,1.2526,3.06544
0,-6.66031e-13,2.33213,3.33213
1,-0.459974,2.06845,2.24068
2,0.459974,1.24068,3.06845
0,-6.97362e-13,2.34994,3.34994
1,-0.456791,2.07139,2.22933
2,0.456791,1.22933,3.07139
0,-7.28594e-13,2.36727,3.36727
1,-0.453267,2.07426,2.21854
2,0.453267,1.21854,3.07426
0,-7.59711e-13,2.38413,3.38413
1,-0.449421,2.07706,2.2083
2,0.449421,1.2083,3.07706
0,-7.90695e-13,2.40053,3.40053
1,-0.445267,2.07979,2.19857
2,0.445267,1.19857,3.07979
0,-8.21532e-13,2.4165,3.4165
1,-0.440819,2.08245,2.18936
2,0.440819,1.18936,3.08245
0,-8.5221e-13,2.43203,3.43203
1,-0.436089,2.08503,2.18065
2,0.436089,1.18065,3.08503
0,-8.82715e-13,2.44715,3.44715
1,-0.431089,2.08755,2.17243
2,0.431089,1.17243,3.08755
0,-9.13037e-13,2.46186,3.46186
1,-0.425829,2.08999,2.16469
2,0.425829,1.16469,3.08999
0,-9.43164e-13,2.47618,3.47618
1,-0.42032,2.09235,2.15741
2,0.42032,1.15741,3.09235
0,-9.73086e-13,2.49012,3.49012
1,-0.414571,2.09464,2.15059
2,0.414571,1.15059,3.09464
0,-1.00279e-12,2.50368,3.50368
1,-0.408589,2.09686,2.14423
2,0.408589,1.14423,3.09686
0,-1.03228e-12,2.51688,3.51688
1,-0.402384,2.09899,2.1383
2,0.402384,1.1383,3.09899
0,-1.06153e-12,2.52971,3.52971
1,-0.395962,2.10105,2.13282
2,0.395962,1.13282,3.10105
0,-1.09054e-12,2.5422,3.5422
1,-0.38933,2.10302,2.12777
2,0.38933,1.12777,3.10302
0,-1.11931e-12,2.55434,3.55434
1,-0.382495,2.10491,2.12314
2,0.382495,1.12314,3.10491
0,-1.14781e-12,2.56614,3.56614
1,-0.375463,2.10672,2.11894
2,0.375463,1.11894,3.10672
0,-1.17605e-12,2.57761,3.57761
1,-0.368241,2.10844,2.11516
2,0.368241,1.11516,3.10844
0,-1.20402e-12,2.58875,3.58875
1,-0.360832,2.11008,2.11178
2,0.360832,1.11178,3.11008
0,-1.2317e-12,2.59957,3.59957
1,-0.353244,2.11163,2.10882
2,0.353244,1.10882,3.11163
0,-1.25909e-12,2.61007,3.61007
1,-0.34548,2.11309,2.10627
2,0.34548,1.10627,3.11309
0,-1.28619e-12,2.62026,3.62026
1,-0.337547,2.11445,2.10412
2,0.337547,1.10412,3.11445
0,-1.31298e-12,2.63014,3.63014
1,-0.329447,2.11573,2.10238
2,0.329447,1.10238,3.11573
0,-1.33946e-12,2.63971,3.63971
1,-0.321186,2.1169,2.10104
2,0.321186,1.10104,3.1169
0,-1.36562e-12,2.64898,3.64898
1,-0.312768,2.11798,2.10009
2,0.312768,1.10009,3.11798
0,-1.39144e-12,2.65795,3.65795
1,-0.304197,2.11897,2.09955
2,0.304197,1.09955,3.11897
0,-1.41693e-12,2.66662,3.66662
1,-0.295477,2.11985,2.0994
2,0.295477,1.0994,3.11985
0,-1.44207e-12,2.675,3.675
1,-0.286613,2.12062,2.09966
2,0.286613,1.09966,3.12062
0,-1.46685e-12,2.68309,3.68309
1,-0.277607,2.12129,2.1003
2,0.277607,1.1003,3.12129
0,-1.49127e-12,2.69088,3.69088
1,-0.268463,2.12186,2.10135
2,0.268463,1.10135,3.12186
0,-1.51531e-12,2.69839,3.69839
1,-0.259186,2.12231,2.1028
2,0.259186,1.1028,3.12231
0,-1.53897e-12,2.70561,3.70561
1,-0.249778,2.12265,2.10465
2,0.249778,1.10465,3.12265
0,-1.56223e-12,2.71254,3.71254
1,-0.240244,2.12287,2.10689
2,0.240244,1.10689,3.12287
0,-1.58508e-12,2.71919,3.71919
1,-0.230586,2.12298,2.10954
2,0.230586,1.10954,3.12298
0,-1.60752e-12,2.72556,3.72556
1,-0.220809,2.12296,2.1126
2,0.220809,1.1126,3.12296
0,-1.62952e-12,2.73164,3.73164
1,-0.210916,2.12282,2.11606
2,0.210916,1.11606,3.12282
0,-1.65109e-12,2.73744,3.73744
1,-0.20091,2.12255,2.11994
2,0.20091,1.11994,3.12255
0,-1.6722e-12,2.74296,3.74296
1,-0.190795,2.12215,2.12422
2,0.190795,1.12422,3.12215
0,-1.69285e-12,2.7482,3.7482
1,-0.180575,2.12161,2.12893
2,0.180575,1.12893,3.12161
0,-1.71302e-12,2.75316,3.75316
1,-0.170253,2.12094,2.13405
2,0.170253,1.13405,3.12094
0,-1.7327e-12,2.75783,3.75783
1,-0.159833,2.12012,2.1396
2,0.159833,1.1396,3.12012
0,-1.75187e-12,2.76222,3.76222
1,-0.14932,2.11915,2.14558
2,0.14932,1.14558,3.11915
0,-1.77051e-12,2.76633,3.76633
1,-0.138717,2.11804,2.15199
2,0.138717,1.15199,3.11804
0,-1.78862e-12,2.77015,3.77015
1,-0.128028,2.11676,2.15884
2,0.128028,1.15884,3.11676
0,-1.80617e-12,2.77369,3.77369
1,-0.117258,2.11533,2.16615
2,0.117258,1.16615,3.11533
0,-1.82315e-12,2.77694,3.77694
1,-0.106412,2.11372,2.1739
2,0.106412,1.1739,3.11372
0,-1.83953e-12,2.77991,3.77991
1,-0.0954937,2.11195,2.18211
2,0.0954937,1.18211,3.11195
0,-1.8553e-12,2.78258,3.78258
1,-0.0845096,2.11,2.1908
2,0.0845096,1.1908,3.11
0,-1.87044e-12,2.78496,3.78496
1,-0.0734648,2.10786,2.19996
2,0.0734648,1.19996,3.10786
0,-1.88493e-12,2.78705,3.78705
1,-0.0623652,2.10552,2.20961
2,0.0623652,1.20961,3.10552
0,-1.89873e-12,2.78884,3.78884
1,-0.0512175,2.10299,2.21975
2,0.0512175,1.21975,3.10299
0,-1.91184e-12,2.79033,3.79033
1,-0.0400285,2.10025,2.2304
2,0.0400285,1.2304,3.10025
0,-1.92422e-12,2.79152,3.79152
1,-0.0288059,2.09729,2.24157
2,0.0288059,1.24157,3.09729
0,-1.93584e-12,2.79241,3.79241
1,-0.0175582,2.09411,2.25328
2,0.0175582,1.25328,3.09411
0,-1.94669e-12,2.79298,3.79298
1,-0.00629451,2.09068,2.26553
2,0.00629451,1.26553,3.09068
0,-1.95672e-12,2.79324,3.79324
1,0.00497495,2.08701,2.27834
2,-0.00497495,1.27834,3.08701
0,-1.9659e-12,2.79319,3.79319
1,0.0162388,2.08308,2.29172
2,-0.0162388,1.29172,3.08308
0,-1.9742e-12,2.79281,3.79281
1,0.0274844,2.07888,2.30571
2,-0.0274844,1.30571,3.07888
0,-1.98159e-12,2.7921,3.7921
1,0.0386974,2.07439,2.3203
2,-0.0386974,1.3203,3.07439
0,-1.98803e-12,2.79106,3.79106
1,0.0498617,2.0696,2.33553
2,-0.0498617,1.33553,3.0696
0,-1.99347e-12,2.78969,3.78969
1,0.060959,2.06449,2.35142
2,-0.060959,1.35142,3.06449
0,-1.99787e-12,2.78797,3.78797
1,0.0719682,2.05904,2.36799
2,-0.0719682,1.36799,3.05904
0,-2.00119e-12,2.78589,3.78589
1,0.0828651,2.05323,2.38527
2,-0.0828651,1.38527,3.05323
0,-2.00337e-12,2.78346,3.78346
1,0.0936219,2.04704,2.40329
2,-0.0936219,1.40329,3.04704
0,-2.00436e-12,2.78066,3.78066
1,0.104206,2.04044,2.42209
2,-0.104206,1.42209,3.04044
0,-2.00412e-12,2.77749,3.77749
1,0.114578,2.03341,2.4417
2,-0.114578,1.4417,3.03341
0,-2.00257e-12,2.77393,3.77393
1,0.124694,2.02591,2.46215
2,-0.124694,1.46215,3.02591
0,-1.99966e-12,2.76997,3.76997
1,0.134499,2.0179,2.48351
2,-0.134499,1.48351,3.0179
0,-1.99531e-12,2.76561,3.76561
1,0.143928,2.00936,2.50581
2,-0.143928,1.50581,3.00936
0,-1.98946e-12,2.76083,3.76083
1,0.1529,2.00023,2.52911
2,-0.1529,1.52911,3.00023
0,-1.98204e-12,2.75562,3.75562
1,0.161319,1.99047,2.55347
2,-0.161319,1.55347,2.99047
0,-1.97295e-12,2.74997,3.74997
1,0.169062,1.98002,2.57896
2,-0.169062,1.57896,2.98002
0,-1.96213e-12,2.74385,3.74385
1,0.175977,1.96883,2.60566
2,-0.175977,1.60566,2.96883
0,-1.94948e-12,2.73726,3.73726
1,0.181869,1.95683,2.63365
2,-0.181869,1.63365,2.95683
0,-1.93491e-12,2.73017,3.73017
1,0.186488,1.94395,2.663
2,-0.186488,1.663,2.94395
0,-1.91834e-12,2.72257,3.72257
1,0.189508,1.93014,2.69379
2,-0.189508,1.69379,2.93014
0,-1.89967e-12,2.71443,3.71443
1,0.1905,1.91534,2.72611
2,-0.1905,1.72611,2.91534
0,-1.87882e-12,2.70572,3.70572
1,0.188899,1.89956,2.75996
2,-0.188899,1.75996,2.89956
0,-1.8557e-12,2.69643,3.69643
1,0.183963,1.88286,2.79531
2,-0.183963,1.79531,2.88286
0,-1.83025e-12,2.68652,3.68652
1,0.174752,1.8655,2.83194
2,-0.174752,1.83194,2.8655
0,-1.80239e-12,2.67596,3.67596
1,0.160167,1.84799,2.86935
2,-0.160167,1.86935,2.84799
0,-1.77207e-12,2.66471,3.66471
1,0.139156,1.83132,2.90658
2,-0.139156,1.90658,2.83132
0,-1.73924e-12,2.65274,3.65274
1,0.11119,1.81698,2.94219
2,-0.11119,1.94219,2.81698
0,-1.70383e-12,2.63999,3.63999
1,0.0768709,1.80667,2.9745
2,-0.0768709,1.9745,2.80667
0,-1.6657e-12,2.62643,3.62643
1,0.038079,1.8017,3.00226
2,-0.038079,2.00226,2.8017
0,-1.62464e-12,2.612,3.612
1,-0.00272532,1.80244,3.02515
2,0.00272532,2.02515,2.80244
0,-1.5803e-12,2.59663,3.59663
1,-0.0434354,1.80844,3.04368
2,0.0434354,2.04368,2.80844
0,-1.53219e-12,2.58027,3.58027
1,-0.0827083,1.81889,3.05875
2,0.0827083,2.05875,2.81889
0,-1.47962e-12,2.56283,3.56283
1,-0.119866,1.83296,3.07125
2,0.119866,2.07125,2.83296
0,-1.42167e-12,2.54423,3.54423
1,-0.154646,1.84998,3.08196
2,0.154646,2.08196,2.84998
0,-1.35714e-12,2.52436,3.52436
1,-0.186997,1.86945,3.09146
2,0.186997,2.09146,2.86945
0,-1.28445e-12,2.50311,3.50311
1,-0.216957,1.89103,3.10023
2,0.216957,2.10023,2.89103
0,-1.20151e-12,2.48035,3.48035
1,-0.244583,1.91449,3.10864
2,0.244583,2.10864,2.91449
0,-1.10553e-12,2.45591,3.45591
1,-0.26991,1.9397,3.11696
2,0.26991,2.11696,2.9397
0,-9.92721e-13,2.42961,3.42961
1,-0.292928,1.96659,3.12546
2,0.292928,2.12546,2.96659
0,-8.57875e-13,2.40124,3.40124
1,-0.313555,1.99516,3.13436
2,0.313555,2.13436,2.99516
0,-6.9374e-13,2.37055,3.37055
1,-0.331609,2.02545,3.14384
2,0.331609,2.14384,3.02545
0,-4.90273e-13,2.33731,3.33731
1,-0.346769,2.05753,3.15408
2,0.346769,2.15408,3.05753
0,-2.34074e-13,2.30134,3.30134
1,-0.358523,2.09144,3.16523
2,0.358523,2.16523,3.09144
0,9.06893e-14,2.26268,3.26268
1,-0.366134,2.12712,3.17731
2,0.366134,2.17731,3.12712
0,4.96882e-13,2.22181,3.22181
1,-0.368692,2.16424,3.19017
2,0.368692,2.19017,3.16424
0,9.82751e-13,2.17991,3.17991
1,-0.365391,2.20208,3.20336
2,0.365391,2.20336,3.20208
0,1.52327e-12,2.13867,3.13867
1,-0.355969,2.2396,3.21622
2,0.355969,2.21622,3.2396
0,2.0801e-12,2.09962,3.09962
1,-0.340879,2.27585,3.22819
2,0.340879,2.22819,3.27585
0,2.62128e-12,2.06362,3.06362
1,-0.320944,2.31022,3.23898
2,0.320944,2.23898,3.31022
0,3.12932e-12,2.0309,3.0309
1,-0.296941,2.3425,3.24859
2,0.296941,2.24859,3.3425
0,3.59785e-12,2.00134,3.00134
1,-0.269403,2.37264,3.25719
2,0.269403,2.25719,3.37264
0,4.02632e-12,1.97468,2.97468
1,-0.238604,2.40062,3.26504
2,0.238604,2.26504,3.40062
0,4.41662e-12,1.95063,2.95063
1,-0.204592,2.42636,3.27251
2,0.204592,2.27251,3.42636
0,4.77147e-12,1.92895,2.92895
1,-0.167242,2.44964,3.28007
2,0.167242,2.28007,3.44964
0,5.09365e-12,1.90939,2.90939
1,-0.126306,2.46998,3.28843
2,0.126306,2.28843,3.46998
0,5.38577e-12,1.89176,2.89176
1,-0.0815697,2.48652,3.29864
2,0.0815697,2.29864,3.48652
0,5.65018e-12,1.87589,2.87589
1,-0.0332604,2.49781,3.31232
2,0.0332604,2.31232,3.49781
0,5.88901e-12,1.86163,2.86163
1,0.0170397,2.50193,3.33152
2,-0.0170397,2.33152,3.50193
0,6.10419e-12,1.84885,2.84885
1,0.0655111,2.49754,3.3577
2,-0.0655111,2.3577,3.49754
0,6.29758e-12,1.83744,2.83744
1,0.107494,2.4856,3.39
2,-0.107494,2.39,3.4856
0,6.4709e-12,1.82729,2.82729
1,0.140793,2.46906,3.42559
2,-0.140793,2.42559,3.46906
0,6.62579e-12,1.81833,2.81833
1,0.166136,2.45062,3.46188
2,-0.166136,2.46188,3.45062
0,6.76373e-12,1.81047,2.81047
1,0.185266,2.43179,3.49745
2,-0.185266,2.49745,3.43179
0,6.88602e-12,1.80365,2.80365
1,0.199766,2.41323,3.53169
2,-0.199766,2.53169,3.41323
0,6.99382e-12,1.79781,2.79781
1,0.210806,2.39519,3.56443
2,-0.210806,2.56443,3.39519
0,7.08813e-12,1.79289,2.79289
1,0.219211,2.37774,3.59564
2,-0.219211,2.59564,3.37774
0,7.16984e-12,1.78886,2.78886
1,0.22556,2.36086,3.6254
2,-0.22556,2.6254,3.36086
0,7.23973e-12,1.78566,2.78566
1,0.230269,2.34452,3.65378
2,-0.230269,2.65378,3.34452
0,7.29848e-12,1.78327,2.78327
1,0.233642,2.32868,3.68086
2,-0.233642,2.68086,3.32868
0,7.34671e-12,1.78166,2.78166
1,0.235906,2.31328,3.70671
2,-0.235906,2.70671,3.31328
0,7.38494e-12,1.78079,2.78079
1,0.237235,2.29829,3.73141
2,-0.237235,2.73141,3.29829
0,7.41366e-12,1.78064,2.78064
1,0.237764,2.28367,3.75502
2,-0.237764,2.75502,3.28367
0,7.4333e-12,1.78119,2.78119
1,0.237601,2.26939,3.7776
2,-0.237601,2.7776,3.26939
0,7.44425e-12,1.78241,2.78241
1,0.236833,2.25541,3.79919
2,-0.236833,2.79919,3.25541
0,7.44684e-12,1.7843,2.7843
1,0.235529,2.24172,3.81983
2,-0.235529,2.81983,3.24172
0,7.4414e-12,1.78683,2.78683
1,0.233749,2.22829,3.83956
2,-0.233749,2.83956,3.22829
0,7.42821e-12,1.78999,2.78999
1,0.231541,2.21511,3.85842
2,-0.231541,2.85842,3.21511
0,7.40752e-12,1.79377,2.79377
1,0.228946,2.20215,3.87643
2,-0.228946,2.87643,3.20215
0,7.37957e-12,1.79816,2.79816
1,0.226,2.18941,3.89362
2,-0.226,2.89362,3.18941
0,7.34458e-12,1.80314,2.80314
1,0.222733,2.17688,3.91002
2,-0.222733,2.91002,3.17688
0,7.30273e-12,1.80871,2.80871
1,0.21917,2.16453,3.92563
2,-0.21917,2.92563,3.16453
0,7.25422e-12,1.81486,2.81486
1,0.215334,2.15237,3.94047
2,-0.215334,2.94047,3.15237
0,7.1992e-12,1.82158,2.82158
1,0.211246,2.14039,3.95457
2,-0.211246,2.95457,3.14039
0,7.13782e-12,1.82886,2.82886
1,0.206922,2.12858,3.96793
2,-0.206922,2.96793,3.12858
0,7.07023e-12,1.83671,2.83671
1,0.202378,2.11693,3.98056
2,-0.202378,2.98056,3.11693
0,6.99656e-12,1.84512,2.84512
1,0.197629,2.10545,3.99248
2,-0.197629,2.99248,3.10545
0,6.91692e-12,1.85408,2.85408
1,0.192686,2.09412,4.00368
2,-0.192686,3.00368,3.09412
0,6.83142e-12,1.86358,2.86358
1,0.187561,2.08295,4.01417
2,-0.187561,3.01417,3.08295
0,6.74018e-12,1.87364,2.87364
1,0.182263,2.07193,4.02397
2,-0.182263,3.02397,3.07193
0,6.64327e-12,1.88424,2.88424
1,0.176802,2.06107,4.03306
2,-0.176802,3.03306,3.06107
0,6.5408e-12,1.89539,2.89539
1,0.171186,2.05036,4.04145
2,-0.171186,3.04145,3.05036
0,6.43284e-12,1.90707,2.90707
1,0.165422,2.03981,4.04915
2,-0.165422,3.04915,3.03981
0,6.31948e-12,1.91931,2.91931
1,0.159518,2.02942,4.05614
2,-0.159518,3.05614,3.02942
0,6.20078e-12,1.93208,2.93208
1,0.15348,2.01918,4.06243
2,-0.15348,3.06243,3.01918
0,6.07683e-12,1.94539,2.94539
1,0.147313,2.00912,4.06802
2,-0.147313,3.06802,3.00912
0,5.94768e-12,1.95925,2.95925
1,0.141025,1.99922,4.07289
2,-0.141025,3.07289,2.99922
0,5.81339e-12,1.97365,2.97365
1,0.134618,1.9895,4.07704
2,-0.134618,3.07704,2.9895
0,5.67404e-12,1.98859,2.98859
1,0.1281,1.97996,4.08046
2,-0.1281,3.08046,2.97996
0,5.52966e-12,2.00408,3.00408
1,0.121474,1.97062,4.08315
2,-0.121474,3.08315,2.97062
0,5.38033e-12,2.02011,3.02011
1,0.114744,1.96147,4.08509
2,-0.114744,3.08509,2.96147
0,5.22607e-12,2.03668,3.03668
1,0.107916,1.95254,4.08628
2,-0.107916,3.08628,2.95254
0,5.06694e-12,2.05379,3.05379
1,0.100993,1.94384,4.08669
2,-0.100993,3.08669,2.94384
0,4.90298e-12,2.07145,3.07145
1,0.0939802,1.93538,4.08632
2,-0.0939802,3.08632,2.93538
0,4.73421e-12,2.08964,3.08964
1,0.0868813,1.92717,4.08516
2,-0.0868813,3.08516,2.92717
0,4.56066e-12,2.10837,3.10837
1,0.0797008,1.91925,4.08318
2,-0.0797008,3.08318,2.91925
0,4.38232e-12,2.12763,3.12763
1,0.0724433,1.91162,4.08037
2,-0.0724433,3.08037,2.91162
0,4.19919e-12,2.14741,3.14741
1,0.0651135,1.90432,4.07672
2,-0.0651135,3.07672,2.90432
0,4.01123e-12,2.1677,3.1677
1,0.0577165,1.89737,4.0722
2,-0.0577165,3.0722,2.89737
0,3.81835e-12,2.18848,3.18848
1,0.0502577,1.89081,4.06679
2,-0.0502577,3.06679,2.89081
0,3.62044e-12,2.20975,3.20975
1,0.042743,1.88466,4.06049
2,-0.042743,3.06049,2.88466
0,3.41731e-12,2.23148,3.23148
1,0.0351786,1.87897,4.05327
2,-0.0351786,3.05327,2.87897
0,3.2087e-12,2.25365,3.25365
1,0.0275718,1.87378,4.04511
2,-0.0275718,3.04511,2.87378
0,2.99423e-12,2.27622,3.27622
1,0.0199302,1.86913,4.036
2,-0.0199302,3.036,2.86913
0,2.77341e-12,2.29915,3.29915
1,0.0122625,1.86509,4.02593
2,-0.0122625,3.02593,2.86509
0,2.54557e-12,2.3224,3.3224
1,0.00457815,1.8617,4.01488
2,-0.00457815,3.01488,2.8617
0,2.30985e-12,2.34592,3.34592
1,-0.00311232,1.85902,4.00286
2,0.00311232,3.00286,2.85902
0,2.06515e-12,2.36964,3.36964
1,-0.0107974,1.85711,3.98985
2,0.0107974,2.98985,2.85711
0,1.8101e-12,2.39349,3.39349
1,-0.0184645,1.85604,3.97587
2,0.0184645,2.97587,2.85604
0,1.54302e-12,2.4174,3.4174
1,-0.0261,1.85589,3.96092
2,0.0261,2.96092,2.85589
0,1.26191e-12,2.44128,3.44128
1,-0.0336893,1.85671,3.94502
2,0.0336893,2.94502,2.85671
0,9.64413e-13,2.46504,3.46504
1,-0.0412168,1.85857,3.92819
2,0.0412168,2.92819,2.85857
0,6.47844e-13,2.48859,3.48859
1,-0.0486661,1.86155,3.91047
2,0.0486661,2.91047,2.86155
0,3.09191e-13,2.51181,3.51181
1,-0.0560202,1.8657,3.89189
2,0.0560202,2.89189,2.8657
0,-5.48314e-14,2.53461,3.53461
1,-0.0632613,1.87109,3.87249
2,0.0632613,2.87249,2.87109
0,-4.47733e-13,2.55689,3.55689
1,-0.0703712,1.87777,3.85232
2,0.0703712,2.85232,2.87777
0,-8.73175e-13,2.57854,3.57854
1,-0.077331,1.8858,3.83143
2,0.077331,2.83143,2.8858
0,-1.3349e-12,2.59947,3.59947
1,-0.0841211,1.89522,3.80987
2,0.0841211,2.80987,2.89522
0,-1.83664e-12,2.61958,3.61958
1,-0.0907212,1.90607,3.78769
2,0.0907212,2.78769,2.90607
0,-2.38208e-12,2.63879,3.63879
1,-0.0971098,1.9184,3.76494
2,0.0971098,2.76494,2.9184
0,-2.97475e-12,2.65701,3.65701
1,-0.103263,1.93224,3.74166
2,0.103263,2.74166,2.93224
0,-3.61803e-12,2.67415,3.67415
1,-0.109156,1.94763,3.7179
2,0.109156,2.7179,2.94763
0,-4.31502e-12,2.69015,3.69015
1,-0.114759,1.96461,3.6937
2,0.114759,2.6937,2.96461
0,-5.0686e-12,2.70493,3.70493
1,-0.120038,1.98322,3.66907
2,0.120038,2.66907,2.98322
0,-5.88129e-12,2.71843,3.71843
1,-0.124951,2.00352,3.64406
2,0.124951,2.64406,3.00352
0,-6.75525e-12,2.73056,3.73056
1,-0.129446,2.02556,3.61865
2,0.129446,2.61865,3.02556
0,-7.69216e-12,2.74127,3.74127
1,-0.133457,2.04941,3.59286
2,0.133457,2.59286,3.04941
0,-8.69307e-12,2.75047,3.75047
1,-0.136895,2.07517,3.56667
2,0.136895,2.56667,3.07517
0,-9.75822e-12,2.75808,3.75808
1,-0.139639,2.10296,3.54003
2,0.139639,2.54003,3.10296
0,-1.08866e-11,2.76403,3.76403
1,-0.141511,2.13294,3.51287
2,0.141511,2.51287,3.13294
0,-1.20752e-11,2.76821,3.76821
1,-0.142243,2.1653,3.48508
2,0.142243,2.48508,3.1653
0,-1.33184e-11,2.77052,3.77052
1,-0.141407,2.20034,3.45649
2,0.141407,2.45649,3.20034
0,-1.46056e-11,2.77083,3.77083
1,-0.138258,2.23842,3.42686
2,0.138258,2.42686,3.23842
0,-1.59185e-11,2.769,3.769
1,-0.131411,2.27998,3.39588
2,0.131411,2.39588,3.27998
0,-1.7226e-11,2.76485,3.76485
1,-0.118108,2.32531,3.36343
2,0.118108,2.36343,3.32531
0,-1.84756e-11,2.75819,3.75819
1,-0.0933208,2.37323,3.33087
2,0.0933208,2.33087,3.37323
0,-1.95886e-11,2.74879,3.74879
1,-0.0530011,2.41827,3.30385
2,0.0530011,2.30385,3.41827
0,-2.04763e-11,2.7364,3.7364
1,-0.00308262,2.45474,3.28832
2,0.00308262,2.28832,3.45474
0,-2.10914e-11,2.72072,3.72072
1,0.0476219,2.48394,3.28329
2,-0.0476219,2.28329,3.48394
0,-2.14868e-11,2.70144,3.70144
1,0.0958057,2.50923,3.28573
2,-0.0958057,2.28573,3.50923
0,-2.189e-11,2.67822,3.67822
1,0.140808,2.53272,3.2939
2,-0.140808,2.2939,3.53272
0,-2.28358e-11,2.65071,3.65071
1,0.182399,2.55545,3.30712
2,-0.182399,2.30712,3.55545
0,-2.53832e-11,2.6187,3.6187
1,0.220159,2.57783,3.32518
2,-0.220159,2.32518,3.57783
0,-3.13353e-11,2.58237,3.58237
1,0.253336,2.59977,3.34801
2,-0.253336,2.34801,3.59977
0,-4.30311e-11,2.54268,3.54268
1,0.280986,2.62067,3.37526
2,-0.280986,2.37526,3.62067
0,-6.21096e-11,2.50152,3.50152
1,0.30245,2.63963,3.40595
2,-0.30245,2.40595,3.63963
0,-8.81099e-11,2.46105,3.46105
1,0.31785,2.65592,3.43864
2,-0.31785,2.43864,3.65592
0,-1.18903e-10,2.42275,3.42275
1,0.327973,2.66933,3.47205
2,-0.327973,2.47205,3.66933
0,-1.5223e-10,2.38724,3.38724
1,0.333766,2.68004,3.50537
2,-0.333766,2.50537,3.68004
0,-1.86483e-10,2.35457,3.35457
1,0.336004,2.68841,3.5382
2,-0.336004,2.5382,3.68841
0,-2.20694e-10,2.32454,3.32454
1,0.335235,2.69479,3.57039
2,-0.335235,2.57039,3.69479
0,-2.54319e-10,2.29691,3.29691
1,0.331815,2.69948,3.60187
2,-0.331815,2.60187,3.69948
0,-2.8706e-10,2.27142,3.27142
1,0.325962,2.70274,3.63262
2,-0.325962,2.63262,3.70274
0,-3.18762e-10,2.24787,3.24787
1,0.317796,2.70479,3.66266
2,-0.317796,2.66266,3.70479
0,-3.49345e-10,2.22607,3.22607
1,0.307363,2.70582,3.69197
2,-0.307363,2.69197,3.70582
0,-3.78776e-10,2.20586,3.20586
1,0.294651,2.706,3.72053
2,-0.294651,2.72053,3.706
0,-4.07044e-10,2.1871,3.1871
1,0.279599,2.70552,3.74829
2,-0.279599,2.74829,3.70552
0,-4.34155e-10,2.16968,3.16968
1,0.262104,2.70455,3.77519
2,-0.262104,2.77519,3.70455
0,-4.60119e-10,2.15351,3.15351
1,0.242023,2.70332,3.80111
2,-0.242023,2.80111,3.70332
0,-4.84952e-10,2.1385,3.1385
1,0.21918,2.70207,3.82588
2,-0.21918,2.82588,3.70207
0,-5.08672e-10,2.12458,3.12458
1,0.193373,2.70113,3.84924
2,-0.193373,2.84924,3.70113
0,-5.31298e-10,2.11168,3.11168
1,0.164395,2.7009,3.87086
2,-0.164395,2.87086,3.7009
0,-5.52849e-10,2.09976,3.09976
1,0.132076,2.70195,3.89021
2,-0.132076,2.89021,3.70195
0,-5.73346e-10,2.08876,3.08876
1,0.0963725,2.70499,3.90664
2,-0.0963725,2.90664,3.70499
0,-5.9281e-10,2.07865,3.07865
1,0.0575317,2.71097,3.91923
2,-0.0575317,2.91923,3.71097
0,-6.11266e-10,2.06937,3.06937
1,0.0163425,2.72097,3.92694
2,-0.0163425,2.92694,3.72097
0,-6.2874e-10,2.0609,3.0609
1,-0.0255878,2.73602,3.92877
2,0.0255879,2.92877,3.73602
0,-6.45263e-10,2.05321,3.05321
1,-0.0658086,2.75666,3.92421
2,0.0658086,2.92421,3.75666
0,-6.60869e-10,2.04626,3.04626
1,-0.101585,2.78245,3.91373
2,0.101585,2.91373,3.78245
0,-6.75593e-10,2.04003,3.04003
1,-0.130876,2.81203,3.89871
2,0.130876,2.89871,3.81203
0,-6.89469e-10,2.0345,3.0345
1,-0.152936,2.84367,3.88093
2,0.152936,2.88093,3.84367
0,-7.02529e-10,2.02963,3.02963
1,-0.16813,2.87581,3.86196
2,0.16813,2.86196,3.87581
0,-7.14803e-10,2.02542,3.02542
1,-0.177383,2.90739,3.84288
2,0.177383,2.84288,3.90739
0,-7.26313e-10,2.02184,3.02184
1,-0.181738,2.93777,3.82436
2,0.181738,2.82436,3.93777
0,-7.37081e-10,2.01887,3.01887
1,-0.182145,2.96661,3.80676
2,0.182145,2.80676,3.96661
0,-7.47124e-10,2.0165,3.0165
1,-0.179391,2.99377,3.79024
2,0.179391,2.79024,3.99377
0,-7.56456e-10,2.01472,3.01472
1,-0.174107,3.0192,3.77486
2,0.174107,2.77486,4.0192
0,-7.65087e-10,2.01351,3.01351
1,-0.166792,3.04292,3.76062
2,0.166792,2.76062,4.04292
0,-7.73028e-10,2.01286,3.01286
1,-0.157838,3.06497,3.74748
2,0.157838,2.74748,4.06497
0,-7.80285e-10,2.01277,3.01277
1,-0.147558,3.08541,3.73539
2,0.147558,2.73539,4.08541
0,-7.86863e-10,2.01321,3.01321
1,-0.136203,3.1043,3.72431
2,0.136203,2.72431,4.1043
0,-7.92766e-10,2.0142,3.0142
1,-0.123974,3.1217,3.71418
2,0.123974,2.71418,4.1217
0,-7.97996e-10,2.01571,3.01571
1,-0.11104,3.13768,3.70495
2,0.11104,2.70495,4.13768
0,-8.02554e-10,2.01775,3.01775
1,-0.0975353,3.15228,3.69657
2,0.0975353,2.69657,4.15228
0,-8.06439e-10,2.0203,3.0203
1,-0.083577,3.16556,3.68899
2,0.083577,2.68899,4.16556
0,-8.0965e-10,2.02337,3.02337
1,-0.0692621,3.17756,3.68217
2,0.0692621,2.68217,4.17756
0,-8.12184e-10,2.02696,3.02696
1,-0.0546745,3.18833,3.67607
2,0.0546745,2.67607,4.18833
0,-8.14037e-10,2.03105,3.03105
1,-0.0398865,3.19789,3.67066
2,0.0398865,2.67066,4.19789
0,-8.15205e-10,2.03566,3.03566
1,-0.0249618,3.20629,3.66591
2,0.0249618,2.66591,4.20629
0,-8.1568e-10,2.04078,3.04078
1,-0.00995664,3.21356,3.66177
2,0.00995664,2.66177,4.21356
0,-8.15456e-10,2.04641,3.04641
1,0.00507841,3.21971,3.65824
2,-0.00507841,2.65824,4.21971
0,-8.14524e-10,2.05256,3.05256
1,0.0200975,3.22478,3.65528
2,-0.0200975,2.65528,4.22478
0,-8.12875e-10,2.05922,3.05922
1,0.0350587,3.22878,3.65287
2,-0.0350587,2.65287,4.22878
0,-8.10497e-10,2.0664,3.0664
1,0.049923,3.23173,3.65098
2,-0.049923,2.65098,4.23173
0,-8.07379e-10,2.07411,3.07411
1,0.0646536,3.23364,3.64961
2,-0.0646536,2.64961,4.23364
0,-8.03505e-10,2.08235,3.08235
1,0.0792157,3.23454,3.64873
2,-0.0792157,2.64873,4.23454
0,-7.98862e-10,2.09113,3.09113
1,0.0935759,3.23442,3.64832
2,-0.0935759,2.64832,4.23442
0,-7.93431e-10,2.10046,3.10046
1,0.107701,3.23329,3.64837
2,-0.107701,2.64837,4.23329
0,-7.87193e-10,2.11034,3.11034
1,0.12156,3.23116,3.64886
2,-0.12156,2.64886,4.23116
0,-7.80128e-10,2.12079,3.12079
1,0.13512,3.22804,3.64978
2,-0.13512,2.64978,4.22804
0,-7.72212e-10,2.13182,3.13182
1,0.148348,3.22392,3.65112
2,-0.148348,2.65112,4.22392
0,-7.63419e-10,2.14345,3.14345
1,0.161213,3.2188,3.65286
2,-0.161213,2.65286,4.2188
0,-7.5372e-10,2.15568,3.15568
1,0.173679,3.21268,3.65499
2,-0.173679,2.65499,4.21268
0,-7.43083e-10,2.16855,3.16855
1,0.185712,3.20555,3.65751
2,-0.185712,2.65751,4.20555
0,-7.31473e-10,2.18206,3.18206
1,0.197274,3.1974,3.66039
2,-0.197274,2.66039,4.1974
0,-7.1885e-10,2.19625,3.19625
1,0.208326,3.18823,3.66362
2,-0.208326,2.66362,4.18823
0,-7.05169e-10,2.21113,3.21113
1,0.218826,3.17801,3.6672
2,-0.218826,2.6672,4.17801
0,-6.90381e-10,2.22675,3.22675
1,0.228727,3.16672,3.67112
2,-0.228727,2.67112,4.16672
0,-6.74429e-10,2.24313,3.24313
1,0.23798,3.15436,3.67535
2,-0.23798,2.67535,4.15436
0,-6.5725e-10,2.26032,3.26032
1,0.246528,3.14088,3.67988
2,-0.246528,2.67988,4.14088
0,-6.38771e-10,2.27836,3.27836
1,0.254312,3.12627,3.6847
2,-0.254312,2.6847,4.12627
0,-6.18909e-10,2.29731,3.29731
1,0.26126,3.11048,3.68979
2,-0.26126,2.68979,4.11048
0,-5.97568e-10,2.31722,3.31722
1,0.267295,3.09347,3.69513
2,-0.267295,2.69513,4.09347
0,-5.74637e-10,2.33818,3.33818
1,0.272324,3.07519,3.70069
2,-0.272324,2.70069,4.07519
0,-5.49988e-10,2.36027,3.36027
1,0.276241,3.05559,3.70645
2,-0.276241,2.70645,4.05559
0,-5.23467e-10,2.38359,3.38359
1,0.27892,3.03459,3.71237
2,-0.27892,2.71237,4.03459
0,-4.94893e-10,2.4083,3.4083
1,0.280209,3.0121,3.7184
2,-0.280209,2.7184,4.0121
0,-4.6405e-10,2.43454,3.43454
1,0.27992,2.98802,3.72449
2,-0.27992,2.72449,3.98802
0,-4.3068e-10,2.46253,3.46253
1,0.277815,2.96221,3.73054
2,-0.277815,2.73054,3.96221
0,-3.94478e-10,2.49256,3.49256
1,0.273583,2.9345,3.73646
2,-0.273583,2.73646,3.9345
0,-3.55096e-10,2.52501,3.52501
1,0.2668,2.90467,3.74207
2,-0.2668,2.74207,3.90467
0,-3.12203e-10,2.56043,3.56043
1,0.256855,2.8724,3.74715
2,-0.256855,2.74715,3.8724
0,-2.65736e-10,2.59963,3.59963
1,0.24278,2.83725,3.75132
2,-0.24278,2.75132,3.83725
0,-2.17087e-10,2.64388,3.64388
1,0.222851,2.79858,3.75393
2,-0.222851,2.75393,3.79858
0,-1.75712e-10,2.69503,3.69503
1,0.19335,2.75559,3.75389
2,-0.19335,2.75389,3.75559
0,-1.97293e-10,2.75284,3.75284
1,0.144863,2.70952,3.75006
2,-0.144863,2.75006,3.70952
0,-3.68519e-10,2.79951,3.79951
1,0.0642244,2.67436,3.74596
2,-0.0642244,2.74596,3.67436
0,-4.65144e-10,2.81297,3.81297
1,-0.0411364,2.67833,3.7357
2,0.0411364,2.7357,3.67833
0,-3.9347e-10,2.79285,3.79285
1,-0.119234,2.72553,3.71569
2,0.119234,2.71569,3.72553
0,-4.30185e-10,2.75004,3.75004
1,-0.163581,2.78365,3.70753
2,0.163581,2.70753,3.78365
0,-7.48511e-10,2.70499,3.70499
1,-0.181699,2.83709,3.70648
2,0.181699,2.70648,3.83709
0,-1.21301e-09,2.66737,3.66737
1,-0.184907,2.88164,3.70699
2,0.184907,2.70699,3.88164
0,-1.71929e-09,2.63707,3.63707
1,-0.17975,2.91862,3.70777
2,0.17975,2.70777,3.91862
0,-2.22619e-09,2.61275,3.61275
1,-0.169129,2.94941,3.70876
2,0.169129,2.70876,3.94941
0,-2.71599e-09,2.59341,3.59341
1,-0.154511,2.97487,3.71011
2,0.154511,2.71011,3.97487
0,-3.17919e-09,2.57834,3.57834
1,-0.136763,2.9955,3.71201
2,0.136763,2.71201,3.9955
0,-3.60925e-09,2.5671,3.5671
1,-0.116476,3.01157,3.71463
2,0.116476,2.71463,4.01157
0,-4.00053e-09,2.55939,3.55939
1,-0.0941011,3.0232,3.71817
2,0.0941011,2.71817,4.0232
0,-4.34719e-09,2.55503,3.55503
1,-0.0700293,3.03037,3.72281
2,0.0700293,2.72281,4.03037
0,-4.64252e-09,2.55394,3.55394
1,-0.0446409,3.03297,3.72875
2,0.0446409,2.72875,4.03297
0,-4.8782e-09,2.5561,3.5561
1,-0.0183518,3.03078,3.73621
2,0.0183518,2.73621,4.03078
0,-5.04349e-09,2.5616,3.5616
1,0.00833381,3.02348,3.74544
2,-0.00833381,2.74544,4.02348
0,-5.12399e-09,2.57062,3.57062
1,0.0347473,3.01063,3.75671
2,-0.0347473,2.75671,4.01063
0,-5.09969e-09,2.58345,3.58345
1,0.0599385,2.99165,3.77029
2,-0.0599385,2.77029,3.99165
0,-4.94176e-09,2.60056,3.60056
1,0.0824816,2.96583,3.78642
2,-0.0824816,2.78642,3.96583
0,-4.60681e-09,2.62273,3.62273
1,0.100164,2.93241,3.80509
2,-0.100164,2.80509,3.93241
0,-4.02622e-09,2.65128,3.65128
1,0.109545,2.89082,3.82558
2,-0.109545,2.82558,3.89082
0,-3.08707e-09,2.68877,3.68877
1,0.105581,2.8412,3.84516
2,-0.105581,2.84516,3.8412
0,-1.64713e-09,2.74139,3.74139
1,0.0815157,2.78521,3.85597
2,-0.0815157,2.85597,3.78521
0,-2.03496e-09,2.81952,3.81952
1,0.0217948,2.73773,3.8317
2,-0.0217948,2.8317,3.73773
0,-3.68708e-09,2.85138,3.85138
1,-0.0518549,2.77244,3.76919
2,0.0518549,2.76919,3.77244
0,-3.37945e-09,2.82613,3.82613
1,-0.0629315,2.84314,3.7278
2,0.0629315,2.7278,3.84314
0,-9.42017e-09,2.77477,3.77477
1,-0.0384953,2.89556,3.73132
2,0.0384953,2.73132,3.89556
0,-1.72526e-08,2.74061,3.74061
1,0.000813841,2.90926,3.75685
2,-0.000813829,2.75685,3.90926
0,-1.85181e-08,2.73232,3.73232
1,0.0392112,2.88862,3.79089
2,-0.0392112,2.79089,3.88862
0,-6.13756e-09,2.75398,3.75398
1,0.055218,2.8322,3.83074
2,-0.055218,2.83074,3.8322
0,-1.12469e-08,2.82652,3.82652
1,-0.00271871,2.77195,3.82123
2,0.0027187,2.82123,3.77195
0,-8.21418e-06,2.7405,3.74049
1,0.032922,2.84864,3.80946
2,-0.0329151,2.80946,3.84863
0,-8.94018e-05,2.09942,3.09937
1,0.252576,3.25118,3.81305
2,-0.2525,2.81302,4.25115
0,-0.000170472,1.45937,2.45927
1,0.470699,3.65192,3.81736
2,-0.470554,2.8173,4.65186
0,-0.000251525,0.819478,1.81932
1,0.688592,4.05238,3.82179
2,-0.688379,2.8217,5.05228
0,-0.00033257,0.179647,1.17944
1,0.906388,4.45271,3.82627
2,-0.906106,2.82616,5.45259
0,-0.000413612,-0.460147,0.5396
1,1.12413,4.85298,3.83079
2,-1.12378,2.83065,5.85283
0,-0.00049465,-1.09992,-0.100221
1,1.34183,5.25321,3.83532
2,-1.34141,2.83515,6.25303
