0,0,6.674e-07,-0.000999933
1,0.001,1.0001,2.35962e-08
2,-0.0001,2.35962e-07,1.0001
0,1.44886e-05,0.000881432,-0.0508995
1,0.0509844,1.00419,1.65685e-05
2,-0.00509289,0.000311926,1.00393
0,0.000111505,0.00340584,-0.100565
1,0.100881,1.00657,8.37159e-06
2,-0.010046,0.00120845,1.00568
0,0.000368507,0.00753812,-0.149932
1,0.15061,1.00729,-0.000102905
2,-0.0149229,0.00268577,1.00549
0,0.000858197,0.0132316,-0.198939
1,0.200094,1.00639,-0.000390615
2,-0.0196891,0.00474028,1.00347
0,0.00164763,0.0204302,-0.24753
1,0.249263,1.00393,-0.000922322
2,-0.0243115,0.0073684,0.999731
0,0.00279762,0.0290702,-0.295651
1,0.298053,0.999972,-0.00175924
2,-0.0287582,0.0105662,0.994359
0,0.00436231,0.039082,-0.343256
1,0.346407,0.994583,-0.0029559
2,-0.0329984,0.0143295,0.987429
0,0.0063891,0.0503915,-0.390304
1,0.394275,0.98784,-0.00456008
2,-0.0370021,0.0186531,0.97901
0,0.00891864,0.062922,-0.436759
1,0.441613,0.979822,-0.00661284
2,-0.04074,0.0235313,0.96916
0,0.0119851,0.0765951,-0.482593
1,0.488384,0.970605,-0.00914878
2,-0.0441835,0.0289575,0.957933
0,0.0156164,0.0913323,-0.527782
1,0.534557,0.96027,-0.0121964
2,-0.0473051,0.0349243,0.945377
0,0.0198348,0.107056,-0.572307
1,0.580107,0.948896,-0.0157785
2,-0.0500776,0.0414233,0.931535
0,0.0246573,0.12369,-0.616155
1,0.625015,0.936559,-0.0199127
2,-0.052475,0.0484455,0.916447
0,0.0300958,0.14116,-0.659317
1,0.669267,0.923335,-0.0246119
2,-0.0544719,0.0559806,0.900149
0,0.0361585,0.159395,-0.701786
1,0.712851,0.909295,-0.0298849
2,-0.0560439,0.0640178,0.882675
0,0.0428494,0.178326,-0.743562
1,0.755762,0.894509,-0.0357369
2,-0.0571674,0.0725455,0.864057
0,0.0501694,0.197891,-0.784644
1,0.797997,0.879043,-0.0421696
2,-0.0578199,0.0815512,0.844323
0,0.0581166,0.218026,-0.825038
1,0.839554,0.86296,-0.0491824
2,-0.0579798,0.0910219,0.823502
0,0.0666867,0.238674,-0.864748
1,0.880437,0.846318,-0.056772
2,-0.0576265,0.100944,0.801619
0,0.0758733,0.259781,-0.903782
1,0.920649,0.829174,-0.0649335
2,-0.0567405,0.111303,0.778699
0,0.0856685,0.281297,-0.942149
1,0.960198,0.811579,-0.0736601
2,-0.0553032,0.122084,0.754765
0,0.0960629,0.303174,-0.97986
1,0.99909,0.793582,-0.082944
2,-0.0532973,0.133273,0.72984
0,0.107046,0.325368,-1.01692
1,1.03733,0.775228,-0.092776
2,-0.0507063,0.144853,0.703944
0,0.118607,0.347838,-1.05336
1,1.07494,0.756561,-0.103146
2,-0.0475148,0.15681,0.677098
0,0.130733,0.370546,-1.08917
1,1.11192,0.73762,-0.114044
2,-0.0437087,0.169127,0.649321
0,0.143412,0.393457,-1.12437
1,1.14828,0.718442,-0.12546
2,-0.0392746,0.181788,0.620631
0,0.156631,0.416538,-1.15897
1,1.18404,0.69906,-0.13738
2,-0.0342002,0.194777,0.591047
0,0.170377,0.439759,-1.193
1,1.21921,0.679507,-0.149796
2,-0.0284742,0.208079,0.560584
0,0.184638,0.463092,-1.22645
1,1.25379,0.659813,-0.162693
2,-0.0220863,0.221678,0.529259
0,0.199399,0.486512,-1.25935
1,1.28781,0.640004,-0.176062
2,-0.0150269,0.235556,0.497088
0,0.214648,0.509994,-1.2917
1,1.32127,0.620106,-0.189891
2,-0.00728747,0.2497,0.464084
0,0.230372,0.533516,-1.32353
1,1.35419,0.600143,-0.204169
2,0.00113982,0.264094,0.430261
0,0.246557,0.557058,-1.35484
1,1.38658,0.580137,-0.218883
2,0.010262,0.278721,0.395634
0,0.263192,0.580601,-1.38564
1,1.41844,0.560108,-0.234024
2,0.0200853,0.293569,0.360213
0,0.280264,0.604128,-1.41594
1,1.4498,0.540074,-0.24958
2,0.0306152,0.308621,0.324011
0,0.29776,0.627622,-1.44577
1,1.48066,0.520053,-0.265542
2,0.0418568,0.323865,0.287039
0,0.315669,0.65107,-1.47512
1,1.51104,0.500062,-0.281898
2,0.0538144,0.339286,0.249307
0,0.333979,0.674456,-1.50401
1,1.54095,0.480116,-0.298639
2,0.0664916,0.354871,0.210823
0,0.352679,0.697768,-1.53246
1,1.57039,0.460228,-0.315756
2,0.0798916,0.370608,0.171598
0,0.371758,0.720995,-1.56046
1,1.59938,0.440412,-0.333238
2,0.0940173,0.386484,0.131638
0,0.391205,0.744125,-1.58804
1,1.62793,0.420679,-0.351077
2,0.108871,0.402487,0.0909514
0,0.411009,0.767149,-1.61519
1,1.65605,0.401042,-0.369264
2,0.124454,0.418607,0.0495436
0,0.431161,0.790056,-1.64193
1,1.68375,0.38151,-0.387791
2,0.140769,0.434833,0.00742014
0,0.451651,0.812838,-1.66827
1,1.71104,0.362094,-0.406649
2,0.157816,0.451155,-0.0354144
0,0.472468,0.835487,-1.69422
1,1.73792,0.342803,-0.42583
2,0.175596,0.467564,-0.0789566
0,0.493604,0.857995,-1.71978
1,1.76442,0.323644,-0.445327
2,0.194111,0.484051,-0.123204
0,0.515049,0.880354,-1.74496
1,1.79053,0.304627,-0.465133
2,0.213359,0.500609,-0.168154
0,0.536796,0.902559,-1.76977
1,1.81627,0.285758,-0.48524
2,0.233343,0.517231,-0.213808
0,0.558834,0.924602,-1.79421
1,1.84164,0.267045,-0.505641
2,0.25406,0.53391,-0.260165
0,0.581157,0.946478,-1.8183
1,1.86665,0.248494,-0.526331
2,0.275513,0.550641,-0.307228
0,0.603755,0.968181,-1.84203
1,1.89131,0.230112,-0.547302
2,0.2977,0.567421,-0.354999
0,0.626622,0.989705,-1.86541
1,1.91564,0.211903,-0.568548
2,0.320621,0.584246,-0.403484
0,0.649748,1.01105,-1.88846
1,1.93962,0.193873,-0.590064
2,0.344277,0.601115,-0.452688
0,0.673128,1.0322,-1.91116
1,1.96329,0.176029,-0.611845
2,0.368666,0.618025,-0.50262
0,0.696753,1.05316,-1.93354
1,1.98663,0.158373,-0.633883
2,0.393789,0.634979,-0.553288
0,0.720616,1.07392,-1.95558
1,2.00966,0.140911,-0.656175
2,0.419646,0.651979,-0.604705
0,0.744711,1.09447,-1.97731
1,2.03239,0.123646,-0.678715
2,0.446237,0.669028,-0.656884
0,0.769031,1.11482,-1.99871
1,2.05481,0.106584,-0.701498
2,0.473564,0.686133,-0.709842
0,0.793568,1.13496,-2.01979
1,2.07695,0.0897266,-0.72452
2,0.501625,0.703302,-0.763597
0,0.818316,1.15488,-2.04055
1,2.0988,0.0730786,-0.747775
2,0.530424,0.720545,-0.818171
0,0.84327,1.17458,-2.06101
1,2.12037,0.056643,-0.771261
2,0.559962,0.737877,-0.873591
0,0.868421,1.19406,-2.08114
1,2.14167,0.0404228,-0.794972
2,0.59024,0.755315,-0.929885
0,0.893764,1.2133,-2.10097
1,2.16271,0.0244211,-0.818905
2,0.621264,0.772878,-0.987087
0,0.919293,1.23231,-2.12048
1,2.18348,0.00864056,-0.843055
2,0.653036,0.790594,-1.04524
0,0.945,1.25107,-2.13968
1,2.204,-0.00691613,-0.867419
2,0.685562,0.808493,-1.10438
0,0.970881,1.26959,-2.15857
1,2.22427,-0.0222465,-0.891994
2,0.71885,0.826613,-1.16457
0,0.996926,1.28785,-2.17714
1,2.24429,-0.0373483,-0.916775
2,0.752909,0.844999,-1.22586
0,1.02313,1.30584,-2.19538
1,2.26408,-0.0522192,-0.941759
2,0.787749,0.863706,-1.28832
0,1.04949,1.32357,-2.2133
1,2.28364,-0.0668572,-0.966943
2,0.823385,0.882803,-1.35205
0,1.07599,1.34101,-2.23089
1,2.30297,-0.0812605,-0.992324
2,0.859834,0.902372,-1.41712
0,1.10263,1.35816,-2.24814
1,2.32208,-0.0954271,-1.0179
2,0.897119,0.922515,-1.48366
0,1.1294,1.375,-2.26504
1,2.34097,-0.109355,-1.04366
2,0.935268,0.94336,-1.5518
0,1.15629,1.39152,-2.28157
1,2.35966,-0.123044,-1.06962
2,0.974317,0.96507,-1.6217
0,1.18329,1.40768,-2.29773
1,2.37813,-0.136491,-1.09575
2,1.01431,0.987851,-1.69355
0,1.21039,1.42347,-2.31348
1,2.39641,-0.149695,-1.12207
2,1.05531,1.01198,-1.7676
0,1.23758,1.43885,-2.3288
1,2.41449,-0.162656,-1.14857
2,1.0974,1.03782,-1.84413
0,1.26483,1.45375,-2.34366
1,2.43238,-0.175372,-1.17524
2,1.14067,1.0659,-1.92352
0,1.29214,1.46811,-2.35802
1,2.45009,-0.187841,-1.20209
2,1.18527,1.09695,-2.00624
0,1.31948,1.48181,-2.37181
1,2.46761,-0.200064,-1.22911
2,1.2314,1.13212,-2.09291
0,1.34681,1.49467,-2.38495
1,2.48496,-0.212039,-1.25629
2,1.27933,1.17328,-2.18431
0,1.37409,1.50633,-2.39736
1,2.50214,-0.223766,-1.28364
2,1.32947,1.22383,-2.28136
0,1.40126,1.51609,-2.409
1,2.51915,-0.235243,-1.31115
2,1.38229,1.29086,-2.38451
0,1.42835,1.52224,-2.42038
1,2.536,-0.246471,-1.33882
2,1.43743,1.39142,-2.48841
0,1.45633,1.52244,-2.43609
1,2.55269,-0.257449,-1.36664
2,1.48482,1.54806,-2.54701
0,1.48672,1.52373,-2.46077
1,2.56923,-0.268176,-1.39462
2,1.509,1.69,-2.51395
0,1.5181,1.5297,-2.48771
1,2.58562,-0.278651,-1.42275
2,1.52462,1.78206,-2.45696
0,1.54972,1.53812,-2.51432
1,2.60186,-0.288874,-1.45102
2,1.53932,1.84701,-2.40186
0,1.58143,1.54781,-2.54028
1,2.61795,-0.298844,-1.47943
2,1.55453,1.89677,-2.3518
0,1.61319,1.55821,-2.56561
1,2.63391,-0.308561,-1.50799
2,1.57054,1.93684,-2.30666
0,1.64501,1.56903,-2.59036
1,2.64972,-0.318025,-1.53669
2,1.58737,1.97014,-2.26587
0,1.67688,1.58011,-2.61459
1,2.66541,-0.327236,-1.56552
2,1.60498,1.99839,-2.22889
0,1.70882,1.59132,-2.63836
1,2.68096,-0.336192,-1.59449
2,1.62333,2.0227,-2.19528
0,1.74081,1.6026,-2.66169
1,2.69639,-0.344894,-1.62358
2,1.64235,2.04383,-2.16466
0,1.77285,1.61388,-2.68463
1,2.71169,-0.353342,-1.65281
2,1.66201,2.0623,-2.13673
0,1.80497,1.62514,-2.70719
1,2.72688,-0.361534,-1.68217
2,1.68226,2.07853,-2.11125
0,1.83714,1.63634,-2.7294
1,2.74194,-0.369471,-1.71165
2,1.70307,2.09281,-2.08802
0,1.86937,1.64745,-2.75129
1,2.75689,-0.377152,-1.74125
2,1.7244,2.10537,-2.06685
0,1.90167,1.65846,-2.77286
1,2.77173,-0.384578,-1.77097
2,1.74624,2.11642,-2.04762
0,1.93403,1.66935,-2.79413
1,2.78646,-0.391746,-1.80081
2,1.76855,2.12611,-2.03019
0,1.96645,1.6801,-2.81512
1,2.80108,-0.398658,-1.83076
2,1.79132,2.13456,-2.01446
0,1.99892,1.69071,-2.83583
1,2.8156,-0.405312,-1.86083
2,1.81452,2.14188,-2.00034
0,2.03146,1.70116,-2.85628
1,2.83002,-0.411708,-1.89101
2,1.83815,2.14815,-1.98775
0,2.06405,1.71146,-2.87647
1,2.84434,-0.417845,-1.9213
2,1.86218,2.15347,-1.97662
0,2.0967,1.72158,-2.89642
1,2.85857,-0.423724,-1.9517
2,1.8866,2.15789,-1.96689
0,2.1294,1.73153,-2.91612
1,2.8727,-0.429343,-1.9822
2,1.91141,2.16148,-1.9585
0,2.16216,1.7413,-2.9356
1,2.88674,-0.434702,-2.01281
2,1.93659,2.16427,-1.95142
0,2.19496,1.75088,-2.95484
1,2.9007,-0.4398,-2.04351
2,1.96213,2.16632,-1.94559
0,2.22782,1.76026,-2.97386
1,2.91457,-0.444636,-2.07432
2,1.98802,2.16767,-1.94098
0,2.26073,1.76946,-2.99267
1,2.92836,-0.449211,-2.10523
2,2.01425,2.16835,-1.93756
0,2.29368,1.77845,-3.01127
1,2.94207,-0.453523,-2.13623
2,2.04083,2.1684,-1.9353
0,2.32667,1.78724,-3.02965
1,2.9557,-0.457571,-2.16732
2,2.06773,2.16784,-1.93417
0,2.35971,1.79583,-3.04784
1,2.96925,-0.461355,-2.1985
2,2.09497,2.16669,-1.93414
0,2.39279,1.80421,-3.06583
1,2.98273,-0.464875,-2.22978
2,2.12252,2.16498,-1.9352
0,2.4259,1.81237,-3.08362
1,2.99615,-0.468128,-2.26114
2,2.15039,2.16274,-1.93734
0,2.45906,1.82032,-3.10122
1,3.00949,-0.471114,-2.29259
2,2.17857,2.15998,-1.94052
0,2.49225,1.82805,-3.11863
1,3.02277,-0.473833,-2.32413
2,2.20706,2.15672,-1.94474
0,2.52547,1.83556,-3.13586
1,3.03598,-0.476283,-2.35574
2,2.23586,2.15298,-1.95
0,2.55872,1.84285,-3.1529
1,3.04913,-0.478464,-2.38744
2,2.26496,2.14876,-1.95626
0,2.592,1.84992,-3.16977
1,3.06223,-0.480375,-2.41922
2,2.29436,2.1441,-1.96354
0,2.62531,1.85675,-3.18645
1,3.07527,-0.482014,-2.45107
2,2.32406,2.13899,-1.97183
0,2.65864,1.86336,-3.20296
1,3.08825,-0.48338,-2.483
2,2.35405,2.13345,-1.9811
0,2.692,1.86974,-3.2193
1,3.10118,-0.484472,-2.515
2,2.38435,2.1275,-1.99138
0,2.72537,1.87588,-3.23547
1,3.11406,-0.48529,-2.54708
2,2.41493,2.12113,-2.00264
0,2.75876,1.88178,-3.25146
1,3.12689,-0.485832,-2.57922
2,2.44581,2.11437,-2.0149
0,2.79217,1.88745,-3.26729
1,3.13968,-0.486096,-2.61144
2,2.47699,2.10723,-2.02815
0,2.8256,1.89287,-3.28296
1,3.15243,-0.486082,-2.64372
2,2.50846,2.0997,-2.04239
0,2.85903,1.89806,-3.29846
1,3.16513,-0.485788,-2.67606
2,2.54022,2.0918,-2.05763
0,2.89247,1.90299,-3.31379
1,3.1778,-0.485213,-2.70847
2,2.57228,2.08355,-2.07387
0,2.92592,1.90768,-3.32897
1,3.19043,-0.484355,-2.74093
2,2.60464,2.07494,-2.09113
0,2.95937,1.91212,-3.34398
1,3.20302,-0.483213,-2.77346
2,2.63729,2.06598,-2.1094
0,2.99283,1.91631,-3.35884
1,3.21558,-0.481786,-2.80604
2,2.67025,2.05669,-2.12869
0,3.02628,1.92025,-3.37353
1,3.22812,-0.480071,-2.83868
2,2.70351,2.04706,-2.14903
0,3.05973,1.92393,-3.38807
1,3.24063,-0.478068,-2.87138
2,2.73708,2.03711,-2.17042
0,3.09317,1.92735,-3.40245
1,3.25311,-0.475774,-2.90412
2,2.77096,2.02685,-2.19287
0,3.12661,1.93051,-3.41667
1,3.26557,-0.473189,-2.93691
2,2.80515,2.01627,-2.21641
0,3.16003,1.9334,-3.43073
1,3.27801,-0.470309,-2.96975
2,2.83966,2.00539,-2.24105
0,3.19344,1.93603,-3.44463
1,3.29043,-0.467134,-3.00264
2,2.8745,1.99422,-2.26681
0,3.22682,1.93839,-3.45838
1,3.30284,-0.463662,-3.03557
2,2.90967,1.98277,-2.29372
0,3.26019,1.94048,-3.47197
1,3.31524,-0.45989,-3.06854
2,2.94518,1.97103,-2.32181
0,3.29353,1.94229,-3.48539
1,3.32762,-0.455816,-3.10155
2,2.98103,1.95903,-2.35109
0,3.32685,1.94383,-3.49866
1,3.34,-0.451439,-3.1346
2,3.01723,1.94677,-2.38162
0,3.36013,1.94508,-3.51176
1,3.35237,-0.446757,-3.16768
2,3.0538,1.93426,-2.41342
0,3.39338,1.94605,-3.5247
1,3.36474,-0.441766,-3.20079
2,3.09075,1.92151,-2.44653
0,3.42659,1.94674,-3.53748
1,3.37711,-0.436466,-3.23394
2,3.12809,1.90854,-2.48101
0,3.45975,1.94713,-3.55008
1,3.38949,-0.430853,-3.26711
2,3.16582,1.89535,-2.5169
0,3.49286,1.94723,-3.56251
1,3.40187,-0.424926,-3.30031
2,3.20398,1.88198,-2.55425
0,3.52593,1.94703,-3.57477
1,3.41426,-0.418681,-3.33353
2,3.24258,1.86843,-2.59315
0,3.55893,1.94652,-3.58684
1,3.42666,-0.412117,-3.36678
2,3.28163,1.85473,-2.63365
0,3.59187,1.9457,-3.59872
1,3.43908,-0.405229,-3.40004
2,3.32117,1.84091,-2.67586
0,3.62475,1.94457,-3.61041
1,3.45151,-0.398017,-3.43332
2,3.36122,1.827,-2.71985
0,3.65754,1.94311,-3.62189
1,3.46396,-0.390477,-3.46661
2,3.40182,1.81304,-2.76575
0,3.69026,1.94132,-3.63316
1,3.47644,-0.382606,-3.49991
2,3.44301,1.79908,-2.81368
0,3.72288,1.93919,-3.6442
1,3.48895,-0.3744,-3.53322
2,3.48483,1.78518,-2.86381
0,3.7554,1.93671,-3.655
1,3.50149,-0.365858,-3.56653
2,3.52735,1.77142,-2.9163
0,3.78781,1.93387,-3.66554
1,3.51406,-0.356975,-3.59985
2,3.57063,1.7579,-2.97139
0,3.8201,1.93064,-3.67579
1,3.52667,-0.347749,-3.63317
2,3.61477,1.74475,-3.02935
0,3.85224,1.92702,-3.68573
1,3.53932,-0.338175,-3.66648
2,3.65988,1.73217,-3.09051
0,3.88423,1.92296,-3.69531
1,3.55201,-0.328251,-3.69978
2,3.70612,1.72041,-3.1553
0,3.91604,1.91842,-3.70448
1,3.56476,-0.317972,-3.73308
2,3.75368,1.70984,-3.22429
0,3.94763,1.91335,-3.71316
1,3.57756,-0.307336,-3.76636
2,3.80286,1.70106,-3.29826
0,3.97895,1.90765,-3.72125
1,3.59042,-0.296337,-3.79962
2,3.85408,1.695,-3.37831
0,4.00994,1.90113,-3.72859
1,3.60334,-0.284972,-3.83287
2,3.90805,1.69341,-3.46609
0,4.04045,1.89343,-3.7349
1,3.61633,-0.273238,-3.86609
2,3.96601,1.6999,-3.56429
0,4.07023,1.88357,-3.73975
1,3.62939,-0.26113,-3.89929
2,4.03052,1.72434,-3.67728
0,4.09878,1.86736,-3.74354
1,3.64253,-0.248645,-3.93245
2,4.10608,1.80825,-3.80048
0,4.12974,1.84347,-3.76049
1,3.65575,-0.235779,-3.96558
2,4.15444,1.96201,-3.79096
0,4.16349,1.82763,-3.78384
1,3.66906,-0.222528,-3.99868
2,4.17318,2.03002,-3.71795
0,4.19741,1.81529,-3.80628
1,3.68246,-0.208889,-4.03173
2,4.18911,2.05907,-3.65455
0,4.23119,1.80439,-3.82769
1,3.69596,-0.194856,-4.06474
2,4.20541,2.06983,-3.60187
0,4.26478,1.79418,-3.84826
1,3.70957,-0.180426,-4.0977
2,4.22263,2.06964,-3.55813
0,4.29815,1.78431,-3.86814
1,3.72329,-0.165594,-4.13061
2,4.24086,2.06201,-3.52195
0,4.3313,1.77459,-3.88741
1,3.73712,-0.150357,-4.16345
2,4.26007,2.04886,-3.49232
0,4.36423,1.76489,-3.90616
1,3.75108,-0.134709,-4.19623
2,4.28026,2.03143,-3.46852
0,4.39693,1.75513,-3.92445
1,3.76518,-0.118647,-4.22895
2,4.30137,2.01052,-3.45006
0,4.42941,1.74523,-3.94232
1,3.77941,-0.102167,-4.26159
2,4.32339,1.98672,-3.43653
0,4.46165,1.73516,-3.95981
1,3.79378,-0.0852642,-4.29415
2,4.34628,1.96047,-3.42767
0,4.49365,1.72487,-3.97693
1,3.80831,-0.0679342,-4.32662
2,4.37004,1.93208,-3.42328
0,4.5254,1.71434,-3.99371
1,3.82301,-0.0501727,-4.35901
2,4.39465,1.90184,-3.42321
0,4.55689,1.70353,-4.01016
1,3.83787,-0.0319752,-4.39129
2,4.42011,1.86996,-3.42739
0,4.58812,1.69244,-4.0263
1,3.85291,-0.0133372,-4.42347
2,4.44643,1.83663,-3.43577
0,4.61908,1.68102,-4.04213
1,3.86814,0.00574582,-4.45554
2,4.47363,1.80202,-3.44837
0,4.64974,1.66927,-4.05765
1,3.88357,0.0252786,-4.48749
2,4.50173,1.76626,-3.46524
0,4.6801,1.65716,-4.07286
1,3.89921,0.0452656,-4.51931
2,4.53076,1.72952,-3.48647
0,4.71015,1.64468,-4.08776
1,3.91507,0.0657118,-4.55099
2,4.56078,1.69193,-3.51222
0,4.73985,1.63181,-4.10233
1,3.93115,0.0866216,-4.58252
2,4.59184,1.65366,-3.5427
0,4.76921,1.61852,-4.11656
1,3.94748,0.108,-4.6139
2,4.62403,1.61487,-3.57821
0,4.79818,1.60478,-4.13041
1,3.96407,0.129852,-4.6451
2,4.65747,1.57579,-3.61915
0,4.82675,1.59057,-4.14385
1,3.98092,0.152181,-4.67613
2,4.69231,1.53669,-3.66604
0,4.85487,1.57584,-4.15681
1,3.99805,0.174994,-4.70697
2,4.72876,1.49798,-3.71961
0,4.8825,1.56052,-4.1692
1,4.01548,0.198294,-4.7376
2,4.76716,1.46025,-3.78091
0,4.90957,1.54452,-4.18088
1,4.03321,0.222086,-4.76801
2,4.80799,1.42451,-3.85148
0,4.93599,1.52763,-4.19161
1,4.05128,0.246374,-4.79819
2,4.85208,1.39265,-3.93378
0,4.96156,1.50941,-4.20098
1,4.0697,0.271164,-4.82812
2,4.90103,1.36906,-4.03216
0,4.9859,1.48844,-4.20813
1,4.08848,0.296459,-4.85778
2,4.95863,1.36811,-4.1552
0,5.00878,1.45619,-4.21596
1,4.10764,0.322264,-4.88716
2,5.02562,1.47385,-4.27247
0,5.03631,1.42452,-4.24309
1,4.12722,0.34858,-4.91624
2,5.03889,1.56356,-4.19786
0,5.06421,1.40139,-4.26991
1,4.14722,0.375411,-4.94499
2,5.04382,1.56239,-4.12986
0,5.09137,1.38076,-4.29468
1,4.16768,0.402758,-4.97341
2,5.05162,1.5312,-4.08592
0,5.11769,1.36113,-4.31779
1,4.18862,0.430621,-5.00146
2,5.06284,1.48488,-4.06222
0,5.14316,1.34189,-4.33947
1,4.21007,0.458999,-5.02913
2,5.07753,1.42948,-4.05662
0,5.16773,1.32271,-4.35982
1,4.23206,0.48789,-5.05639
2,5.09582,1.36845,-4.0684
0,5.19133,1.30334,-4.37881
1,4.25461,0.51729,-5.08322
2,5.11804,1.30436,-4.09807
0,5.21388,1.28349,-4.39629
1,4.27776,0.547192,-5.10958
2,5.1449,1.23999,-4.14753
0,5.23518,1.26274,-4.41186
1,4.30153,0.57759,-5.13544
2,5.17782,1.17978,-4.22093
0,5.25487,1.23996,-4.42465
1,4.32598,0.608473,-5.16078
2,5.22007,1.13513,-4.32725
0,5.27212,1.20889,-4.43379
1,4.35112,0.639828,-5.18554
2,5.27905,1.16879,-4.47433
0,5.29287,1.16977,-4.46269
1,4.37701,0.671638,-5.20971
2,5.29216,1.27286,-4.42584
0,5.3145,1.14464,-4.49377
1,4.40369,0.703883,-5.23323
2,5.28792,1.23161,-4.36283
0,5.33429,1.12318,-4.52004
1,4.4312,0.736536,-5.25606
2,5.29368,1.15,-4.35472
0,5.3519,1.10223,-4.54147
1,4.45958,0.769568,-5.27816
2,5.31229,1.05976,-4.40219
0,5.36661,1.07816,-4.55664
1,4.48889,0.802941,-5.29948
2,5.35035,0.997974,-4.51939
0,5.38021,1.03719,-4.57724
1,4.51918,0.836611,-5.31998
2,5.38731,1.09966,-4.58543
0,5.39751,1.0119,-4.61216
1,4.55048,0.870525,-5.33959
2,5.37481,1.0377,-4.51651
0,5.41024,0.991076,-4.63276
1,4.58287,0.90462,-5.35826
2,5.39687,0.931558,-4.59959
0,5.42182,0.953145,-4.6595
1,4.61638,0.938825,-5.37594
2,5.41538,0.991567,-4.62299
0,5.43185,0.925544,-4.68307
1,4.65106,0.973053,-5.39258
2,5.43329,0.948361,-4.6818
0,5.45763,0.957047,-4.76698
1,4.68696,1.00723,-5.40813
2,6.49589,2.9011,-8.4467
0,5.48754,1.00526,-4.87093
1,4.72416,1.04133,-5.42263
2,7.89167,5.50269,-13.3875
0,5.51593,1.05354,-4.97598
1,4.76288,1.07536,-5.43604
2,9.28743,8.10427,-18.3284
0,5.54248,1.10187,-5.08214
1,4.80344,1.10934,-5.44834
2,10.6832,10.7058,-23.2691
0,5.56683,1.15022,-5.18937
1,4.8462,1.14329,-5.45955
2,12.0789,13.3074,-28.2099
0,5.58853,1.19855,-5.29759
1,4.8916,1.17728,-5.46978
2,13.4747,15.909,-33.1507
0,5.6071,1.24677,-5.40656
1,4.94014,1.21136,-5.47925
2,14.8705,18.5105,-38.0915
0,5.62199,1.29479,-5.51591
1,4.99234,1.24563,-5.48834
2,16.2662,21.1121,-43.0323
0,5.63274,1.34249,-5.62505
1,5.04869,1.28023,-5.49763
2,17.662,23.7136,-47.9731
0,5.63903,1.3897,-5.73319
1,5.10949,1.3153,-5.50791
2,19.0577,26.3152,-52.9138
0,5.64083,1.43627,-5.8394
1,5.17478,1.35101,-5.52011
2,20.4535,28.9168,-57.8546
0,5.63848,1.48208,-5.94276
1,5.2442,1.38747,-5.53514
2,21.8492,31.5183,-62.7954
0,5.63269,1.52707,-6.04256
1,5.31706,1.42475,-5.55373
2,23.245,34.1199,-67.7362
0,5.62435,1.57122,-6.13843
1,5.39247,1.46285,-5.57624
2,24.6407,36.7214,-72.6769
0,5.61436,1.61461,-6.23034
1,5.46952,1.50172,-5.60271
2,26.0365,39.323,-77.6177
0,5.60349,1.65733,-6.3185
1,5.54745,1.54125,-5.6329
2,27.4322,41.9245,-82.5585
0,5.59232,1.69947,-6.4033
1,5.62567,1.58135,-5.66646
2,28.828,44.5261,-87.4993
0,5.58128,1.74113,-6.48514
1,5.70376,1.62193,-5.70298
2,30.2238,47.1277,-92.44
0,5.57063,1.78241,-6.56443
1,5.78146,1.66289,-5.74203
2,31.6195,49.7292,-97.3808
0,5.56054,1.82337,-6.64154
1,5.85861,1.70417,-5.78327
2,33.0153,52.3308,-102.322
0,5.55108,1.86406,-6.71679
1,5.93511,1.7457,-5.82637
2,34.411,54.9323,-107.262
0,5.54231,1.90455,-6.79043
1,6.01093,1.78745,-5.87107
2,35.8068,57.5339,-112.203
0,5.53423,1.94485,-6.8627
1,6.08605,1.82938,-5.91714
2,37.2025,60.1354,-117.144
0,5.52685,1.98502,-6.93378
1,6.16048,1.87144,-5.96439
2,38.5983,62.737,-122.085
0,5.52014,2.02506,-7.00384
1,6.23423,1.91363,-6.01267
2,39.994,65.3386,-127.025
0,5.51407,2.065,-7.073
1,6.30735,1.95592,-6.06185
2,41.3898,67.9401,-131.966
0,5.50861,2.10485,-7.14137
1,6.37984,1.99829,-6.11182
2,42.7855,70.5417,-136.907
0,5.50375,2.14463,-7.20904
1,6.45175,2.04074,-6.16248
2,44.1813,73.1432,-141.848
0,5.49944,2.18435,-7.2761
1,6.52309,2.08325,-6.21375
2,45.577,75.7448,-146.789
0,5.49566,2.22402,-7.3426
1,6.59391,2.1258,-6.26558
2,46.9728,78.3463,-151.729
0,5.49238,2.26365,-7.40862
1,6.66423,2.16841,-6.3179
2,48.3685,80.9479,-156.67
0,5.48958,2.30323,-7.47419
1,6.73408,2.21105,-6.37065
2,49.7643,83.5494,-161.611
0,5.48722,2.34278,-7.53937
1,6.80347,2.25372,-6.42381
2,51.16,86.151,-166.552
0,5.48529,2.3823,-7.60418
1,6.87244,2.29643,-6.47733
2,52.5558,88.7526,-171.492
0,5.48377,2.4218,-7.66867
1,6.94101,2.33915,-6.53117
2,53.9515,91.3541,-176.433
0,5.48263,2.46127,-7.73285
1,7.00919,2.3819,-6.58532
2,55.3473,93.9557,-181.374
0,5.48185,2.50073,-7.79676
1,7.077,2.42467,-6.63974
2,56.7431,96.5572,-186.315
0,5.48142,2.54017,-7.86042
1,7.14447,2.46746,-6.69441
2,58.1388,99.1588,-191.255
0,5.48132,2.57959,-7.92384
1,7.21161,2.51026,-6.74932
2,59.5346,101.76,-196.196
0,5.48154,2.619,-7.98706
1,7.27843,2.55307,-6.80443
2,60.9303,104.362,-201.137
0,5.48206,2.65841,-8.05007
1,7.34495,2.59589,-6.85975
2,62.3261,106.963,-206.078
0,5.48286,2.6978,-8.1129
1,7.41119,2.63872,-6.91525
2,63.7218,109.565,-211.019
0,5.48394,2.73718,-8.17556
1,7.47715,2.68157,-6.97092
2,65.1176,112.167,-215.959
0,5.48528,2.77655,-8.23806
1,7.54284,2.72441,-7.02675
2,66.5133,114.768,-220.9
0,5.48688,2.81592,-8.30041
1,7.60829,2.76727,-7.08273
2,67.9091,117.37,-225.841
0,5.48871,2.85529,-8.36262
1,7.67349,2.81013,-7.13884
2,69.3048,119.971,-230.782
0,5.49078,2.89464,-8.4247
1,7.73846,2.85299,-7.19509
2,70.7006,122.573,-235.722
0,5.49307,2.934,-8.48666
1,7.8032,2.89586,-7.25146
2,72.0963,125.174,-240.663
0,5.49558,2.97335,-8.54851
1,7.86774,2.93874,-7.30794
2,73.4921,127.776,-245.604
0,5.49829,3.0127,-8.61025
1,7.93206,2.98161,-7.36453
2,74.8878,130.377,-250.545
0,5.5012,3.05204,-8.67188
1,7.99619,3.02449,-7.42122
2,76.2836,132.979,-255.485
0,5.5043,3.09138,-8.73342
1,8.06012,3.06737,-7.47801
2,77.6793,135.581,-260.426
0,5.50759,3.13072,-8.79487
1,8.12387,3.11025,-7.53489
2,79.0751,138.182,-265.367
0,5.51106,3.17006,-8.85623
1,8.18745,3.15313,-7.59185
2,80.4708,140.784,-270.308
0,5.51469,3.2094,-8.91752
1,8.25085,3.19602,-7.6489
2,81.8666,143.385,-275.249
0,5.5185,3.24874,-8.97872
1,8.31408,3.2389,-7.70602
2,83.2623,145.987,-280.189
0,5.52246,3.28808,-9.03985
1,8.37715,3.28179,-7.76322
2,84.6581,148.588,-285.13
0,5.52658,3.32741,-9.10091
1,8.44007,3.32467,-7.82049
2,86.0539,151.19,-290.071
0,5.53086,3.36675,-9.16191
1,8.50284,3.36756,-7.87782
2,87.4496,153.791,-295.012
0,5.53527,3.40609,-9.22284
1,8.56546,3.41045,-7.93521
2,88.8454,156.393,-299.952
0,5.53983,3.44542,-9.28371
1,8.62793,3.45333,-7.99267
2,90.2411,158.995,-304.893
0,5.54453,3.48476,-9.34452
1,8.69027,3.49622,-8.05018
2,91.6369,161.596,-309.834
0,5.54936,3.5241,-9.40528
1,8.75248,3.5391,-8.10775
2,93.0326,164.198,-314.775
0,5.55432,3.56343,-9.46599
1,8.81456,3.58199,-8.16537
2,94.4284,166.799,-319.716
0,5.5594,3.60277,-9.52665
1,8.87651,3.62487,-8.22304
2,95.8241,169.401,-324.656
0,5.56461,3.64211,-9.58725
1,8.93834,3.66775,-8.28076
2,97.2199,172.002,-329.597
0,5.56994,3.68145,-9.64782
1,9.00005,3.71063,-8.33853
2,98.6156,174.604,-334.538
0,5.57538,3.72079,-9.70834
1,9.06165,3.75352,-8.39633
2,100.011,177.205,-339.479
0,5.58094,3.76014,-9.76881
1,9.12313,3.7964,-8.45419
2,101.407,179.807,-344.419
0,5.5866,3.79948,-9.82925
1,9.1845,3.83927,-8.51208
2,102.803,182.409,-349.36
0,5.59237,3.83882,-9.88964
1,9.24577,3.88215,-8.57001
2,104.199,185.01,-354.301
0,5.59825,3.87817,-9.95
1,9.30693,3.92503,-8.62798
2,105.594,187.612,-359.242
0,5.60422,3.91752,-10.0103
1,9.36799,3.9679,-8.68598
2,106.99,190.213,-364.182
0,5.6103,3.95687,-10.0706
1,9.42895,4.01078,-8.74402
2,108.386,192.815,-369.123
0,5.61647,3.99622,-10.1309
1,9.48982,4.05365,-8.80209
2,109.782,195.416,-374.064
0,5.62274,4.03557,-10.1911
1,9.55059,4.09652,-8.8602
2,111.177,198.018,-379.005
0,5.62909,4.07492,-10.2513
1,9.61127,4.13939,-8.91833
2,112.573,200.619,-383.946
0,5.63554,4.11427,-10.3114
1,9.67186,4.18226,-8.9765
2,113.969,203.221,-388.886
0,5.64208,4.15363,-10.3716
1,9.73236,4.22512,-9.0347
2,115.365,205.823,-393.827
0,5.6487,4.19299,-10.4317
1,9.79278,4.26799,-9.09292
2,116.76,208.424,-398.768
0,5.6554,4.23234,-10.4917
1,9.85311,4.31085,-9.15117
2,118.156,211.026,-403.709
0,5.66219,4.27171,-10.5518
1,9.91336,4.35371,-9.20945
2,119.552,213.627,-408.649
0,5.66905,4.31107,-10.6118
1,9.97353,4.39657,-9.26775
2,120.948,216.229,-413.59
0,5.676,4.35043,-10.6718
1,10.0336,4.43943,-9.32607
2,122.343,218.83,-418.531
0,5.68302,4.38979,-10.7318
1,10.0936,4.48229,-9.38442
2,123.739,221.432,-423.472
0,5.69011,4.42916,-10.7918
1,10.1536,4.52514,-9.4428
2,125.135,224.033,-428.412
0,5.69728,4.46853,-10.8517
1,10.2135,4.568,-9.50119
2,126.531,226.635,-433.353
0,5.70452,4.5079,-10.9116
1,10.2732,4.61085,-9.55961
2,127.926,229.237,-438.294
0,5.71184,4.54727,-10.9715
1,10.333,4.6537,-9.61804
2,129.322,231.838,-443.235
0,5.71922,4.58664,-11.0314
1,10.3926,4.69655,-9.6765
2,130.718,234.44,-448.176
0,5.72666,4.62602,-11.0912
1,10.4522,4.7394,-9.73498
2,132.114,237.041,-453.116
0,5.73418,4.66539,-11.151
1,10.5117,4.78224,-9.79347
2,133.509,239.643,-458.057
0,5.74176,4.70477,-11.2108
1,10.5712,4.82509,-9.85199
2,134.905,242.244,-462.998
0,5.7494,4.74415,-11.2706
1,10.6306,4.86793,-9.91052
2,136.301,244.846,-467.939
0,5.75711,4.78353,-11.3304
1,10.6899,4.91077,-9.96907
2,137.697,247.447,-472.879
0,5.76488,4.82291,-11.3902
1,10.7492,4.95361,-10.0276
2,139.092,250.049,-477.82
0,5.7727,4.86229,-11.4499
1,10.8084,4.99645,-10.0862
2,140.488,252.65,-482.761
0,5.78059,4.90168,-11.5096
1,10.8676,5.03929,-10.1448
2,141.884,255.252,-487.702
0,5.78853,4.94107,-11.5694
1,10.9266,5.08212,-10.2034
2,143.28,257.854,-492.642
0,5.79654,4.98045,-11.6291
1,10.9857,5.12495,-10.2621
2,144.675,260.455,-497.583
0,5.80459,5.01984,-11.6887
1,11.0447,5.16779,-10.3207
2,146.071,263.057,-502.524
0,5.81271,5.05924,-11.7484
1,11.1036,5.21062,-10.3794
2,147.467,265.658,-507.465
0,5.82087,5.09863,-11.8081
1,11.1625,5.25344,-10.438
2,148.863,268.26,-512.406
0,5.82909,5.13802,-11.8677
1,11.2213,5.29627,-10.4967
2,150.258,270.861,-517.346
0,5.83736,5.17742,-11.9273
1,11.28,5.3391,-10.5554
2,151.654,273.463,-522.287
0,5.84569,5.21682,-11.9869
1,11.3387,5.38192,-10.6141
2,153.05,276.064,-527.228
0,5.85406,5.25622,-12.0465
1,11.3974,5.42474,-10.6729
2,154.446,278.666,-532.169
0,5.86248,5.29562,-12.1061
1,11.456,5.46756,-10.7316
2,155.841,281.268,-537.109
0,5.87096,5.33502,-12.1657
1,11.5146,5.51038,-10.7904
2,157.237,283.869,-542.05
0,5.87948,5.37442,-12.2253
1,11.5731,5.5532,-10.8491
2,158.633,286.471,-546.991
0,5.88804,5.41383,-12.2848
1,11.6316,5.59602,-10.9079
2,160.029,289.072,-551.932
0,5.89666,5.45323,-12.3444
1,11.69,5.63883,-10.9667
2,161.424,291.674,-556.872
0,5.90532,5.49264,-12.4039
1,11.7484,5.68165,-11.0255
2,162.82,294.275,-561.813
0,5.91402,5.53205,-12.4634
1,11.8067,5.72446,-11.0843
2,164.216,296.877,-566.754
0,5.92277,5.57146,-12.5229
1,11.865,5.76727,-11.1431
2,165.612,299.478,-571.695
0,5.93156,5.61087,-12.5824
1,11.9232,5.81008,-11.2019
2,167.007,302.08,-576.636
0,5.9404,5.65029,-12.6419
1,11.9814,5.85289,-11.2607
2,168.403,304.682,-581.576
0,5.94927,5.6897,-12.7014
1,12.0396,5.89569,-11.3196
2,169.799,307.283,-586.517
0,5.95819,5.72912,-12.7609
1,12.0977,5.9385,-11.3784
2,171.195,309.885,-591.458
0,5.96715,5.76854,-12.8203
1,12.1558,5.9813,-11.4373
2,172.59,312.486,-596.399
0,5.97615,5.80796,-12.8798
1,12.2138,6.0241,-11.4962
2,173.986,315.088,-601.339
0,5.98519,5.84738,-12.9392
1,12.2718,6.06691,-11.5551
2,175.382,317.689,-606.28
0,5.99427,5.8868,-12.9987
1,12.3298,6.1097,-11.614
2,176.778,320.291,-611.221
0,6.00339,5.92622,-13.0581
1,12.3877,6.1525,-11.6729
2,178.173,322.892,-616.162
0,6.01255,5.96565,-13.1175
1,12.4456,6.1953,-11.7318
2,179.569,325.494,-621.102
0,6.02174,6.00507,-13.1769
1,12.5034,6.23809,-11.7907
2,180.965,328.096,-626.043
0,6.03097,6.0445,-13.2363
1,12.5612,6.28089,-11.8496
2,182.361,330.697,-630.984
0,6.04024,6.08393,-13.2957
1,12.619,6.32368,-11.9085
2,183.756,333.299,-635.925
0,6.04955,6.12336,-13.3551
1,12.6767,6.36647,-11.9675
2,185.152,335.9,-640.866
0,6.05889,6.16279,-13.4145
1,12.7344,6.40926,-12.0264
2,186.548,338.502,-645.806
0,6.06826,6.20222,-13.4739
1,12.7921,6.45205,-12.0854
2,187.944,341.103,-650.747
0,6.07767,6.24166,-13.5332
1,12.8497,6.49484,-12.1443
2,189.339,343.705,-655.688
0,6.08711,6.28109,-13.5926
1,12.9073,6.53763,-12.2033
2,190.735,346.306,-660.629
0,6.09659,6.32053,-13.6519
1,12.9649,6.58041,-12.2623
2,192.131,348.908,-665.569
0,6.1061,6.35997,-13.7113
1,13.0224,6.62319,-12.3213
2,193.527,351.51,-670.51
0,6.11564,6.39941,-13.7706
1,13.0799,6.66598,-12.3802
2,194.923,354.111,-675.451
0,6.12522,6.43885,-13.83
1,13.1374,6.70876,-12.4392
2,196.318,356.713,-680.392
0,6.13482,6.47829,-13.8893
1,13.1948,6.75154,-12.4982
2,197.714,359.314,-685.332
0,6.14446,6.51773,-13.9486
1,13.2522,6.79432,-12.5572
2,199.11,361.916,-690.273
0,6.15413,6.55718,-14.0079
1,13.3096,6.83709,-12.6163
2,200.506,364.517,-695.214
0,6.16383,6.59662,-14.0672
1,13.3669,6.87987,-12.6753
2,201.901,367.119,-700.155
0,6.17356,6.63607,-14.1265
1,13.4242,6.92264,-12.7343
2,203.297,369.72,-705.096
0,6.18332,6.67551,-14.1858
1,13.4815,6.96542,-12.7933
2,204.693,372.322,-710.036
0,6.19312,6.71496,-14.2451
1,13.5387,7.00819,-12.8524
2,206.089,374.924,-714.977
0,6.20294,6.75441,-14.3044
1,13.5959,7.05096,-12.9114
2,207.484,377.525,-719.918
0,6.21278,6.79386,-14.3637
1,13.6531,7.09373,-12.9705
2,208.88,380.127,-724.859
0,6.22266,6.83332,-14.4229
1,13.7103,7.1365,-13.0295
2,210.276,382.728,-729.799
0,6.23257,6.87277,-14.4822
1,13.7674,7.17927,-13.0886
2,211.672,385.33,-734.74
0,6.2425,6.91222,-14.5415
1,13.8245,7.22204,-13.1476
2,213.067,387.931,-739.681
0,6.25246,6.95168,-14.6007
1,13.8816,7.2648,-13.2067
2,214.463,390.533,-744.622
0,6.26245,6.99114,-14.66
1,13.9386,7.30757,-13.2658
2,215.859,393.134,-749.562
0,6.27246,7.03059,-14.7192
1,13.9957,7.35033,-13.3248
2,217.255,395.736,-754.503
0,6.28251,7.07005,-14.7785
1,14.0527,7.39309,-13.3839
2,218.65,398.338,-759.444
0,6.29257,7.10951,-14.8377
1,14.1096,7.43586,-13.443
2,220.046,400.939,-764.385
0,6.30267,7.14897,-14.897
1,14.1666,7.47862,-13.5021
2,221.442,403.541,-769.326
0,6.31279,7.18844,-14.9562
1,14.2235,7.52138,-13.5612
2,222.838,406.142,-774.266
0,6.32293,7.2279,-15.0154
1,14.2804,7.56413,-13.6203
2,224.233,408.744,-779.207
0,6.3331,7.26736,-15.0746
1,14.3372,7.60689,-13.6794
2,225.629,411.345,-784.148
0,6.3433,7.30683,-15.1338
1,14.3941,7.64965,-13.7385
2,227.025,413.947,-789.089
0,6.35352,7.34629,-15.1931
1,14.4509,7.6924,-13.7976
2,228.421,416.548,-794.029
0,6.36376,7.38576,-15.2523
1,14.5077,7.73516,-13.8567
2,229.816,419.15,-798.97
0,6.37403,7.42523,-15.3115
1,14.5645,7.77791,-13.9159
2,231.212,421.752,-803.911
0,6.38432,7.4647,-15.3707
1,14.6212,7.82066,-13.975
2,232.608,424.353,-808.852
0,6.39464,7.50417,-15.4299
1,14.6779,7.86341,-14.0341
2,234.004,426.955,-813.792
0,6.40497,7.54364,-15.4891
1,14.7346,7.90616,-14.0933
2,235.399,429.556,-818.733
0,6.41533,7.58311,-15.5482
1,14.7913,7.94891,-14.1524
2,236.795,432.158,-823.674
0,6.42572,7.62259,-15.6074
1,14.848,7.99166,-14.2115
2,238.191,434.759,-828.615
0,6.43613,7.66206,-15.6666
1,14.9046,8.03441,-14.2707
2,239.587,437.361,-833.556
0,6.44655,7.70154,-15.7258
1,14.9612,8.07715,-14.3298
2,240.982,439.962,-838.496
0,6.45701,7.74101,-15.785
1,15.0178,8.1199,-14.389
2,242.378,442.564,-843.437
0,6.46748,7.78049,-15.8441
1,15.0743,8.16264,-14.4481
2,243.774,445.166,-848.378
0,6.47797,7.81997,-15.9033
1,15.1309,8.20538,-14.5073
2,245.17,447.767,-853.319
0,6.48849,7.85945,-15.9625
1,15.1874,8.24813,-14.5665
2,246.565,450.369,-858.259
0,6.49903,7.89893,-16.0216
1,15.2439,8.29087,-14.6256
2,247.961,452.97,-863.2
0,6.50958,7.93841,-16.0808
1,15.3004,8.33361,-14.6848
2,249.357,455.572,-868.141
0,6.52016,7.97789,-16.1399
1,15.3568,8.37635,-14.744
2,250.753,458.173,-873.082
0,6.53076,8.01738,-16.1991
1,15.4133,8.41908,-14.8032
2,252.148,460.775,-878.022
0,6.54138,8.05686,-16.2582
1,15.4697,8.46182,-14.8623
2,253.544,463.376,-882.963
0,6.55202,8.09634,-16.3174
1,15.5261,8.50456,-14.9215
2,254.94,465.978,-887.904
0,6.56268,8.13583,-16.3765
1,15.5825,8.54729,-14.9807
2,256.336,468.579,-892.845
0,6.57336,8.17532,-16.4356
1,15.6388,8.59003,-15.0399
2,257.731,471.181,-897.786
0,6.58406,8.2148,-16.4948
1,15.6952,8.63276,-15.0991
2,259.127,473.783,-902.726
0,6.59478,8.25429,-16.5539
1,15.7515,8.6755,-15.1583
2,260.523,476.384,-907.667
0,6.60551,8.29378,-16.613
1,15.8078,8.71823,-15.2175
2,261.919,478.986,-912.608
0,6.61627,8.33327,-16.6722
1,15.8641,8.76096,-15.2767
2,263.314,481.587,-917.549
0,6.62704,8.37276,-16.7313
1,15.9203,8.80369,-15.3359
2,264.71,484.189,-922.489
0,6.63784,8.41225,-16.7904
1,15.9766,8.84642,-15.3951
2,266.106,486.79,-927.43
0,6.64865,8.45175,-16.8495
1,16.0328,8.88915,-15.4543
2,267.502,489.392,-932.371
0,6.65948,8.49124,-16.9086
1,16.089,8.93187,-15.5135
2,268.897,491.993,-937.312
0,6.67033,8.53074,-16.9677
1,16.1452,8.9746,-15.5727
2,270.293,494.595,-942.252
0,6.6812,8.57023,-17.0269
1,16.2014,9.01733,-15.6319
2,271.689,497.197,-947.193
0,6.69208,8.60973,-17.086
1,16.2575,9.06005,-15.6912
2,273.085,499.798,-952.134
0,6.70298,8.64922,-17.1451
1,16.3136,9.10278,-15.7504
2,274.48,502.4,-957.075
0,6.7139,8.68872,-17.2042
1,16.3698,9.1455,-15.8096
2,275.876,505.001,-962.016
0,6.72484,8.72822,-17.2633
1,16.4259,9.18822,-15.8688
2,277.272,507.603,-966.956
0,6.73579,8.76772,-17.3224
1,16.4819,9.23095,-15.9281
2,278.668,510.204,-971.897
0,6.74676,8.80722,-17.3815
1,16.538,9.27367,-15.9873
2,280.063,512.806,-976.838
0,6.75775,8.84672,-17.4405
1,16.5941,9.31639,-16.0465
2,281.459,515.407,-981.779
0,6.76876,8.88622,-17.4996
1,16.6501,9.35911,-16.1058
2,282.855,518.009,-986.719
0,6.77978,8.92573,-17.5587
1,16.7061,9.40183,-16.165
2,284.251,520.611,-991.66
0,6.79081,8.96523,-17.6178
1,16.7621,9.44454,-16.2242
2,285.646,523.212,-996.601
0,6.80187,9.00473,-17.6769
1,16.8181,9.48726,-16.2835
2,287.042,525.814,-1001.54
0,6.81294,9.04424,-17.736
1,16.8741,9.52998,-16.3427
2,288.438,528.415,-1006.48
0,6.82402,9.08374,-17.795
1,16.93,9.57269,-16.402
2,289.834,531.017,-1011.42
0,6.83512,9.12325,-17.8541
1,16.9859,9.61541,-16.4612
2,291.229,533.618,-1016.36
0,6.84624,9.16276,-17.9132
1,17.0419,9.65812,-16.5205
2,292.625,536.22,-1021.3
0,6.85737,9.20227,-17.9723
1,17.0978,9.70083,-16.5797
2,294.021,538.821,-1026.25
0,6.86852,9.24177,-18.0313
1,17.1537,9.74355,-16.639
2,295.417,541.423,-1031.19
0,6.87968,9.28128,-18.0904
1,17.2095,9.78626,-16.6983
2,296.812,544.025,-1036.13
0,6.89086,9.32079,-18.1495
1,17.2654,9.82897,-16.7575
2,298.208,546.626,-1041.07
0,6.90206,9.3603,-18.2085
1,17.3212,9.87168,-16.8168
2,299.604,549.228,-1046.01
0,6.91326,9.39982,-18.2676
1,17.3771,9.91439,-16.876
2,301,551.829,-1050.95
0,6.92449,9.43933,-18.3266
1,17.4329,9.9571,-16.9353
2,302.395,554.431,-1055.89
0,6.93573,9.47884,-18.3857
1,17.4887,9.99981,-16.9946
2,303.791,557.032,-1060.83
0,6.94698,9.51836,-18.4448
1,17.5445,10.0425,-17.0539
2,305.187,559.634,-1065.77
0,6.95825,9.55787,-18.5038
1,17.6002,10.0852,-17.1131
2,306.583,562.235,-1070.71
0,6.96953,9.59739,-18.5629
1,17.656,10.1279,-17.1724
2,307.978,564.837,-1075.65
0,6.98082,9.6369,-18.6219
1,17.7117,10.1706,-17.2317
2,309.374,567.439,-1080.59
0,6.99213,9.67642,-18.681
1,17.7674,10.2133,-17.291
2,310.77,570.04,-1085.53
0,7.00345,9.71594,-18.74
1,17.8232,10.256,-17.3502
2,312.166,572.642,-1090.48
0,7.01479,9.75545,-18.799
1,17.8789,10.2987,-17.4095
2,313.561,575.243,-1095.42
0,7.02614,9.79497,-18.8581
1,17.9345,10.3414,-17.4688
2,314.957,577.845,-1100.36
0,7.03751,9.83449,-18.9171
1,17.9902,10.3841,-17.5281
2,316.353,580.446,-1105.3
0,7.04889,9.87401,-18.9762
1,18.0459,10.4268,-17.5874
2,317.749,583.048,-1110.24
0,7.06028,9.91353,-19.0352
1,18.1015,10.4695,-17.6467
2,319.144,585.649,-1115.18
0,7.07168,9.95305,-19.0942
1,18.1572,10.5122,-17.706
2,320.54,588.251,-1120.12
0,7.0831,9.99258,-19.1533
1,18.2128,10.5549,-17.7652
2,321.936,590.853,-1125.06
0,7.09453,10.0321,-19.2123
1,18.2684,10.5976,-17.8245
2,323.332,593.454,-1130
0,7.10598,10.0716,-19.2713
1,18.324,10.6403,-17.8838
2,324.727,596.056,-1134.94
0,7.11743,10.1111,-19.3304
1,18.3795,10.683,-17.9431
2,326.123,598.657,-1139.88
0,7.1289,10.1507,-19.3894
1,18.4351,10.7257,-18.0024
2,327.519,601.259,-1144.82
0,7.14039,10.1902,-19.4484
1,18.4907,10.7684,-18.0617
2,328.915,603.86,-1149.76
0,7.15188,10.2297,-19.5074
1,18.5462,10.8111,-18.121
2,330.31,606.462,-1154.71
0,7.16339,10.2692,-19.5665
1,18.6017,10.8538,-18.1803
2,331.706,609.063,-1159.65
0,7.17491,10.3088,-19.6255
1,18.6573,10.8965,-18.2396
2,333.102,611.665,-1164.59
0,7.18644,10.3483,-19.6845
1,18.7128,10.9392,-18.2989
2,334.498,614.267,-1169.53
0,7.19799,10.3878,-19.7435
1,18.7682,10.9819,-18.3583
2,335.893,616.868,-1174.47
0,7.20954,10.4274,-19.8025
1,18.8237,11.0246,-18.4176
2,337.289,619.47,-1179.41
0,7.22111,10.4669,-19.8616
1,18.8792,11.0673,-18.4769
2,338.685,622.071,-1184.35
0,7.23269,10.5064,-19.9206
1,18.9347,11.11,-18.5362
2,340.081,624.673,-1189.29
0,7.24429,10.546,-19.9796
1,18.9901,11.1527,-18.5955
2,341.476,627.274,-1194.23
0,7.25589,10.5855,-20.0386
1,19.0455,11.1954,-18.6548
2,342.872,629.876,-1199.17
0,7.26751,10.625,-20.0976
1,19.1009,11.238,-18.7141
2,344.268,632.477,-1204.11
0,7.27914,10.6646,-20.1566
1,19.1564,11.2807,-18.7734
2,345.664,635.079,-1209.05
0,7.29078,10.7041,-20.2156
1,19.2118,11.3234,-18.8328
2,347.059,637.681,-1213.99
0,7.30243,10.7436,-20.2746
1,19.2671,11.3661,-18.8921
2,348.455,640.282,-1218.94
0,7.31409,10.7832,-20.3336
1,19.3225,11.4088,-18.9514
2,349.851,642.884,-1223.88
0,7.32576,10.8227,-20.3926
1,19.3779,11.4515,-19.0107
2,351.247,645.485,-1228.82
0,7.33745,10.8622,-20.4516
1,19.4332,11.4942,-19.0701
2,352.642,648.087,-1233.76
0,7.34914,10.9018,-20.5106
1,19.4886,11.5369,-19.1294
2,354.038,650.688,-1238.7
0,7.36085,10.9413,-20.5696
1,19.5439,11.5795,-19.1887
2,355.434,653.29,-1243.64
0,7.37257,10.9808,-20.6286
1,19.5992,11.6222,-19.248
2,356.83,655.891,-1248.58
0,7.3843,11.0204,-20.6876
1,19.6545,11.6649,-19.3074
2,358.225,658.493,-1253.52
0,7.39604,11.0599,-20.7466
1,19.7098,11.7076,-19.3667
2,359.621,661.095,-1258.46
0,7.40779,11.0995,-20.8056
1,19.7651,11.7503,-19.426
2,361.017,663.696,-1263.4
0,7.41955,11.139,-20.8646
1,19.8204,11.793,-19.4854
2,362.413,666.298,-1268.34
0,7.43132,11.1785,-20.9236
1,19.8756,11.8356,-19.5447
2,363.808,668.899,-1273.28
0,7.44311,11.2181,-20.9826
1,19.9309,11.8783,-19.604
2,365.204,671.501,-1278.22
0,7.4549,11.2576,-21.0416
1,19.9861,11.921,-19.6634
2,366.6,674.102,-1283.17
0,7.4667,11.2972,-21.1006
1,20.0414,11.9637,-19.7227
2,367.996,676.704,-1288.11
0,7.47852,11.3367,-21.1596
1,20.0966,12.0063,-19.782
2,369.391,679.305,-1293.05
0,7.49034,11.3762,-21.2185
1,20.1518,12.049,-19.8414
2,370.787,681.907,-1297.99
0,7.50217,11.4158,-21.2775
1,20.207,12.0917,-19.9007
2,372.183,684.508,-1302.93
0,7.51402,11.4553,-21.3365
1,20.2622,12.1344,-19.9601
2,373.579,687.11,-1307.87
0,7.52587,11.4949,-21.3955
1,20.3174,12.1771,-20.0194
2,374.974,689.712,-1312.81
0,7.53774,11.5344,-21.4545
1,20.3726,12.2197,-20.0787
2,376.37,692.313,-1317.75
0,7.54961,11.574,-21.5135
1,20.4277,12.2624,-20.1381
2,377.766,694.915,-1322.69
0,7.56149,11.6135,-21.5724
1,20.4829,12.3051,-20.1974
2,379.162,697.516,-1327.63
0,7.57339,11.6531,-21.6314
1,20.538,12.3478,-20.2568
2,380.558,700.118,-1332.57
0,7.58529,11.6926,-21.6904
1,20.5932,12.3904,-20.3161
2,381.953,702.719,-1337.51
0,7.59721,11.7322,-21.7494
1,20.6483,12.4331,-20.3755
2,383.349,705.321,-1342.45
0,7.60913,11.7717,-21.8083
1,20.7034,12.4758,-20.4348
2,384.745,707.922,-1347.4
0,7.62106,11.8113,-21.8673
1,20.7585,12.5185,-20.4942
2,386.141,710.524,-1352.34
0,7.633,11.8508,-21.9263
1,20.8136,12.5611,-20.5535
2,387.536,713.126,-1357.28
0,7.64495,11.8904,-21.9853
1,20.8687,12.6038,-20.6129
2,388.932,715.727,-1362.22
0,7.65691,11.9299,-22.0442
1,20.9237,12.6465,-20.6722
2,390.328,718.329,-1367.16
0,7.66888,11.9695,-22.1032
1,20.9788,12.6891,-20.7316
2,391.724,720.93,-1372.1
0,7.68086,12.009,-22.1622
1,21.0339,12.7318,-20.791
2,393.119,723.532,-1377.04
0,7.69285,12.0486,-22.2212
1,21.0889,12.7745,-20.8503
2,394.515,726.133,-1381.98
0,7.70485,12.0881,-22.2801
1,21.144,12.8171,-20.9097
2,395.911,728.735,-1386.92
0,7.71685,12.1277,-22.3391
1,21.199,12.8598,-20.969
2,397.307,731.336,-1391.86
0,7.72887,12.1672,-22.3981
1,21.254,12.9025,-21.0284
2,398.702,733.938,-1396.8
0,7.74089,12.2068,-22.457
1,21.309,12.9451,-21.0877
2,400.098,736.54,-1401.74
0,7.75293,12.2463,-22.516
1,21.364,12.9878,-21.1471
2,401.494,739.141,-1406.68
0,7.76497,12.2859,-22.5749
1,21.419,13.0305,-21.2065
2,402.89,741.743,-1411.63
0,7.77702,12.3254,-22.6339
1,21.474,13.0731,-21.2658
2,404.285,744.344,-1416.57
0,7.78908,12.365,-22.6929
1,21.529,13.1158,-21.3252
2,405.681,746.946,-1421.51
0,7.80115,12.4045,-22.7518
1,21.584,13.1585,-21.3846
2,407.077,749.547,-1426.45
0,7.81322,12.4441,-22.8108
1,21.6389,13.2011,-21.4439
2,408.473,752.149,-1431.39
0,7.82531,12.4837,-22.8697
1,21.6939,13.2438,-21.5033
2,409.868,754.75,-1436.33
0,7.8374,12.5232,-22.9287
1,21.7488,13.2865,-21.5627
2,411.264,757.352,-1441.27
0,7.84951,12.5628,-22.9877
1,21.8037,13.3291,-21.622
2,412.66,759.954,-1446.21
0,7.86162,12.6023,-23.0466
1,21.8587,13.3718,-21.6814
2,414.056,762.555,-1451.15
0,7.87374,12.6419,-23.1056
1,21.9136,13.4145,-21.7408
2,415.451,765.157,-1456.09
0,7.88586,12.6815,-23.1645
1,21.9685,13.4571,-21.8001
2,416.847,767.758,-1461.03
0,7.898,12.721,-23.2235
1,22.0234,13.4998,-21.8595
2,418.243,770.36,-1465.97
0,7.91014,12.7606,-23.2824
1,22.0783,13.5424,-21.9189
2,419.639,772.961,-1470.91
0,7.9223,12.8001,-23.3414
1,22.1332,13.5851,-21.9783
2,421.034,775.563,-1475.86
0,7.93446,12.8397,-23.4003
1,22.188,13.6278,-22.0376
2,422.43,778.164,-1480.8
0,7.94662,12.8793,-23.4593
1,22.2429,13.6704,-22.097
2,423.826,780.766,-1485.74
0,7.9588,12.9188,-23.5182
1,22.2978,13.7131,-22.1564
2,425.222,783.368,-1490.68
0,7.97098,12.9584,-23.5772
1,22.3526,13.7557,-22.2158
2,426.617,785.969,-1495.62
0,7.98318,12.9979,-23.6361
1,22.4075,13.7984,-22.2751
2,428.013,788.571,-1500.56
0,7.99538,13.0375,-23.6951
1,22.4623,13.8411,-22.3345
2,429.409,791.172,-1505.5
0,8.00758,13.0771,-23.754
1,22.5171,13.8837,-22.3939
2,430.805,793.774,-1510.44
0,8.0198,13.1166,-23.813
1,22.572,13.9264,-22.4533
2,432.2,796.375,-1515.38
0,8.03202,13.1562,-23.8719
1,22.6268,13.969,-22.5127
2,433.596,798.977,-1520.32
0,8.04426,13.1958,-23.9309
1,22.6816,14.0117,-22.572
2,434.992,801.578,-1525.26
0,8.05649,13.2353,-23.9898
1,22.7364,14.0543,-22.6314
2,436.388,804.18,-1530.2
0,8.06874,13.2749,-24.0488
1,22.7912,14.097,-22.6908
2,437.783,806.782,-1535.14
0,8.08099,13.3145,-24.1077
1,22.8459,14.1396,-22.7502
2,439.179,809.383,-1540.09
0,8.09326,13.354,-24.1666
1,22.9007,14.1823,-22.8096
2,440.575,811.985,-1545.03
0,8.10552,13.3936,-24.2256
1,22.9555,14.225,-22.8689
2,441.971,814.586,-1549.97
0,8.1178,13.4332,-24.2845
1,23.0102,14.2676,-22.9283
2,443.366,817.188,-1554.91
0,8.13008,13.4727,-24.3435
1,23.065,14.3103,-22.9877
2,444.762,819.789,-1559.85
0,8.14238,13.5123,-24.4024
1,23.1197,14.3529,-23.0471
2,446.158,822.391,-1564.79
0,8.15467,13.5519,-24.4613
1,23.1745,14.3956,-23.1065
2,447.554,824.992,-1569.73
0,8.16698,13.5914,-24.5203
1,23.2292,14.4382,-23.1659
2,448.949,827.594,-1574.67
0,8.17929,13.631,-24.5792
1,23.2839,14.4809,-23.2253
2,450.345,830.196,-1579.61
0,8.19161,13.6706,-24.6382
1,23.3387,14.5235,-23.2847
2,451.741,832.797,-1584.55
0,8.20394,13.7102,-24.6971
1,23.3934,14.5662,-23.344
2,453.137,835.399,-1589.49
0,8.21627,13.7497,-24.756
1,23.4481,14.6088,-23.4034
2,454.532,838,-1594.43
0,8.22862,13.7893,-24.815
1,23.5028,14.6515,-23.4628
2,455.928,840.602,-1599.37
0,8.24096,13.8289,-24.8739
1,23.5575,14.6941,-23.5222
2,457.324,843.203,-1604.32
0,8.25332,13.8684,-24.9328
1,23.6121,14.7368,-23.5816
2,458.72,845.805,-1609.26
0,8.26568,13.908,-24.9918
1,23.6668,14.7794,-23.641
2,460.115,848.406,-1614.2
0,8.27805,13.9476,-25.0507
1,23.7215,14.8221,-23.7004
2,461.511,851.008,-1619.14
0,8.29043,13.9872,-25.1096
1,23.7761,14.8647,-23.7598
2,462.907,853.61,-1624.08
0,8.30281,14.0267,-25.1686
1,23.8308,14.9074,-23.8192
2,464.303,856.211,-1629.02
0,8.3152,14.0663,-25.2275
1,23.8854,14.95,-23.8786
2,465.698,858.813,-1633.96
0,8.3276,14.1059,-25.2864
1,23.9401,14.9927,-23.938
2,467.094,861.414,-1638.9
0,8.34,14.1455,-25.3454
1,23.9947,15.0353,-23.9974
2,468.49,864.016,-1643.84
0,8.35241,14.185,-25.4043
1,24.0493,15.0779,-24.0568
2,469.886,866.617,-1648.78
0,8.36483,14.2246,-25.4632
1,24.104,15.1206,-24.1162
2,471.281,869.219,-1653.72
0,8.37725,14.2642,-25.5221
1,24.1586,15.1632,-24.1756
2,472.677,871.82,-1658.66
0,8.38968,14.3038,-25.5811
1,24.2132,15.2059,-24.235
2,474.073,874.422,-1663.6
0,8.40212,14.3433,-25.64
1,24.2678,15.2485,-24.2944
2,475.469,877.023,-1668.55
0,8.41456,14.3829,-25.6989
1,24.3224,15.2912,-24.3538
2,476.864,879.625,-1673.49
0,8.42701,14.4225,-25.7578
1,24.377,15.3338,-24.4132
2,478.26,882.227,-1678.43
0,8.43947,14.4621,-25.8168
1,24.4315,15.3765,-24.4726
2,479.656,884.828,-1683.37
0,8.45193,14.5016,-25.8757
1,24.4861,15.4191,-24.532
2,481.052,887.43,-1688.31
0,8.4644,14.5412,-25.9346
1,24.5407,15.4617,-24.5914
2,482.447,890.031,-1693.25
0,8.47687,14.5808,-25.9935
1,24.5952,15.5044,-24.6508
2,483.843,892.633,-1698.19
0,8.48936,14.6204,-26.0525
1,24.6498,15.547,-24.7102
2,485.239,895.234,-1703.13
0,8.50184,14.66,-26.1114
1,24.7043,15.5897,-24.7696
2,486.635,897.836,-1708.07
0,8.51434,14.6995,-26.1703
1,24.7589,15.6323,-24.829
2,488.03,900.437,-1713.01
0,8.52684,14.7391,-26.2292
1,24.8134,15.6749,-24.8884
2,489.426,903.039,-1717.95
0,8.53934,14.7787,-26.2882
1,24.8679,15.7176,-24.9478
2,490.822,905.641,-1722.89
0,8.55186,14.8183,-26.3471
1,24.9225,15.7602,-25.0072
2,492.218,908.242,-1727.83
0,8.56438,14.8579,-26.406
1,24.977,15.8029,-25.0666
2,493.613,910.844,-1732.78
0,8.5769,14.8975,-26.4649
1,25.0315,15.8455,-25.126
2,495.009,913.445,-1737.72
0,8.58943,14.937,-26.5238
1,25.086,15.8881,-25.1854
2,496.405,916.047,-1742.66
0,8.60197,14.9766,-26.5828
1,25.1405,15.9308,-25.2448
2,497.801,918.648,-1747.6
0,8.61451,15.0162,-26.6417
1,25.195,15.9734,-25.3042
2,499.196,921.25,-1752.54
0,8.62706,15.0558,-26.7006
1,25.2495,16.0161,-25.3636
2,500.592,923.851,-1757.48
0,8.63962,15.0954,-26.7595
1,25.304,16.0587,-25.423
2,501.988,926.453,-1762.42
0,8.65218,15.135,-26.8184
1,25.3584,16.1013,-25.4824
2,503.384,929.055,-1767.36
0,8.66474,15.1745,-26.8773
1,25.4129,16.144,-25.5419
2,504.779,931.656,-1772.3
0,8.67732,15.2141,-26.9363
1,25.4674,16.1866,-25.6013
2,506.175,934.258,-1777.24
0,8.68989,15.2537,-26.9952
1,25.5218,16.2292,-25.6607
2,507.571,936.859,-1782.18
0,8.70248,15.2933,-27.0541
1,25.5763,16.2719,-25.7201
2,508.967,939.461,-1787.12
0,8.71507,15.3329,-27.113
1,25.6307,16.3145,-25.7795
2,510.362,942.062,-1792.06
0,8.72766,15.3725,-27.1719
1,25.6852,16.3572,-25.8389
2,511.758,944.664,-1797.01
0,8.74027,15.412,-27.2308
1,25.7396,16.3998,-25.8983
2,513.154,947.265,-1801.95
0,8.75287,15.4516,-27.2897
1,25.794,16.4424,-25.9577
2,514.55,949.867,-1806.89
0,8.76549,15.4912,-27.3487
1,25.8485,16.4851,-26.0171
2,515.945,952.469,-1811.83
0,8.77811,15.5308,-27.4076
1,25.9029,16.5277,-26.0766
2,517.341,955.07,-1816.77
0,8.79073,15.5704,-27.4665
1,25.9573,16.5703,-26.136
2,518.737,957.672,-1821.71
0,8.80336,15.61,-27.5254
1,26.0117,16.613,-26.1954
2,520.133,960.273,-1826.65
0,8.81599,15.6496,-27.5843
1,26.0661,16.6556,-26.2548
2,521.528,962.875,-1831.59
0,8.82864,15.6892,-27.6432
1,26.1205,16.6982,-26.3142
2,522.924,965.476,-1836.53
0,8.84128,15.7288,-27.7021
1,26.1749,16.7409,-26.3736
2,524.32,968.078,-1841.47
0,8.85393,15.7683,-27.761
1,26.2293,16.7835,-26.4331
2,525.716,970.679,-1846.41
0,8.86659,15.8079,-27.8199
1,26.2837,16.8261,-26.4925
2,527.111,973.281,-1851.35
0,8.87925,15.8475,-27.8788
1,26.338,16.8687,-26.5519
2,528.507,975.883,-1856.29
0,8.89192,15.8871,-27.9378
1,26.3924,16.9114,-26.6113
2,529.903,978.484,-1861.24
0,8.90459,15.9267,-27.9967
1,26.4468,16.954,-26.6707
2,531.299,981.086,-1866.18
0,8.91727,15.9663,-28.0556
1,26.5011,16.9966,-26.7301
2,532.694,983.687,-1871.12
0,8.92996,16.0059,-28.1145
1,26.5555,17.0393,-26.7896
2,534.09,986.289,-1876.06
0,8.94265,16.0455,-28.1734
1,26.6098,17.0819,-26.849
2,535.486,988.89,-1881
0,8.95534,16.0851,-28.2323
1,26.6642,17.1245,-26.9084
2,536.882,991.492,-1885.94
0,8.96804,16.1247,-28.2912
1,26.7185,17.1672,-26.9678
2,538.277,994.093,-1890.88
0,8.98075,16.1643,-28.3501
1,26.7728,17.2098,-27.0272
2,539.673,996.695,-1895.82
0,8.99346,16.2038,-28.409
1,26.8271,17.2524,-27.0867
2,541.069,999.297,-1900.76
0,9.00617,16.2434,-28.4679
1,26.8815,17.295,-27.1461
2,542.465,1001.9,-1905.7
0,9.01889,16.283,-28.5268
1,26.9358,17.3377,-27.2055
2,543.86,1004.5,-1910.64
0,9.03162,16.3226,-28.5857
1,26.9901,17.3803,-27.2649
2,545.256,1007.1,-1915.58
0,9.04435,16.3622,-28.6446
1,27.0444,17.4229,-27.3243
2,546.652,1009.7,-1920.52
0,9.05709,16.4018,-28.7035
1,27.0987,17.4656,-27.3838
2,548.048,1012.3,-1925.47
0,9.06983,16.4414,-28.7624
1,27.153,17.5082,-27.4432
2,549.443,1014.91,-1930.41
0,9.08257,16.481,-28.8213
1,27.2073,17.5508,-27.5026
2,550.839,1017.51,-1935.35
0,9.09532,16.5206,-28.8802
1,27.2616,17.5934,-27.562
2,552.235,1020.11,-1940.29
0,9.10808,16.5602,-28.9391
1,27.3159,17.6361,-27.6215
2,553.631,1022.71,-1945.23
0,9.12084,16.5998,-28.998
1,27.3701,17.6787,-27.6809
2,555.026,1025.31,-1950.17
0,9.13361,16.6394,-29.0569
1,27.4244,17.7213,-27.7403
2,556.422,1027.91,-1955.11
0,9.14638,16.679,-29.1158
1,27.4787,17.7639,-27.7997
2,557.818,1030.52,-1960.05
0,9.15915,16.7186,-29.1747
1,27.5329,17.8066,-27.8592
2,559.214,1033.12,-1964.99
0,9.17194,16.7582,-29.2336
1,27.5872,17.8492,-27.9186
2,560.609,1035.72,-1969.93
0,9.18472,16.7978,-29.2925
1,27.6414,17.8918,-27.978
2,562.005,1038.32,-1974.87
0,9.19751,16.8374,-29.3514
1,27.6957,17.9344,-28.0374
2,563.401,1040.92,-1979.81
0,9.21031,16.877,-29.4103
1,27.7499,17.9771,-28.0969
2,564.797,1043.52,-1984.75
0,9.22311,16.9166,-29.4692
1,27.8042,18.0197,-28.1563
2,566.192,1046.12,-1989.7
0,9.23591,16.9562,-29.5281
1,27.8584,18.0623,-28.2157
2,567.588,1048.73,-1994.64
0,9.24872,16.9958,-29.587
1,27.9126,18.1049,-28.2752
2,568.984,1051.33,-1999.58
0,9.26154,17.0354,-29.6459
1,27.9668,18.1475,-28.3346
2,570.38,1053.93,-2004.52
0,9.27435,17.075,-29.7048
1,28.0211,18.1902,-28.394
2,571.776,1056.53,-2009.46
0,9.28718,17.1146,-29.7637
1,28.0753,18.2328,-28.4534
2,573.171,1059.13,-2014.4
0,9.30001,17.1542,-29.8226
1,28.1295,18.2754,-28.5129
2,574.567,1061.73,-2019.34
0,9.31284,17.1938,-29.8815
1,28.1837,18.318,-28.5723
2,575.963,1064.34,-2024.28
0,9.32568,17.2334,-29.9404
1,28.2379,18.3607,-28.6317
2,577.359,1066.94,-2029.22
0,9.33852,17.273,-29.9993
1,28.2921,18.4033,-28.6912
2,578.754,1069.54,-2034.16
0,9.35137,17.3126,-30.0582
1,28.3463,18.4459,-28.7506
2,580.15,1072.14,-2039.1
0,9.36422,17.3522,-30.1171
1,28.4004,18.4885,-28.81
2,581.546,1074.74,-2044.04
0,9.37707,17.3918,-30.176
1,28.4546,18.5311,-28.8694
2,582.942,1077.34,-2048.98
0,9.38993,17.4314,-30.2349
1,28.5088,18.5738,-28.9289
2,584.337,1079.94,-2053.93
0,9.4028,17.471,-30.2938
1,28.563,18.6164,-28.9883
2,585.733,1082.55,-2058.87
0,9.41567,17.5106,-30.3527
1,28.6171,18.659,-29.0477
2,587.129,1085.15,-2063.81
0,9.42854,17.5502,-30.4116
1,28.6713,18.7016,-29.1072
2,588.525,1087.75,-2068.75
0,9.44142,17.5898,-30.4705
1,28.7255,18.7442,-29.1666
2,589.92,1090.35,-2073.69
0,9.4543,17.6294,-30.5293
1,28.7796,18.7868,-29.226
2,591.316,1092.95,-2078.63
0,9.46719,17.669,-30.5882
1,28.8338,18.8295,-29.2855
2,592.712,1095.55,-2083.57
0,9.48008,17.7086,-30.6471
1,28.8879,18.8721,-29.3449
2,594.108,1098.16,-2088.51
0,9.49298,17.7482,-30.706
1,28.9421,18.9147,-29.4043
2,595.503,1100.76,-2093.45
0,9.50588,17.7878,-30.7649
1,28.9962,18.9573,-29.4638
2,596.899,1103.36,-2098.39
0,9.51878,17.8274,-30.8238
1,29.0503,18.9999,-29.5232
2,598.295,1105.96,-2103.33
0,9.53169,17.867,-30.8827
1,29.1044,19.0426,-29.5826
2,599.691,1108.56,-2108.27
0,9.54461,17.9066,-30.9416
1,29.1586,19.0852,-29.6421
2,601.086,1111.16,-2113.21
0,9.55752,17.9462,-31.0005
1,29.2127,19.1278,-29.7015
2,602.482,1113.76,-2118.16
0,9.57044,17.9858,-31.0594
1,29.2668,19.1704,-29.761
2,603.878,1116.37,-2123.1
0,9.58337,18.0254,-31.1183
1,29.3209,19.213,-29.8204
2,605.274,1118.97,-2128.04
0,9.5963,18.065,-31.1771
1,29.375,19.2556,-29.8798
2,606.669,1121.57,-2132.98
0,9.60924,18.1046,-31.236
1,29.4291,19.2982,-29.9393
2,608.065,1124.17,-2137.92
0,9.62217,18.1442,-31.2949
1,29.4832,19.3409,-29.9987
2,609.461,1126.77,-2142.86
0,9.63512,18.1838,-31.3538
1,29.5373,19.3835,-30.0581
2,610.857,1129.37,-2147.8
0,9.64806,18.2234,-31.4127
1,29.5914,19.4261,-30.1176
2,612.252,1131.98,-2152.74
0,9.66102,18.2631,-31.4716
1,29.6455,19.4687,-30.177
2,613.648,1134.58,-2157.68
0,9.67397,18.3027,-31.5305
1,29.6996,19.5113,-30.2364
2,615.044,1137.18,-2162.62
0,9.68693,18.3423,-31.5894
1,29.7536,19.5539,-30.2959
2,616.44,1139.78,-2167.56
0,9.69989,18.3819,-31.6483
1,29.8077,19.5965,-30.3553
2,617.835,1142.38,-2172.5
0,9.71286,18.4215,-31.7071
1,29.8618,19.6392,-30.4148
2,619.231,1144.98,-2177.44
0,9.72583,18.4611,-31.766
1,29.9159,19.6818,-30.4742
2,620.627,1147.59,-2182.39
0,9.73881,18.5007,-31.8249
1,29.9699,19.7244,-30.5336
2,622.023,1150.19,-2187.33
0,9.75179,18.5403,-31.8838
1,30.024,19.767,-30.5931
2,623.418,1152.79,-2192.27
0,9.76477,18.5799,-31.9427
1,30.078,19.8096,-30.6525
2,624.814,1155.39,-2197.21
0,9.77776,18.6195,-32.0016
1,30.1321,19.8522,-30.712
2,626.21,1157.99,-2202.15
0,9.79075,18.6591,-32.0605
1,30.1861,19.8948,-30.7714
2,627.606,1160.59,-2207.09
0,9.80375,18.6988,-32.1193
1,30.2402,19.9374,-30.8308
2,629.001,1163.19,-2212.03
0,9.81675,18.7384,-32.1782
1,30.2942,19.9801,-30.8903
2,630.397,1165.8,-2216.97
0,9.82975,18.778,-32.2371
1,30.3482,20.0227,-30.9497
2,631.793,1168.4,-2221.91
0,9.84276,18.8176,-32.296
1,30.4023,20.0653,-31.0092
2,633.189,1171,-2226.85
0,9.85577,18.8572,-32.3549
1,30.4563,20.1079,-31.0686
2,634.584,1173.6,-2231.79
0,9.86879,18.8968,-32.4138
1,30.5103,20.1505,-31.128
2,635.98,1176.2,-2236.73
0,9.88181,18.9364,-32.4727
1,30.5643,20.1931,-31.1875
2,637.376,1178.8,-2241.67
0,9.89483,18.976,-32.5315
1,30.6183,20.2357,-31.2469
2,638.772,1181.41,-2246.62
0,9.90786,19.0156,-32.5904
1,30.6723,20.2783,-31.3064
2,640.167,1184.01,-2251.56
0,9.92089,19.0552,-32.6493
1,30.7263,20.3209,-31.3658
2,641.563,1186.61,-2256.5
0,9.93392,19.0949,-32.7082
1,30.7804,20.3635,-31.4253
2,642.959,1189.21,-2261.44
0,9.94696,19.1345,-32.7671
1,30.8343,20.4062,-31.4847
2,644.355,1191.81,-2266.38
0,9.96,19.1741,-32.826
1,30.8883,20.4488,-31.5441
2,645.75,1194.41,-2271.32
0,9.97305,19.2137,-32.8848
1,30.9423,20.4914,-31.6036
2,647.146,1197.01,-2276.26
0,9.9861,19.2533,-32.9437
1,30.9963,20.534,-31.663
2,648.542,1199.62,-2281.2
0,9.99915,19.2929,-33.0026
1,31.0503,20.5766,-31.7225
2,649.938,1202.22,-2286.14
0,10.0122,19.3325,-33.0615
1,31.1043,20.6192,-31.7819
2,651.333,1204.82,-2291.08
0,10.0253,19.3722,-33.1204
1,31.1583,20.6618,-31.8414
2,652.729,1207.42,-2296.02
0,10.0383,19.4118,-33.1792
1,31.2122,20.7044,-31.9008
2,654.125,1210.02,-2300.96
0,10.0514,19.4514,-33.2381
1,31.2662,20.747,-31.9602
2,655.521,1212.62,-2305.9
0,10.0645,19.491,-33.297
1,31.3202,20.7896,-32.0197
2,656.916,1215.23,-2310.85
0,10.0775,19.5306,-33.3559
1,31.3741,20.8322,-32.0791
2,658.312,1217.83,-2315.79
0,10.0906,19.5702,-33.4148
1,31.4281,20.8748,-32.1386
2,659.708,1220.43,-2320.73
0,10.1037,19.6098,-33.4736
1,31.482,20.9174,-32.198
2,661.104,1223.03,-2325.67
0,10.1168,19.6495,-33.5325
1,31.536,20.96,-32.2575
2,662.499,1225.63,-2330.61
0,10.1299,19.6891,-33.5914
1,31.5899,21.0027,-32.3169
2,663.895,1228.23,-2335.55
0,10.143,19.7287,-33.6503
1,31.6439,21.0453,-32.3764
2,665.291,1230.83,-2340.49
0,10.1561,19.7683,-33.7092
1,31.6978,21.0879,-32.4358
2,666.687,1233.44,-2345.43
0,10.1692,19.8079,-33.768
1,31.7518,21.1305,-32.4953
2,668.082,1236.04,-2350.37
0,10.1823,19.8475,-33.8269
1,31.8057,21.1731,-32.5547
2,669.478,1238.64,-2355.31
0,10.1954,19.8872,-33.8858
1,31.8596,21.2157,-32.6142
2,670.874,1241.24,-2360.25
0,10.2085,19.9268,-33.9447
1,31.9135,21.2583,-32.6736
2,672.27,1243.84,-2365.19
0,10.2216,19.9664,-34.0036
1,31.9675,21.3009,-32.733
2,673.665,1246.44,-2370.13
0,10.2347,20.006,-34.0624
1,32.0214,21.3435,-32.7925
2,675.061,1249.05,-2375.08
0,10.2479,20.0456,-34.1213
1,32.0753,21.3861,-32.8519
2,676.457,1251.65,-2380.02
0,10.261,20.0852,-34.1802
1,32.1292,21.4287,-32.9114
2,677.853,1254.25,-2384.96
0,10.2741,20.1249,-34.2391
1,32.1831,21.4713,-32.9708
2,679.248,1256.85,-2389.9
0,10.2872,20.1645,-34.2979
1,32.237,21.5139,-33.0303
2,680.644,1259.45,-2394.84
0,10.3004,20.2041,-34.3568
1,32.2909,21.5565,-33.0897
2,682.04,1262.05,-2399.78
0,10.3135,20.2437,-34.4157
1,32.3448,21.5991,-33.1492
2,683.436,1264.66,-2404.72
0,10.3267,20.2833,-34.4746
1,32.3987,21.6417,-33.2086
2,684.831,1267.26,-2409.66
0,10.3398,20.3229,-34.5335
1,32.4526,21.6843,-33.2681
2,686.227,1269.86,-2414.6
0,10.353,20.3626,-34.5923
1,32.5065,21.7269,-33.3275
2,687.623,1272.46,-2419.54
0,10.3661,20.4022,-34.6512
1,32.5604,21.7695,-33.387
2,689.019,1275.06,-2424.48
0,10.3793,20.4418,-34.7101
1,32.6143,21.8121,-33.4464
2,690.414,1277.66,-2429.42
0,10.3924,20.4814,-34.769
1,32.6681,21.8547,-33.5059
2,691.81,1280.26,-2434.36
0,10.4056,20.521,-34.8278
1,32.722,21.8973,-33.5653
2,693.206,1282.87,-2439.31
0,10.4188,20.5607,-34.8867
1,32.7759,21.9399,-33.6248
2,694.602,1285.47,-2444.25
0,10.4319,20.6003,-34.9456
1,32.8297,21.9825,-33.6842
2,695.997,1288.07,-2449.19
0,10.4451,20.6399,-35.0045
1,32.8836,22.0251,-33.7437
2,697.393,1290.67,-2454.13
0,10.4583,20.6795,-35.0633
1,32.9375,22.0677,-33.8031
2,698.789,1293.27,-2459.07
0,10.4714,20.7191,-35.1222
1,32.9913,22.1103,-33.8626
2,700.185,1295.87,-2464.01
0,10.4846,20.7588,-35.1811
1,33.0452,22.1529,-33.922
2,701.58,1298.48,-2468.95
0,10.4978,20.7984,-35.24
1,33.099,22.1955,-33.9815
2,702.976,1301.08,-2473.89
0,10.511,20.838,-35.2988
1,33.1529,22.2381,-34.0409
2,704.372,1303.68,-2478.83
0,10.5242,20.8776,-35.3577
1,33.2067,22.2807,-34.1004
2,705.768,1306.28,-2483.77
0,10.5374,20.9173,-35.4166
1,33.2606,22.3233,-34.1598
2,707.163,1308.88,-2488.71
0,10.5506,20.9569,-35.4754
1,33.3144,22.3659,-34.2193
2,708.559,1311.48,-2493.65
0,10.5638,20.9965,-35.5343
1,33.3682,22.4085,-34.2788
2,709.955,1314.08,-2498.59
0,10.577,21.0361,-35.5932
1,33.4221,22.4511,-34.3382
2,711.351,1316.69,-2503.54
0,10.5902,21.0757,-35.6521
1,33.4759,22.4937,-34.3977
2,712.746,1319.29,-2508.48
0,10.6034,21.1154,-35.7109
1,33.5297,22.5363,-34.4571
2,714.142,1321.89,-2513.42
0,10.6166,21.155,-35.7698
1,33.5835,22.5789,-34.5166
2,715.538,1324.49,-2518.36
0,10.6298,21.1946,-35.8287
1,33.6374,22.6215,-34.576
2,716.934,1327.09,-2523.3
0,10.6431,21.2342,-35.8876
1,33.6912,22.6641,-34.6355
2,718.329,1329.69,-2528.24
0,10.6563,21.2739,-35.9464
1,33.745,22.7067,-34.6949
2,719.725,1332.3,-2533.18
0,10.6695,21.3135,-36.0053
1,33.7988,22.7493,-34.7544
2,721.121,1334.9,-2538.12
0,10.6827,21.3531,-36.0642
1,33.8526,22.7919,-34.8138
2,722.517,1337.5,-2543.06
0,10.696,21.3927,-36.123
1,33.9064,22.8345,-34.8733
2,723.912,1340.1,-2548
0,10.7092,21.4324,-36.1819
1,33.9602,22.8771,-34.9327
2,725.308,1342.7,-2552.94
0,10.7225,21.472,-36.2408
1,34.014,22.9197,-34.9922
2,726.704,1345.3,-2557.88
0,10.7357,21.5116,-36.2997
1,34.0678,22.9623,-35.0517
2,728.1,1347.9,-2562.82
0,10.7489,21.5512,-36.3585
1,34.1216,23.0049,-35.1111
2,729.495,1350.51,-2567.77
0,10.7622,21.5909,-36.4174
1,34.1754,23.0475,-35.1706
2,730.891,1353.11,-2572.71
0,10.7754,21.6305,-36.4763
1,34.2292,23.0901,-35.23
2,732.287,1355.71,-2577.65
0,10.7887,21.6701,-36.5351
1,34.283,23.1327,-35.2895
2,733.683,1358.31,-2582.59
0,10.8019,21.7097,-36.594
1,34.3367,23.1753,-35.3489
2,735.078,1360.91,-2587.53
0,10.8152,21.7494,-36.6529
1,34.3905,23.2179,-35.4084
2,736.474,1363.51,-2592.47
0,10.8285,21.789,-36.7117
1,34.4443,23.2605,-35.4678
2,737.87,1366.12,-2597.41
0,10.8417,21.8286,-36.7706
1,34.4981,23.3031,-35.5273
2,739.266,1368.72,-2602.35
0,10.855,21.8682,-36.8295
1,34.5518,23.3457,-35.5868
2,740.661,1371.32,-2607.29
0,10.8683,21.9079,-36.8884
1,34.6056,23.3882,-35.6462
2,742.057,1373.92,-2612.23
0,10.8816,21.9475,-36.9472
1,34.6593,23.4308,-35.7057
2,743.453,1376.52,-2617.17
0,10.8948,21.9871,-37.0061
1,34.7131,23.4734,-35.7651
2,744.849,1379.12,-2622.11
0,10.9081,22.0267,-37.065
1,34.7669,23.516,-35.8246
2,746.244,1381.72,-2627.05
0,10.9214,22.0664,-37.1238
1,34.8206,23.5586,-35.884
2,747.64,1384.33,-2632
0,10.9347,22.106,-37.1827
1,34.8744,23.6012,-35.9435
2,749.036,1386.93,-2636.94
0,10.948,22.1456,-37.2416
1,34.9281,23.6438,-36.0029
2,750.432,1389.53,-2641.88
0,10.9613,22.1853,-37.3004
1,34.9819,23.6864,-36.0624
2,751.827,1392.13,-2646.82
0,10.9746,22.2249,-37.3593
1,35.0356,23.729,-36.1219
2,753.223,1394.73,-2651.76
0,10.9879,22.2645,-37.4182
1,35.0893,23.7716,-36.1813
2,754.619,1397.33,-2656.7
0,11.0012,22.3041,-37.477
1,35.1431,23.8142,-36.2408
2,756.015,1399.94,-2661.64
0,11.0145,22.3438,-37.5359
1,35.1968,23.8568,-36.3002
2,757.41,1402.54,-2666.58
0,11.0278,22.3834,-37.5948
1,35.2505,23.8994,-36.3597
2,758.806,1405.14,-2671.52
0,11.0411,22.423,-37.6536
1,35.3043,23.942,-36.4192
2,760.202,1407.74,-2676.46
0,11.0544,22.4627,-37.7125
1,35.358,23.9845,-36.4786
2,761.598,1410.34,-2681.4
0,11.0677,22.5023,-37.7714
1,35.4117,24.0271,-36.5381
2,762.993,1412.94,-2686.34
0,11.081,22.5419,-37.8302
1,35.4654,24.0697,-36.5975
2,764.389,1415.55,-2691.28
0,11.0943,22.5815,-37.8891
1,35.5191,24.1123,-36.657
2,765.785,1418.15,-2696.23
0,11.1077,22.6212,-37.948
1,35.5729,24.1549,-36.7164
2,767.181,1420.75,-2701.17
0,11.121,22.6608,-38.0068
1,35.6266,24.1975,-36.7759
2,768.577,1423.35,-2706.11
0,11.1343,22.7004,-38.0657
1,35.6803,24.2401,-36.8354
2,769.972,1425.95,-2711.05
0,11.1476,22.7401,-38.1246
1,35.734,24.2827,-36.8948
2,771.368,1428.55,-2715.99
0,11.161,22.7797,-38.1834
1,35.7877,24.3253,-36.9543
2,772.764,1431.15,-2720.93
0,11.1743,22.8193,-38.2423
1,35.8414,24.3679,-37.0137
2,774.16,1433.76,-2725.87
0,11.1877,22.859,-38.3012
1,35.8951,24.4105,-37.0732
2,775.555,1436.36,-2730.81
0,11.201,22.8986,-38.36
1,35.9488,24.453,-37.1327
2,776.951,1438.96,-2735.75
0,11.2143,22.9382,-38.4189
1,36.0025,24.4956,-37.1921
2,778.347,1441.56,-2740.69
0,11.2277,22.9779,-38.4778
1,36.0562,24.5382,-37.2516
2,779.743,1444.16,-2745.63
0,11.241,23.0175,-38.5366
1,36.1098,24.5808,-37.311
2,781.138,1446.76,-2750.57
0,11.2544,23.0571,-38.5955
1,36.1635,24.6234,-37.3705
2,782.534,1449.37,-2755.51
0,11.2678,23.0968,-38.6544
1,36.2172,24.666,-37.43
2,783.93,1451.97,-2760.46
0,11.2811,23.1364,-38.7132
1,36.2709,24.7086,-37.4894
2,785.326,1454.57,-2765.4
0,11.2945,23.176,-38.7721
1,36.3246,24.7512,-37.5489
2,786.721,1457.17,-2770.34
0,11.3078,23.2156,-38.831
1,36.3782,24.7938,-37.6083
2,788.117,1459.77,-2775.28
0,11.3212,23.2553,-38.8898
1,36.4319,24.8364,-37.6678
2,789.513,1462.37,-2780.22
0,11.3346,23.2949,-38.9487
1,36.4856,24.8789,-37.7273
2,790.909,1464.97,-2785.16
0,11.3479,23.3345,-39.0076
1,36.5392,24.9215,-37.7867
2,792.304,1467.58,-2790.1
0,11.3613,23.3742,-39.0664
1,36.5929,24.9641,-37.8462
2,793.7,1470.18,-2795.04
0,11.3747,23.4138,-39.1253
1,36.6466,25.0067,-37.9057
2,795.096,1472.78,-2799.98
0,11.3881,23.4534,-39.1842
1,36.7002,25.0493,-37.9651
2,796.492,1475.38,-2804.92
0,11.4015,23.4931,-39.243
1,36.7539,25.0919,-38.0246
2,797.887,1477.98,-2809.86
0,11.4148,23.5327,-39.3019
1,36.8075,25.1345,-38.084
2,799.283,1480.58,-2814.8
0,11.4282,23.5723,-39.3607
1,36.8612,25.1771,-38.1435
2,800.679,1483.19,-2819.74
0,11.4416,23.612,-39.4196
1,36.9148,25.2196,-38.203
2,802.075,1485.79,-2824.69
0,11.455,23.6516,-39.4785
1,36.9685,25.2622,-38.2624
2,803.47,1488.39,-2829.63
0,11.4684,23.6912,-39.5373
1,37.0221,25.3048,-38.3219
2,804.866,1490.99,-2834.57
0,11.4818,23.7309,-39.5962
1,37.0757,25.3474,-38.3813
2,806.262,1493.59,-2839.51
0,11.4952,23.7705,-39.6551
1,37.1294,25.39,-38.4408
2,807.658,1496.19,-2844.45
0,11.5086,23.8102,-39.7139
1,37.183,25.4326,-38.5003
2,809.053,1498.79,-2849.39
0,11.522,23.8498,-39.7728
1,37.2366,25.4752,-38.5597
2,810.449,1501.4,-2854.33
0,11.5354,23.8894,-39.8317
1,37.2903,25.5177,-38.6192
2,811.845,1504,-2859.27
0,11.5488,23.9291,-39.8905
1,37.3439,25.5603,-38.6787
2,813.241,1506.6,-2864.21
0,11.5622,23.9687,-39.9494
1,37.3975,25.6029,-38.7381
2,814.636,1509.2,-2869.15
0,11.5757,24.0083,-40.0082
1,37.4511,25.6455,-38.7976
2,816.032,1511.8,-2874.09
0,11.5891,24.048,-40.0671
1,37.5048,25.6881,-38.8571
2,817.428,1514.4,-2879.03
0,11.6025,24.0876,-40.126
1,37.5584,25.7307,-38.9165
2,818.824,1517.01,-2883.97
0,11.6159,24.1272,-40.1848
1,37.612,25.7733,-38.976
2,820.219,1519.61,-2888.92
0,11.6293,24.1669,-40.2437
1,37.6656,25.8158,-39.0354
2,821.615,1522.21,-2893.86
0,11.6428,24.2065,-40.3025
1,37.7192,25.8584,-39.0949
2,823.011,1524.81,-2898.8
0,11.6562,24.2461,-40.3614
1,37.7728,25.901,-39.1544
2,824.407,1527.41,-2903.74
0,11.6696,24.2858,-40.4203
1,37.8264,25.9436,-39.2138
2,825.802,1530.01,-2908.68
0,11.6831,24.3254,-40.4791
1,37.88,25.9862,-39.2733
2,827.198,1532.62,-2913.62
0,11.6965,24.3651,-40.538
1,37.9336,26.0288,-39.3328
2,828.594,1535.22,-2918.56
0,11.7099,24.4047,-40.5969
1,37.9872,26.0714,-39.3922
2,829.99,1537.82,-2923.5
0,11.7234,24.4443,-40.6557
1,38.0408,26.1139,-39.4517
2,831.385,1540.42,-2928.44
0,11.7368,24.484,-40.7146
1,38.0944,26.1565,-39.5112
2,832.781,1543.02,-2933.38
0,11.7503,24.5236,-40.7734
1,38.148,26.1991,-39.5706
2,834.177,1545.62,-2938.32
0,11.7637,24.5632,-40.8323
1,38.2016,26.2417,-39.6301
2,835.573,1548.22,-2943.26
0,11.7772,24.6029,-40.8912
1,38.2552,26.2843,-39.6896
2,836.968,1550.83,-2948.2
0,11.7906,24.6425,-40.95
1,38.3088,26.3269,-39.749
2,838.364,1553.43,-2953.15
0,11.8041,24.6822,-41.0089
1,38.3623,26.3694,-39.8085
2,839.76,1556.03,-2958.09
0,11.8175,24.7218,-41.0677
1,38.4159,26.412,-39.8679
2,841.156,1558.63,-2963.03
0,11.831,24.7614,-41.1266
1,38.4695,26.4546,-39.9274
2,842.551,1561.23,-2967.97
0,11.8445,24.8011,-41.1855
1,38.5231,26.4972,-39.9869
2,843.947,1563.83,-2972.91
0,11.8579,24.8407,-41.2443
1,38.5766,26.5398,-40.0463
2,845.343,1566.44,-2977.85
0,11.8714,24.8804,-41.3032
1,38.6302,26.5823,-40.1058
2,846.739,1569.04,-2982.79
0,11.8849,24.92,-41.362
1,38.6838,26.6249,-40.1653
2,848.134,1571.64,-2987.73
0,11.8983,24.9596,-41.4209
1,38.7373,26.6675,-40.2247
2,849.53,1574.24,-2992.67
0,11.9118,24.9993,-41.4798
1,38.7909,26.7101,-40.2842
2,850.926,1576.84,-2997.61
0,11.9253,25.0389,-41.5386
1,38.8445,26.7527,-40.3437
2,852.322,1579.44,-3002.55
0,11.9388,25.0786,-41.5975
1,38.898,26.7953,-40.4031
2,853.717,1582.04,-3007.49
0,11.9522,25.1182,-41.6563
1,38.9516,26.8378,-40.4626
2,855.113,1584.65,-3012.43
0,11.9657,25.1578,-41.7152
1,39.0051,26.8804,-40.5221
2,856.509,1587.25,-3017.38
0,11.9792,25.1975,-41.7741
1,39.0587,26.923,-40.5815
2,857.905,1589.85,-3022.32
0,11.9927,25.2371,-41.8329
1,39.1122,26.9656,-40.641
2,859.3,1592.45,-3027.26
0,12.0062,25.2768,-41.8918
1,39.1658,27.0082,-40.7005
2,860.696,1595.05,-3032.2
0,12.0197,25.3164,-41.9506
1,39.2193,27.0507,-40.7599
2,862.092,1597.65,-3037.14
0,12.0332,25.356,-42.0095
1,39.2729,27.0933,-40.8194
2,863.488,1600.26,-3042.08
0,12.0467,25.3957,-42.0684
1,39.3264,27.1359,-40.8789
2,864.883,1602.86,-3047.02
0,12.0602,25.4353,-42.1272
1,39.3799,27.1785,-40.9383
2,866.279,1605.46,-3051.96
0,12.0737,25.475,-42.1861
1,39.4335,27.2211,-40.9978
2,867.675,1608.06,-3056.9
0,12.0872,25.5146,-42.2449
1,39.487,27.2636,-41.0573
2,869.071,1610.66,-3061.84
0,12.1007,25.5542,-42.3038
1,39.5405,27.3062,-41.1167
2,870.466,1613.26,-3066.78
0,12.1142,25.5939,-42.3626
1,39.5941,27.3488,-41.1762
2,871.862,1615.86,-3071.72
0,12.1277,25.6335,-42.4215
1,39.6476,27.3914,-41.2357
2,873.258,1618.47,-3076.66
0,12.1412,25.6732,-42.4804
1,39.7011,27.434,-41.2951
2,874.654,1621.07,-3081.61
0,12.1547,25.7128,-42.5392
1,39.7546,27.4765,-41.3546
2,876.049,1623.67,-3086.55
0,12.1682,25.7524,-42.5981
1,39.8082,27.5191,-41.4141
2,877.445,1626.27,-3091.49
0,12.1818,25.7921,-42.6569
1,39.8617,27.5617,-41.4735
2,878.841,1628.87,-3096.43
0,12.1953,25.8317,-42.7158
1,39.9152,27.6043,-41.533
2,880.237,1631.47,-3101.37
0,12.2088,25.8714,-42.7746
1,39.9687,27.6469,-41.5925
2,881.632,1634.08,-3106.31
0,12.2223,25.911,-42.8335
1,40.0222,27.6894,-41.652
2,883.028,1636.68,-3111.25
0,12.2359,25.9507,-42.8924
1,40.0757,27.732,-41.7114
2,884.424,1639.28,-3116.19
0,12.2494,25.9903,-42.9512
1,40.1292,27.7746,-41.7709
2,885.82,1641.88,-3121.13
0,12.2629,26.0299,-43.0101
1,40.1827,27.8172,-41.8304
2,887.215,1644.48,-3126.07
0,12.2764,26.0696,-43.0689
1,40.2362,27.8597,-41.8898
2,888.611,1647.08,-3131.01
0,12.29,26.1092,-43.1278
1,40.2897,27.9023,-41.9493
2,890.007,1649.69,-3135.95
0,12.3035,26.1489,-43.1866
1,40.3432,27.9449,-42.0088
2,891.403,1652.29,-3140.89
0,12.3171,26.1885,-43.2455
1,40.3967,27.9875,-42.0682
2,892.798,1654.89,-3145.84
0,12.3306,26.2282,-43.3044
1,40.4502,28.0301,-42.1277
2,894.194,1657.49,-3150.78
0,12.3441,26.2678,-43.3632
1,40.5037,28.0726,-42.1872
2,895.59,1660.09,-3155.72
0,12.3577,26.3075,-43.4221
1,40.5572,28.1152,-42.2466
2,896.986,1662.69,-3160.66
0,12.3712,26.3471,-43.4809
1,40.6107,28.1578,-42.3061
2,898.381,1665.29,-3165.6
0,12.3848,26.3867,-43.5398
1,40.6642,28.2004,-42.3656
2,899.777,1667.9,-3170.54
0,12.3983,26.4264,-43.5986
1,40.7177,28.2429,-42.425
2,901.173,1670.5,-3175.48
0,12.4119,26.466,-43.6575
1,40.7712,28.2855,-42.4845
2,902.569,1673.1,-3180.42
0,12.4255,26.5057,-43.7164
1,40.8246,28.3281,-42.544
2,903.964,1675.7,-3185.36
0,12.439,26.5453,-43.7752
1,40.8781,28.3707,-42.6035
2,905.36,1678.3,-3190.3
0,12.4526,26.585,-43.8341
1,40.9316,28.4132,-42.6629
2,906.756,1680.9,-3195.24
0,12.4661,26.6246,-43.8929
1,40.9851,28.4558,-42.7224
2,908.152,1683.51,-3200.18
0,12.4797,26.6643,-43.9518
1,41.0385,28.4984,-42.7819
2,909.547,1686.11,-3205.12
0,12.4933,26.7039,-44.0106
1,41.092,28.541,-42.8413
2,910.943,1688.71,-3210.07
0,12.5068,26.7435,-44.0695
1,41.1455,28.5835,-42.9008
2,912.339,1691.31,-3215.01
0,12.5204,26.7832,-44.1283
1,41.1989,28.6261,-42.9603
2,913.735,1693.91,-3219.95
0,12.534,26.8228,-44.1872
1,41.2524,28.6687,-43.0197
2,915.13,1696.51,-3224.89
0,12.5476,26.8625,-44.2461
1,41.3059,28.7113,-43.0792
2,916.526,1699.11,-3229.83
0,12.5611,26.9021,-44.3049
1,41.3593,28.7539,-43.1387
2,917.922,1701.72,-3234.77
0,12.5747,26.9418,-44.3638
1,41.4128,28.7964,-43.1982
2,919.318,1704.32,-3239.71
0,12.5883,26.9814,-44.4226
1,41.4662,28.839,-43.2576
2,920.713,1706.92,-3244.65
0,12.6019,27.0211,-44.4815
1,41.5197,28.8816,-43.3171
2,922.109,1709.52,-3249.59
0,12.6155,27.0607,-44.5403
1,41.5731,28.9241,-43.3766
2,923.505,1712.12,-3254.53
0,12.629,27.1004,-44.5992
1,41.6266,28.9667,-43.436
2,924.901,1714.72,-3259.47
0,12.6426,27.14,-44.658
1,41.68,29.0093,-43.4955
2,926.296,1717.33,-3264.41
0,12.6562,27.1797,-44.7169
1,41.7335,29.0519,-43.555
2,927.692,1719.93,-3269.35
0,12.6698,27.2193,-44.7758
1,41.7869,29.0944,-43.6145
2,929.088,1722.53,-3274.3
0,12.6834,27.259,-44.8346
1,41.8404,29.137,-43.6739
2,930.484,1725.13,-3279.24
0,12.697,27.2986,-44.8935
1,41.8938,29.1796,-43.7334
2,931.879,1727.73,-3284.18
0,12.7106,27.3382,-44.9523
1,41.9473,29.2222,-43.7929
2,933.275,1730.33,-3289.12
0,12.7242,27.3779,-45.0112
1,42.0007,29.2647,-43.8523
2,934.671,1732.93,-3294.06
0,12.7378,27.4175,-45.07
1,42.0541,29.3073,-43.9118
2,936.067,1735.54,-3299
0,12.7514,27.4572,-45.1289
1,42.1076,29.3499,-43.9713
2,937.462,1738.14,-3303.94
0,12.765,27.4968,-45.1877
1,42.161,29.3925,-44.0308
2,938.858,1740.74,-3308.88
0,12.7786,27.5365,-45.2466
1,42.2144,29.435,-44.0902
2,940.254,1743.34,-3313.82
0,12.7922,27.5761,-45.3054
1,42.2678,29.4776,-44.1497
2,941.65,1745.94,-3318.76
0,12.8059,27.6158,-45.3643
1,42.3213,29.5202,-44.2092
2,943.045,1748.54,-3323.7
0,12.8195,27.6554,-45.4231
1,42.3747,29.5628,-44.2686
2,944.441,1751.15,-3328.64
0,12.8331,27.6951,-45.482
1,42.4281,29.6053,-44.3281
2,945.837,1753.75,-3333.58
0,12.8467,27.7347,-45.5409
1,42.4815,29.6479,-44.3876
2,947.233,1756.35,-3338.53
0,12.8603,27.7744,-45.5997
1,42.5349,29.6905,-44.4471
2,948.628,1758.95,-3343.47
0,12.8739,27.814,-45.6586
1,42.5884,29.733,-44.5065
2,950.024,1761.55,-3348.41
0,12.8876,27.8537,-45.7174
1,42.6418,29.7756,-44.566
2,951.42,1764.15,-3353.35
0,12.9012,27.8933,-45.7763
1,42.6952,29.8182,-44.6255
2,952.816,1766.75,-3358.29
0,12.9148,27.933,-45.8351
1,42.7486,29.8608,-44.6849
2,954.211,1769.36,-3363.23
0,12.9284,27.9726,-45.894
1,42.802,29.9033,-44.7444
2,955.607,1771.96,-3368.17
0,12.9421,28.0123,-45.9528
1,42.8554,29.9459,-44.8039
2,957.003,1774.56,-3373.11
0,12.9557,28.0519,-46.0117
1,42.9088,29.9885,-44.8634
2,958.399,1777.16,-3378.05
0,12.9693,28.0916,-46.0705
1,42.9622,30.031,-44.9228
2,959.794,1779.76,-3382.99
0,12.983,28.1312,-46.1294
1,43.0156,30.0736,-44.9823
2,961.19,1782.36,-3387.93
0,12.9966,28.1709,-46.1882
1,43.069,30.1162,-45.0418
2,962.586,1784.97,-3392.87
0,13.0103,28.2105,-46.2471
1,43.1224,30.1588,-45.1013
2,963.982,1787.57,-3397.81
0,13.0239,28.2502,-46.3059
1,43.1758,30.2013,-45.1607
2,965.378,1790.17,-3402.76
0,13.0375,28.2898,-46.3648
1,43.2292,30.2439,-45.2202
2,966.773,1792.77,-3407.7
0,13.0512,28.3295,-46.4237
1,43.2826,30.2865,-45.2797
2,968.169,1795.37,-3412.64
0,13.0648,28.3691,-46.4825
1,43.336,30.329,-45.3391
2,969.565,1797.97,-3417.58
0,13.0785,28.4088,-46.5414
1,43.3894,30.3716,-45.3986
2,970.961,1800.58,-3422.52
0,13.0921,28.4484,-46.6002
1,43.4428,30.4142,-45.4581
2,972.356,1803.18,-3427.46
0,13.1058,28.4881,-46.6591
1,43.4961,30.4568,-45.5176
2,973.752,1805.78,-3432.4
0,13.1194,28.5277,-46.7179
1,43.5495,30.4993,-45.577
2,975.148,1808.38,-3437.34
0,13.1331,28.5674,-46.7768
1,43.6029,30.5419,-45.6365
2,976.544,1810.98,-3442.28
0,13.1468,28.607,-46.8356
1,43.6563,30.5845,-45.696
2,977.939,1813.58,-3447.22
0,13.1604,28.6467,-46.8945
1,43.7097,30.627,-45.7555
2,979.335,1816.18,-3452.16
0,13.1741,28.6863,-46.9533
1,43.763,30.6696,-45.8149
2,980.731,1818.79,-3457.1
0,13.1877,28.726,-47.0122
1,43.8164,30.7122,-45.8744
2,982.127,1821.39,-3462.04
0,13.2014,28.7656,-47.071
1,43.8698,30.7547,-45.9339
2,983.522,1823.99,-3466.99
0,13.2151,28.8053,-47.1299
1,43.9231,30.7973,-45.9934
2,984.918,1826.59,-3471.93
0,13.2287,28.8449,-47.1887
1,43.9765,30.8399,-46.0528
2,986.314,1829.19,-3476.87
0,13.2424,28.8846,-47.2476
1,44.0299,30.8825,-46.1123
2,987.71,1831.79,-3481.81
0,13.2561,28.9242,-47.3064
1,44.0832,30.925,-46.1718
2,989.105,1834.4,-3486.75
0,13.2698,28.9639,-47.3653
1,44.1366,30.9676,-46.2313
2,990.501,1837,-3491.69
0,13.2834,29.0035,-47.4241
1,44.19,31.0102,-46.2907
2,991.897,1839.6,-3496.63
0,13.2971,29.0432,-47.483
1,44.2433,31.0527,-46.3502
2,993.293,1842.2,-3501.57
0,13.3108,29.0829,-47.5418
1,44.2967,31.0953,-46.4097
2,994.688,1844.8,-3506.51
0,13.3245,29.1225,-47.6007
1,44.35,31.1379,-46.4691
2,996.084,1847.4,-3511.45
0,13.3381,29.1622,-47.6595
1,44.4034,31.1804,-46.5286
2,997.48,1850,-3516.39
0,13.3518,29.2018,-47.7184
1,44.4567,31.223,-46.5881
2,998.876,1852.61,-3521.33
0,13.3655,29.2415,-47.7772
1,44.5101,31.2656,-46.6476
2,1000.27,1855.21,-3526.27
0,13.3792,29.2811,-47.8361
1,44.5634,31.3081,-46.707
2,1001.67,1857.81,-3531.22
0,13.3929,29.3208,-47.8949
1,44.6168,31.3507,-46.7665
2,1003.06,1860.41,-3536.16
0,13.4066,29.3604,-47.9538
1,44.6701,31.3933,-46.826
2,1004.46,1863.01,-3541.1
0,13.4203,29.4001,-48.0126
1,44.7235,31.4358,-46.8855
2,1005.85,1865.61,-3546.04
0,13.434,29.4397,-48.0715
1,44.7768,31.4784,-46.9449
2,1007.25,1868.22,-3550.98
0,13.4477,29.4794,-48.1303
1,44.8302,31.521,-47.0044
2,1008.65,1870.82,-3555.92
0,13.4614,29.519,-48.1892
1,44.8835,31.5635,-47.0639
2,1010.04,1873.42,-3560.86
0,13.4751,29.5587,-48.2481
1,44.9368,31.6061,-47.1234
2,1011.44,1876.02,-3565.8
0,13.4888,29.5983,-48.3069
1,44.9902,31.6487,-47.1828
2,1012.83,1878.62,-3570.74
0,13.5025,29.638,-48.3658
1,45.0435,31.6912,-47.2423
2,1014.23,1881.22,-3575.68
0,13.5162,29.6777,-48.4246
1,45.0968,31.7338,-47.3018
2,1015.62,1883.82,-3580.62
0,13.5299,29.7173,-48.4835
1,45.1502,31.7764,-47.3613
2,1017.02,1886.43,-3585.56
0,13.5436,29.757,-48.5423
1,45.2035,31.8189,-47.4207
2,1018.42,1889.03,-3590.5
0,13.5573,29.7966,-48.6012
1,45.2568,31.8615,-47.4802
2,1019.81,1891.63,-3595.45
0,13.571,29.8363,-48.66
1,45.3102,31.9041,-47.5397
2,1021.21,1894.23,-3600.39
0,13.5847,29.8759,-48.7189
1,45.3635,31.9466,-47.5992
2,1022.6,1896.83,-3605.33
0,13.5984,29.9156,-48.7777
1,45.4168,31.9892,-47.6587
2,1024,1899.43,-3610.27
0,13.6122,29.9552,-48.8366
1,45.4701,32.0318,-47.7181
2,1025.39,1902.04,-3615.21
0,13.6259,29.9949,-48.8954
1,45.5234,32.0743,-47.7776
2,1026.79,1904.64,-3620.15
0,13.6396,30.0345,-48.9543
1,45.5768,32.1169,-47.8371
2,1028.19,1907.24,-3625.09
0,13.6533,30.0742,-49.0131
1,45.6301,32.1595,-47.8966
2,1029.58,1909.84,-3630.03
0,13.667,30.1139,-49.072
1,45.6834,32.202,-47.956
2,1030.98,1912.44,-3634.97
0,13.6808,30.1535,-49.1308
1,45.7367,32.2446,-48.0155
2,1032.37,1915.04,-3639.91
0,13.6945,30.1932,-49.1897
1,45.79,32.2872,-48.075
2,1033.77,1917.65,-3644.85
0,13.7082,30.2328,-49.2485
1,45.8433,32.3297,-48.1345
2,1035.17,1920.25,-3649.79
0,13.7219,30.2725,-49.3074
1,45.8966,32.3723,-48.1939
2,1036.56,1922.85,-3654.73
0,13.7357,30.3121,-49.3662
1,45.9499,32.4149,-48.2534
2,1037.96,1925.45,-3659.68
0,13.7494,30.3518,-49.4251
1,46.0032,32.4574,-48.3129
2,1039.35,1928.05,-3664.62
0,13.7631,30.3914,-49.4839
1,46.0565,32.5,-48.3724
2,1040.75,1930.65,-3669.56
0,13.7769,30.4311,-49.5427
1,46.1098,32.5426,-48.4318
2,1042.14,1933.25,-3674.5
0,13.7906,30.4708,-49.6016
1,46.1631,32.5851,-48.4913
2,1043.54,1935.86,-3679.44
0,13.8043,30.5104,-49.6604
1,46.2164,32.6277,-48.5508
2,1044.94,1938.46,-3684.38
0,13.8181,30.5501,-49.7193
1,46.2697,32.6703,-48.6103
2,1046.33,1941.06,-3689.32
0,13.8318,30.5897,-49.7781
1,46.323,32.7128,-48.6697
2,1047.73,1943.66,-3694.26
0,13.8456,30.6294,-49.837
1,46.3763,32.7554,-48.7292
2,1049.12,1946.26,-3699.2
0,13.8593,30.669,-49.8958
1,46.4296,32.7979,-48.7887
2,1050.52,1948.86,-3704.14
0,13.8731,30.7087,-49.9547
1,46.4829,32.8405,-48.8482
2,1051.91,1951.47,-3709.08
0,13.8868,30.7484,-50.0135
1,46.5362,32.8831,-48.9077
2,1053.31,1954.07,-3714.02
0,13.9006,30.788,-50.0724
1,46.5895,32.9256,-48.9671
2,1054.71,1956.67,-3718.96
0,13.9143,30.8277,-50.1312
1,46.6428,32.9682,-49.0266
2,1056.1,1959.27,-3723.91
0,13.9281,30.8673,-50.1901
1,46.6961,33.0108,-49.0861
2,1057.5,1961.87,-3728.85
0,13.9418,30.907,-50.2489
1,46.7493,33.0533,-49.1456
2,1058.89,1964.47,-3733.79
0,13.9556,30.9466,-50.3078
1,46.8026,33.0959,-49.205
2,1060.29,1967.07,-3738.73
0,13.9693,30.9863,-50.3666
1,46.8559,33.1385,-49.2645
2,1061.68,1969.68,-3743.67
0,13.9831,31.026,-50.4255
1,46.9092,33.181,-49.324
2,1063.08,1972.28,-3748.61
0,13.9968,31.0656,-50.4843
1,46.9624,33.2236,-49.3835
2,1064.48,1974.88,-3753.55
0,14.0106,31.1053,-50.5432
1,47.0157,33.2661,-49.4429
2,1065.87,1977.48,-3758.49
0,14.0244,31.1449,-50.602
1,47.069,33.3087,-49.5024
2,1067.27,1980.08,-3763.43
0,14.0381,31.1846,-50.6609
1,47.1223,33.3513,-49.5619
2,1068.66,1982.68,-3768.37
0,14.0519,31.2243,-50.7197
1,47.1755,33.3938,-49.6214
2,1070.06,1985.29,-3773.31
0,14.0657,31.2639,-50.7786
1,47.2288,33.4364,-49.6809
2,1071.45,1987.89,-3778.25
0,14.0794,31.3036,-50.8374
1,47.2821,33.479,-49.7403
2,1072.85,1990.49,-3783.19
0,14.0932,31.3432,-50.8963
1,47.3353,33.5215,-49.7998
2,1074.25,1993.09,-3788.14
0,14.107,31.3829,-50.9551
1,47.3886,33.5641,-49.8593
2,1075.64,1995.69,-3793.08
0,14.1208,31.4225,-51.014
1,47.4419,33.6067,-49.9188
2,1077.04,1998.29,-3798.02
0,14.1345,31.4622,-51.0728
1,47.4951,33.6492,-49.9782
2,1078.43,2000.89,-3802.96
0,14.1483,31.5019,-51.1317
1,47.5484,33.6918,-50.0377
2,1079.83,2003.5,-3807.9
0,14.1621,31.5415,-51.1905
1,47.6016,33.7343,-50.0972
2,1081.22,2006.1,-3812.84
0,14.1759,31.5812,-51.2494
1,47.6549,33.7769,-50.1567
2,1082.62,2008.7,-3817.78
0,14.1896,31.6208,-51.3082
1,47.7082,33.8195,-50.2162
2,1084.02,2011.3,-3822.72
0,14.2034,31.6605,-51.3671
1,47.7614,33.862,-50.2756
2,1085.41,2013.9,-3827.66
0,14.2172,31.7002,-51.4259
1,47.8147,33.9046,-50.3351
2,1086.81,2016.5,-3832.6
0,14.231,31.7398,-51.4847
1,47.8679,33.9471,-50.3946
2,1088.2,2019.11,-3837.54
0,14.2448,31.7795,-51.5436
1,47.9212,33.9897,-50.4541
2,1089.6,2021.71,-3842.48
0,14.2586,31.8191,-51.6024
1,47.9744,34.0323,-50.5135
2,1091,2024.31,-3847.42
0,14.2724,31.8588,-51.6613
1,48.0277,34.0748,-50.573
2,1092.39,2026.91,-3852.37
0,14.2862,31.8985,-51.7201
1,48.0809,34.1174,-50.6325
2,1093.79,2029.51,-3857.31
0,14.2999,31.9381,-51.779
1,48.1341,34.16,-50.692
2,1095.18,2032.11,-3862.25
0,14.3137,31.9778,-51.8378
1,48.1874,34.2025,-50.7515
2,1096.58,2034.72,-3867.19
0,14.3275,32.0174,-51.8967
1,48.2406,34.2451,-50.8109
2,1097.97,2037.32,-3872.13
