0,1.63562e-22,0,0
1,2.02e+07,3861,0
0,2.99723e-17,1.15513e-18,0
1,2.00202e+07,2.32896e+06,0
0,1.19454e-16,9.24857e-18,0
1,1.94833e+07,4.61239e+06,0
0,2.6801e-16,3.13594e-17,0
1,1.8592e+07,6.81168e+06,0
0,4.74838e-16,7.48731e-17,0
1,1.7351e+07,8.88253e+06,0
0,7.38651e-16,1.4764e-16,0
1,1.57682e+07,1.07778e+07,0
0,1.05749e-15,2.58134e-16,0
1,1.38553e+07,1.24467e+07,0
0,1.42843e-15,4.15611e-16,0
1,1.16298e+07,1.38337e+07,0
0,1.84717e-15,6.30228e-16,0
1,9.11747e+06,1.48778e+07,0
0,2.30747e-15,9.13101e-16,0
1,6.3559e+06,1.55123e+07,0
0,2.80031e-15,1.27618e-15,0
1,3.39922e+06,1.56656e+07,0
0,3.3128e-15,1.73181e-15,0
1,324626,1.52636e+07,0
0,3.82699e-15,2.29167e-15,0
1,-2.75998e+06,1.42363e+07,0
0,4.31855e-15,2.9647e-15,0
1,-5.70872e+06,1.253e+07,0
0,4.75639e-15,3.75369e-15,0
1,-8.33503e+06,1.0128e+07,0
0,5.10427e-15,4.65065e-15,0
1,-1.04214e+07,7.07835e+06,0
0,5.32597e-15,5.63239e-15,0
1,-1.17506e+07,3.52025e+06,0
0,5.39424e-15,6.65962e-15,0
1,-1.21592e+07,-310621,0
0,5.2999e-15,7.68274e-15,0
1,-1.15921e+07,-4.11653e+06,0
0,5.0554e-15,8.65307e-15,0
1,-1.01242e+07,-7.60547e+06,0
0,4.69009e-15,9.53364e-15,0
1,-7.93144e+06,-1.05556e+07,0
0,4.24075e-15,1.03038e-14,0
1,-5.23466e+06,-1.28432e+07,0
0,3.74312e-15,1.09576e-14,0
1,-2.2483e+06,-1.44324e+07,0
0,3.22734e-15,1.1499e-14,0
1,846867,-1.53476e+07,0
0,2.71672e-15,1.19378e-14,0
1,3.91099e+06,-1.56465e+07,0
0,2.22838e-15,1.22857e-14,0
1,6.84128e+06,-1.54007e+07,0
0,1.77456e-15,1.25553e-14,0
1,9.56447e+06,-1.46844e+07,0
0,1.36378e-15,1.27583e-14,0
1,1.20293e+07,-1.35692e+07,0
0,1.00197e-15,1.29059e-14,0
1,1.42003e+07,-1.21211e+07,0
0,6.93178e-16,1.3008e-14,0
1,1.60531e+07,-1.04004e+07,0
0,4.40166e-16,1.30739e-14,0
1,1.75712e+07,-8.46233e+06,0
0,2.44773e-16,1.31119e-14,0
1,1.87436e+07,-6.35731e+06,0
0,1.08202e-16,1.313e-14,0
1,1.9563e+07,-4.13232e+06,0
0,3.11895e-17,1.31355e-14,0
1,2.00251e+07,-1.83172e+06,0
0,1.41152e-17,1.31354e-14,0
1,2.01275e+07,501826,0
0,5.70622e-17,1.31369e-14,0
1,1.98699e+07,2.82633e+06,0
0,1.59827e-16,1.31469e-14,0
1,1.92533e+07,5.09964e+06,0
0,3.21891e-16,1.31726e-14,0
1,1.82809e+07,7.27845e+06,0
0,5.42337e-16,1.32216e-14,0
1,1.69583e+07,9.3174e+06,0
0,8.19719e-16,1.3302e-14,0
1,1.5294e+07,1.11681e+07,0
0,1.15184e-15,1.34225e-14,0
1,1.33014e+07,1.27781e+07,0
0,1.53545e-15,1.35927e-14,0
1,1.09999e+07,1.40902e+07,0
0,1.96577e-15,1.3823e-14,0
1,8.41814e+06,1.50413e+07,0
0,2.43586e-15,1.41249e-14,0
1,5.59783e+06,1.5563e+07,0
0,2.93574e-15,1.45106e-14,0
1,2.59893e+06,1.5582e+07,0
0,3.4512e-15,1.49924e-14,0
1,-493430,1.5024e+07,0
0,3.96256e-15,1.55816e-14,0
1,-3.56109e+06,1.38216e+07,0
0,4.44353e-15,1.6286e-14,0
1,-6.44621e+06,1.19284e+07,0
0,4.86113e-15,1.71059e-14,0
1,-8.95104e+06,9.34243e+06,0
0,5.17825e-15,1.80294e-14,0
1,-1.08529e+07,6.1348e+06,0
0,5.35999e-15,1.90286e-14,0
1,-1.19423e+07,2.47304e+06,0
0,5.38318e-15,2.00603e-14,0
1,-1.20804e+07,-1.38349e+06,0
0,5.24463e-15,2.10737e-14,0
1,-1.1248e+07,-5.1297e+06,0
0,4.96237e-15,2.20222e-14,0
1,-9.55356e+06,-8.48649e+06,0
0,4.56901e-15,2.28732e-14,0
1,-7.19254e+06,-1.12576e+07,0
0,4.10191e-15,2.36103e-14,0
1,-4.38927e+06,-1.33457e+07,0
0,3.59572e-15,2.4231e-14,0
1,-1.35155e+06,-1.47349e+07,0
0,3.07878e-15,2.47412e-14,0
1,1.7505e+06,-1.54617e+07,0
0,2.57267e-15,2.51517e-14,0
1,4.78754e+06,-1.55898e+07,0
0,2.09305e-15,2.54747e-14,0
1,7.66552e+06,-1.51928e+07,0
0,1.65103e-15,2.57225e-14,0
1,1.03178e+07,-1.43451e+07,0
0,1.25434e-15,2.5907e-14,0
1,1.26981e+07,-1.31171e+07,0
0,9.08325e-16,2.60388e-14,0
1,1.47743e+07,-1.15737e+07,0
0,6.16628e-16,2.6128e-14,0
1,1.65246e+07,-9.77421e+06,0
0,3.81717e-16,2.61835e-14,0
1,1.79341e+07,-7.77258e+06,0
0,2.05233e-16,2.62136e-14,0
1,1.8993e+07,-5.61865e+06,0
0,8.82285e-17,2.62261e-14,0
1,1.9695e+07,-3.35893e+06,0
0,3.1323e-17,2.62283e-14,0
1,2.00364e+07,-1.0376e+06,0
0,3.47985e-17,2.62274e-14,0
1,2.00156e+07,1.30249e+06,0
0,9.86404e-17,2.62304e-14,0
1,1.96325e+07,3.61893e+06,0
0,2.22535e-16,2.62445e-14,0
1,1.88892e+07,5.86876e+06,0
0,4.05824e-16,2.62771e-14,0
1,1.77895e+07,8.00757e+06,0
0,6.47399e-16,2.6336e-14,0
1,1.634e+07,9.9885e+06,0
0,9.45544e-16,2.64296e-14,0
1,1.45512e+07,1.17613e+07,0
0,1.29768e-15,2.6567e-14,0
1,1.24385e+07,1.32713e+07,0
0,1.7e-15,2.67581e-14,0
1,1.00248e+07,1.44586e+07,0
0,2.14693e-15,2.7014e-14,0
1,7.34339e+06,1.52576e+07,0
0,2.6304e-15,2.73464e-14,0
1,4.44285e+06,1.55971e+07,0
0,3.13883e-15,2.77679e-14,0
1,1.39259e+06,1.54025e+07,0
0,3.65593e-15,2.82906e-14,0
1,-1.70952e+06,1.46005e+07,0
0,4.15933e-15,2.89249e-14,0
1,-4.72936e+06,1.31294e+07,0
0,4.61982e-15,2.96759e-14,0
1,-7.49159e+06,1.09573e+07,0
0,5.00209e-15,3.05399e-14,0
1,-9.78436e+06,8.10803e+06,0
0,5.26872e-15,3.14986e-14,0
1,-1.13832e+07,4.69044e+06,0
0,5.38818e-15,3.25173e-14,0
1,-1.20989e+07,912981,0
0,5.34464e-15,3.35482e-14,0
1,-1.18366e+07,-2.93727e+06,0
0,5.14391e-15,3.45405e-14,0
1,-1.06312e+07,-6.55556e+06,0
0,4.81121e-15,3.54523e-14,0
1,-8.63417e+06,-9.69056e+06,0
0,4.38243e-15,3.62575e-14,0
1,-6.0607e+06,-1.21861e+07,0
0,3.89468e-15,3.69461e-14,0
1,-3.13354e+06,-1.39813e+07,0
0,3.38039e-15,3.75194e-14,0
1,-47335.1,-1.50855e+07,0
0,2.86522e-15,3.7986e-14,0
1,3.04411e+06,-1.55491e+07,0
0,2.36823e-15,3.83575e-14,0
1,6.02636e+06,-1.54421e+07,0
0,1.90312e-15,3.86464e-14,0
1,8.81727e+06,-1.48396e+07,0
0,1.4795e-15,3.8865e-14,0
1,1.13591e+07,-1.38152e+07,0
0,1.10406e-15,3.90247e-14,0
1,1.36119e+07,-1.24376e+07,0
0,7.81362e-16,3.91361e-14,0
1,1.55482e+07,-1.07697e+07,0
0,5.14532e-16,3.92086e-14,0
1,1.71492e+07,-8.86888e+06,0
0,3.05663e-16,3.9251e-14,0
1,1.84024e+07,-6.78775e+06,0
0,1.56128e-16,3.92715e-14,0
1,1.92997e+07,-4.57501e+06,0
0,6.67808e-17,3.92778e-14,0
1,1.98357e+07,-2.2765e+06,0
0,3.80869e-17,3.9277e-14,0
1,2.00079e+07,63836.1,0
0,7.01892e-17,3.92764e-14,0
1,1.98153e+07,2.40297e+06,0
0,1.62932e-16,3.92832e-14,0
1,1.92588e+07,4.69785e+06,0
0,3.15835e-16,3.93047e-14,0
1,1.83414e+07,6.90443e+06,0
0,5.28024e-16,3.93486e-14,0
1,1.70683e+07,8.97673e+06,0
0,7.98095e-16,3.9423e-14,0
1,1.54479e+07,1.08658e+07,0
0,1.12391e-15,3.95368e-14,0
1,1.34931e+07,1.25189e+07,0
0,1.50229e-15,3.96995e-14,0
1,1.12229e+07,1.38781e+07,0
0,1.92855e-15,3.99217e-14,0
1,8.66554e+06,1.48803e+07,0
0,2.39589e-15,4.0215e-14,0
1,5.86175e+06,1.54562e+07,0
0,2.89448e-15,4.05915e-14,0
1,2.87052e+06,1.55321e+07,0
0,3.41035e-15,4.1064e-14,0
1,-224283,1.50327e+07,0
0,3.92405e-15,4.1644e-14,0
1,-3.30596e+06,1.38886e+07,0
0,4.40949e-15,4.23395e-14,0
1,-6.21798e+06,1.20508e+07,0
0,4.8338e-15,4.31517e-14,0
1,-8.76306e+06,9.51312e+06,0
0,5.1596e-15,4.40696e-14,0
1,-1.07169e+07,6.34169e+06,0
0,5.35122e-15,4.50661e-14,0
1,-1.18656e+07,2.69912e+06,0
0,5.38425e-15,4.60982e-14,0
1,-1.20628e+07,-1.15746e+06,0
0,5.25414e-15,4.71148e-14,0
1,-1.12811e+07,-4.92077e+06,0
0,4.97802e-15,4.80684e-14,0
1,-9.62342e+06,-8.3056e+06,0
0,4.58824e-15,4.89251e-14,0
1,-7.28394e+06,-1.11083e+07,0
0,4.12255e-15,4.96675e-14,0
1,-4.48907e+06,-1.32257e+07,0
0,3.61618e-15,5.02924e-14,0
1,-1.45029e+06,-1.46384e+07,0
0,3.09813e-15,5.08058e-14,0
1,1.65848e+06,-1.53814e+07,0
0,2.59047e-15,5.12182e-14,0
1,4.70475e+06,-1.55184e+07,0
0,2.10929e-15,5.15419e-14,0
1,7.59208e+06,-1.51237e+07,0
0,1.66598e-15,5.17897e-14,0
1,1.02522e+07,-1.42728e+07,0
0,1.26845e-15,5.19733e-14,0
1,1.26375e+07,-1.30372e+07,0
0,9.22191e-16,5.21037e-14,0
1,1.47151e+07,-1.1483e+07,0
0,6.30925e-16,5.21912e-14,0
1,1.64628e+07,-9.6704e+06,0
0,3.97179e-16,5.22447e-14,0
1,1.78653e+07,-7.65452e+06,0
0,2.22628e-16,5.22728e-14,0
1,1.89126e+07,-5.48609e+06,0
0,1.08342e-16,5.22834e-14,0
1,1.95983e+07,-3.21255e+06,0
0,5.49465e-17,5.2284e-14,0
1,1.99187e+07,-879025,0
0,6.27141e-17,5.22818e-14,0
1,1.9872e+07,1.4707e+06,0
0,1.31609e-16,5.22842e-14,0
1,1.94587e+07,3.79318e+06,0
0,2.61278e-16,5.22985e-14,0
1,1.86807e+07,6.04437e+06,0
0,4.50999e-16,5.23323e-14,0
1,1.75423e+07,8.17866e+06,0
0,6.99572e-16,5.23936e-14,0
1,1.60509e+07,1.01478e+07,0
0,1.00514e-15,5.2491e-14,0
1,1.42176e+07,1.19001e+07,0
0,1.36491e-15,5.26339e-14,0
1,1.20591e+07,1.33791e+07,0
0,1.77477e-15,5.28327e-14,0
1,9.60004e+06,1.45232e+07,0
0,2.22871e-15,5.30986e-14,0
1,6.87661e+06,1.52646e+07,0
0,2.71802e-15,5.34437e-14,0
1,3.94104e+06,1.55305e+07,0
0,3.23024e-15,5.38807e-14,0
1,868113,1.52451e+07,0
0,3.74786e-15,5.44218e-14,0
1,-2.23713e+06,1.43353e+07,0
0,4.24704e-15,5.50767e-14,0
1,-5.23163e+06,1.27426e+07,0
0,4.69698e-15,5.58495e-14,0
1,-7.93049e+06,1.04429e+07,0
0,5.06115e-15,5.67337e-14,0
1,-1.01146e+07,7.47454e+06,0
0,5.30216e-15,5.77079e-14,0
1,-1.15598e+07,3.9663e+06,0
0,5.39051e-15,5.8734e-14,0
1,-1.20888e+07,147203,0
0,5.31424e-15,5.97621e-14,0
1,-1.16302e+07,-3.68351e+06,0
0,5.0836e-15,6.07418e-14,0
1,-1.02454e+07,-7.22356e+06,0
0,4.72705e-15,6.16336e-14,0
1,-8.10518e+06,-1.02365e+07,0
0,4.28177e-15,6.24148e-14,0
1,-5.43274e+06,-1.25855e+07,0
0,3.78464e-15,6.3078e-14,0
1,-2.44933e+06,-1.42259e+07,0
0,3.26707e-15,6.36264e-14,0
1,656524,-1.51783e+07,0
0,2.75353e-15,6.40697e-14,0
1,3.73818e+06,-1.54996e+07,0
0,2.26201e-15,6.44199e-14,0
1,6.6876e+06,-1.52625e+07,0
0,1.80536e-15,6.46898e-14,0
1,9.4277e+06,-1.45432e+07,0
0,1.39257e-15,6.48916e-14,0
1,1.19046e+07,-1.34154e+07,0
0,1.02986e-15,6.50367e-14,0
1,1.40809e+07,-1.19475e+07,0
0,7.2148e-16,6.51355e-14,0
1,1.59313e+07,-1.0202e+07,0
0,4.70312e-16,6.51975e-14,0
1,1.74383e+07,-8.23601e+06,0
0,2.78282e-16,6.52316e-14,0
1,1.85905e+07,-6.10201e+06,0
0,1.46638e-16,6.52458e-14,0
1,1.93804e+07,-3.84882e+06,0
0,7.61326e-17,6.52478e-14,0
1,1.98034e+07,-1.52264e+06,0
0,6.71384e-17,6.5245e-14,0
1,1.98573e+07,831937,0
0,1.19703e-16,6.52449e-14,0
1,1.95419e+07,3.17097e+06,0
0,2.33558e-16,6.52547e-14,0
1,1.88588e+07,5.45016e+06,0
0,4.08074e-16,6.52821e-14,0
1,1.78117e+07,7.62387e+06,0
0,6.42168e-16,6.53351e-14,0
1,1.64072e+07,9.64412e+06,0
0,9.34143e-16,6.54222e-14,0
1,1.46554e+07,1.14596e+07,0
0,1.28144e-15,6.55527e-14,0
1,1.25717e+07,1.30146e+07,0
0,1.68025e-15,6.57367e-14,0
1,1.0179e+07,1.42482e+07,0
0,2.12501e-15,6.59855e-14,0
1,7.51059e+06,1.50936e+07,0
0,2.60764e-15,6.6311e-14,0
1,4.61504e+06,1.54785e+07,0
0,3.11655e-15,6.67259e-14,0
1,1.56196e+06,1.53268e+07,0
0,3.63534e-15,6.72428e-14,0
1,-1.55034e+06,1.45636e+07,0
0,4.14152e-15,6.78721e-14,0
1,-4.58683e+06,1.31256e+07,0
0,4.60559e-15,6.86195e-14,0
1,-7.37055e+06,1.0979e+07,0
0,4.99181e-15,6.94814e-14,0
1,-9.68704e+06,8.14617e+06,0
0,5.26216e-15,7.04395e-14,0
1,-1.13082e+07,4.73552e+06,0
0,5.38446e-15,7.14591e-14,0
1,-1.2041e+07,956924,0
0,5.34235e-15,7.24915e-14,0
1,-1.17872e+07,-2.899e+06,0
0,5.14151e-15,7.34854e-14,0
1,-1.05812e+07,-6.52277e+06,0
0,4.80743e-15,7.43979e-14,0
1,-8.57585e+06,-9.65878e+06,0
0,4.37652e-15,7.52027e-14,0
1,-5.98964e+06,-1.21482e+07,0
0,3.88648e-15,7.58895e-14,0
1,-3.04875e+06,-1.39293e+07,0
0,3.37023e-15,7.64599e-14,0
1,49252.2,-1.50119e+07,0
0,2.85377e-15,7.69225e-14,0
1,3.14841e+06,-1.54477e+07,0
0,2.35642e-15,7.72891e-14,0
1,6.13284e+06,-1.5308e+07,0
0,1.89202e-15,7.75726e-14,0
1,8.91945e+06,-1.46694e+07,0
0,1.47029e-15,7.77855e-14,0
1,1.145e+07,-1.36069e+07,0
0,1.09796e-15,7.79394e-14,0
1,1.36841e+07,-1.21905e+07,0
0,7.79632e-16,7.8045e-14,0
1,1.55941e+07,-1.04844e+07,0
0,5.18447e-16,7.8112e-14,0
1,1.71613e+07,-8.54698e+06,0
0,3.16496e-16,7.81494e-14,0
1,1.8373e+07,-6.43213e+06,0
0,1.75147e-16,7.81656e-14,0
1,1.92211e+07,-4.1897e+06,0
0,9.52345e-17,7.81684e-14,0
1,1.97005e+07,-1.86675e+06,0
0,7.71935e-17,7.81652e-14,0
1,1.98087e+07,491407,0
0,1.2112e-16,7.81637e-14,0
1,1.95452e+07,2.84029e+06,0
0,2.26785e-16,7.81711e-14,0
1,1.89111e+07,5.13517e+06,0
0,3.93604e-16,7.81951e-14,0
1,1.79102e+07,7.33014e+06,0
0,6.20542e-16,7.82439e-14,0
1,1.65486e+07,9.37705e+06,0
0,9.05963e-16,7.83258e-14,0
1,1.48361e+07,1.12245e+07,0
0,1.24739e-15,7.84503e-14,0
1,1.27877e+07,1.28168e+07,0
0,1.64113e-15,7.86275e-14,0
1,1.04253e+07,1.40931e+07,0
0,2.0818e-15,7.88684e-14,0
1,7.78153e+06,1.49867e+07,0
0,2.56152e-15,7.91852e-14,0
1,4.90343e+06,1.54253e+07,0
0,3.06902e-15,7.95905e-14,0
1,1.85881e+06,1.53324e+07,0
0,3.58828e-15,8.0097e-14,0
1,-1.25636e+06,1.46324e+07,0
0,4.0973e-15,8.07157e-14,0
1,-4.30988e+06,1.32597e+07,0
0,4.56702e-15,8.14527e-14,0
1,-7.12754e+06,1.11769e+07,0
0,4.96196e-15,8.23053e-14,0
1,-9.49636e+06,8.40044e+06,0
0,5.24384e-15,8.32568e-14,0
1,-1.11867e+07,5.03091e+06,0
0,5.37943e-15,8.42735e-14,0
1,-1.19992e+07,1.27097e+06,0
0,5.35065e-15,8.53073e-14,0
1,-1.18255e+07,-2.5921e+06,0
0,5.1614e-15,8.63064e-14,0
1,-1.06889e+07,-6.24595e+06,0
0,4.83597e-15,8.72267e-14,0
1,-8.73546e+06,-9.42721e+06,0
0,4.41047e-15,8.80403e-14,0
1,-6.18171e+06,-1.19681e+07,0
0,3.92298e-15,8.87357e-14,0
1,-3.25609e+06,-1.37999e+07,0
0,3.40706e-15,8.93139e-14,0
1,-160102,-1.49279e+07,0
0,2.8894e-15,8.9783e-14,0
1,2.94626e+06,-1.54021e+07,0
0,2.38988e-15,9.01551e-14,0
1,5.94372e+06,-1.52932e+07,0
0,1.92276e-15,9.04427e-14,0
1,8.74663e+06,-1.46784e+07,0
0,1.49808e-15,9.06587e-14,0
1,1.12949e+07,-1.36334e+07,0
0,1.12278e-15,9.08148e-14,0
1,1.35468e+07,-1.2229e+07,0
0,8.01617e-16,9.09218e-14,0
1,1.54738e+07,-1.05302e+07,0
0,5.37824e-16,9.09896e-14,0
1,1.70566e+07,-8.59644e+06,0
0,3.33566e-16,9.10274e-14,0
1,1.82822e+07,-6.48217e+06,0
0,1.90253e-16,9.10435e-14,0
1,1.9142e+07,-4.23795e+06,0
0,1.08753e-16,9.10458e-14,0
1,1.9631e+07,-1.91145e+06,0
0,8.95154e-17,9.10421e-14,0
1,1.97464e+07,451462,0
0,1.32645e-16,9.10399e-14,0
1,1.94876e+07,2.80576e+06,0
0,2.37914e-16,9.10465e-14,0
1,1.8856e+07,5.10622e+06,0
0,4.04728e-16,9.10699e-14,0
1,1.78551e+07,7.3064e+06,0
0,6.32037e-16,9.11182e-14,0
1,1.64913e+07,9.35761e+06,0
0,9.18176e-16,9.11999e-14,0
1,1.47745e+07,1.12079e+07,0
0,1.26062e-15,9.13244e-14,0
1,1.27199e+07,1.2801e+07,0
0,1.65562e-15,9.15021e-14,0
1,1.035e+07,1.40753e+07,0
0,2.09767e-15,9.17441e-14,0
1,7.69792e+06,1.49636e+07,0
0,2.57876e-15,9.20627e-14,0
1,4.81162e+06,1.53927e+07,0
0,3.08738e-15,9.24705e-14,0
1,1.7602e+06,1.52858e+07,0
0,3.60726e-15,9.29805e-14,0
1,-1.35861e+06,1.45666e+07,0
0,4.11597e-15,9.36033e-14,0
1,-4.4103e+06,1.31703e+07,0
0,4.58403e-15,9.4345e-14,0
1,-7.21795e+06,1.10605e+07,0
0,4.97553e-15,9.52024e-14,0
1,-9.56617e+06,8.25671e+06,0
0,5.25205e-15,9.61579e-14,0
1,-1.12243e+07,4.86438e+06,0
0,5.38062e-15,9.71769e-14,0
1,-1.19947e+07,1.0916e+06,0
0,5.344e-15,9.82107e-14,0
1,-1.1774e+07,-2.7702e+06,0
0,5.14716e-15,9.92073e-14,0
1,-1.05919e+07,-6.40781e+06,0
0,4.81534e-15,1.00123e-13,0
1,-8.60005e+06,-9.56042e+06,0
0,4.38512e-15,1.00931e-13,0
1,-6.01799e+06,-1.20646e+07,0
0,3.89468e-15,1.0162e-13,0
1,-3.07468e+06,-1.38556e+07,0
0,3.37743e-15,1.02191e-13,0
1,29271,-1.49421e+07,0
0,2.85983e-15,1.02654e-13,0
1,3.13528e+06,-1.53758e+07,0
0,2.36152e-15,1.03019e-13,0
1,6.12545e+06,-1.52286e+07,0
0,1.89658e-15,1.03301e-13,0
1,8.91529e+06,-1.45782e+07,0
0,1.4749e-15,1.03512e-13,0
1,1.14456e+07,-1.35005e+07,0
0,1.10329e-15,1.03664e-13,0
1,1.36753e+07,-1.20667e+07,0
0,7.86456e-16,1.03766e-13,0
1,1.55763e+07,-1.03419e+07,0
0,5.27557e-16,1.03831e-13,0
1,1.71298e+07,-8.38551e+06,0
0,3.28716e-16,1.03865e-13,0
1,1.83228e+07,-6.25227e+06,0
0,1.9131e-16,1.03879e-13,0
1,1.91472e+07,-3.99297e+06,0
0,1.16173e-16,1.0388e-13,0
1,1.9598e+07,-1.6556e+06,0
0,1.03728e-16,1.03875e-13,0
1,1.96727e+07,713586,0
0,1.54043e-16,1.03873e-13,0
1,1.93708e+07,3.06904e+06,0
0,2.66846e-16,1.03881e-13,0
1,1.86939e+07,5.36491e+06,0
0,4.41483e-16,1.03906e-13,0
1,1.76461e+07,7.55401e+06,0
0,6.76816e-16,1.03958e-13,0
1,1.62341e+07,9.58675e+06,0
0,9.71055e-16,1.04044e-13,0
1,1.44687e+07,1.14101e+07,0
0,1.3215e-15,1.04175e-13,0
1,1.23662e+07,1.29665e+07,0
0,1.72412e-15,1.04361e-13,0
1,9.95052e+06,1.41931e+07,0
0,2.17305e-15,1.04613e-13,0
1,7.25715e+06,1.50211e+07,0
0,2.65973e-15,1.04944e-13,0
1,4.33735e+06,1.53761e+07,0
0,3.17188e-15,1.05367e-13,0
1,1.26475e+06,1.51804e+07,0
0,3.69222e-15,1.05894e-13,0
1,-1.85678e+06,1.43583e+07,0
0,4.19704e-15,1.06537e-13,0
1,-4.88512e+06,1.28477e+07,0
0,4.65551e-15,1.07298e-13,0
1,-7.63523e+06,1.06195e+07,0
0,5.03072e-15,1.08174e-13,0
1,-9.88564e+06,7.70586e+06,0
0,5.28428e-15,1.09144e-13,0
1,-1.14061e+07,4.22982e+06,0
0,5.38509e-15,1.1017e-13,0
1,-1.20099e+07,417640,0
0,5.31941e-15,1.11201e-13,0
1,-1.16147e+07,-3.42865e+06,0
0,5.09618e-15,1.12186e-13,0
1,-1.02743e+07,-6.99843e+06,0
0,4.74352e-15,1.13085e-13,0
1,-8.15753e+06,-1.00448e+07,0
0,4.29915e-15,1.13871e-13,0
1,-5.49059e+06,-1.2422e+07,0
0,3.80093e-15,1.14538e-13,0
1,-2.50063e+06,-1.40804e+07,0
0,3.28127e-15,1.15089e-13,0
1,617827,-1.50386e+07,0
0,2.76545e-15,1.15532e-13,0
1,3.71307e+06,-1.53537e+07,0
0,2.27213e-15,1.1588e-13,0
1,6.67327e+06,-1.51e+07,0
0,1.81459e-15,1.16147e-13,0
1,9.41871e+06,-1.43558e+07,0
0,1.40212e-15,1.16344e-13,0
1,1.18937e+07,-1.31969e+07,0
0,1.04113e-15,1.16484e-13,0
1,1.40597e+07,-1.16936e+07,0
0,7.36e-16,1.16577e-13,0
1,1.58905e+07,-9.91059e+06,0
0,4.89691e-16,1.16634e-13,0
1,1.73684e+07,-7.90679e+06,0
0,3.04173e-16,1.16663e-13,0
1,1.84815e+07,-5.73651e+06,0
0,1.80709e-16,1.16672e-13,0
1,1.92223e+07,-3.45041e+06,0
0,1.20045e-16,1.1667e-13,0
1,1.95862e+07,-1.09655e+06,0
0,1.22524e-16,1.16665e-13,0
1,1.95713e+07,1.27853e+06,0
0,1.88135e-16,1.16664e-13,0
1,1.91776e+07,3.62877e+06,0
0,3.16511e-16,1.16675e-13,0
1,1.84073e+07,5.90754e+06,0
0,5.06876e-16,1.16705e-13,0
1,1.72651e+07,8.06661e+06,0
0,7.57925e-16,1.16764e-13,0
1,1.57589e+07,1.0055e+07,0
0,1.06763e-15,1.16861e-13,0
1,1.39007e+07,1.18182e+07,0
0,1.43293e-15,1.17005e-13,0
1,1.1709e+07,1.32966e+07,0
0,1.84933e-15,1.17208e-13,0
1,9.21074e+06,1.44251e+07,0
0,2.31021e-15,1.1748e-13,0
1,6.44563e+06,1.51329e+07,0
0,2.80602e-15,1.17835e-13,0
1,3.47105e+06,1.53436e+07,0
0,3.32308e-15,1.18287e-13,0
1,369055,1.49789e+07,0
0,3.84225e-15,1.18846e-13,0
1,-2.74543e+06,1.39651e+07,0
0,4.3376e-15,1.19523e-13,0
1,-5.71694e+06,1.22471e+07,0
0,4.7761e-15,1.2032e-13,0
1,-8.34718e+06,9.81042e+06,0
0,5.11952e-15,1.21227e-13,0
1,-1.04068e+07,6.71178e+06,0
0,5.33038e-15,1.22218e-13,0
1,-1.16709e+07,3.10594e+06,0
0,5.38166e-15,1.23252e-13,0
1,-1.19776e+07,-751844,0
0,5.26623e-15,1.24275e-13,0
1,-1.1284e+07,-4.54718e+06,0
0,4.99966e-15,1.25238e-13,0
1,-9.68359e+06,-7.98058e+06,0
0,4.61428e-15,1.26104e-13,0
1,-7.37046e+06,-1.08329e+07,0
0,4.14889e-15,1.26854e-13,0
1,-4.57744e+06,-1.29891e+07,0
0,3.64027e-15,1.27484e-13,0
1,-1.52517e+06,-1.44237e+07,0
0,3.11887e-15,1.27999e-13,0
1,1.6037e+06,-1.51702e+07,0
0,2.60793e-15,1.2841e-13,0
1,4.66967e+06,-1.52933e+07,0
0,2.12439e-15,1.28731e-13,0
1,7.57115e+06,-1.487e+07,0
0,1.68022e-15,1.28973e-13,0
1,1.02363e+07,-1.39788e+07,0
0,1.28377e-15,1.2915e-13,0
1,1.26152e+07,-1.26945e+07,0
0,9.4074e-16,1.29272e-13,0
1,1.46734e+07,-1.10863e+07,0
0,6.55048e-16,1.29352e-13,0
1,1.63876e+07,-9.21722e+06,0
0,4.29314e-16,1.29397e-13,0
1,1.7742e+07,-7.14525e+06,0
0,2.65263e-16,1.29417e-13,0
1,1.87263e+07,-4.92386e+06,0
0,1.63979e-16,1.29421e-13,0
1,1.9334e+07,-2.60324e+06,0
0,1.26067e-16,1.29417e-13,0
1,1.95614e+07,-231345,0
0,1.51743e-16,1.29411e-13,0
1,1.94073e+07,2.14504e+06,0
0,2.40865e-16,1.29413e-13,0
1,1.88725e+07,4.47921e+06,0
0,3.92915e-16,1.2943e-13,0
1,1.79602e+07,6.72351e+06,0
0,6.06916e-16,1.2947e-13,0
1,1.66762e+07,8.82824e+06,0
0,8.81289e-16,1.29542e-13,0
1,1.503e+07,1.07406e+07,0
0,1.21361e-15,1.29655e-13,0
1,1.30361e+07,1.24036e+07,0
0,1.60027e-15,1.29821e-13,0
1,1.07163e+07,1.37551e+07,0
0,2.03595e-15,1.30049e-13,0
1,8.10239e+06,1.4727e+07,0
0,2.51288e-15,1.30354e-13,0
1,5.24103e+06,1.52455e+07,0
0,3.01988e-15,1.30747e-13,0
1,2.19935e+06,1.52324e+07,0
0,3.54106e-15,1.31241e-13,0
1,-927295,1.46096e+07,0
0,4.05443e-15,1.31849e-13,0
1,-4.00698e+06,1.33086e+07,0
0,4.53086e-15,1.32576e-13,0
1,-6.86493e+06,1.12879e+07,0
0,4.9345e-15,1.33421e-13,0
1,-9.28591e+06,8.55943e+06,0
0,5.22622e-15,1.34369e-13,0
1,-1.10353e+07,5.21943e+06,0
0,5.37154e-15,1.35385e-13,0
1,-1.19062e+07,1.4685e+06,0
0,5.35091e-15,1.36421e-13,0
1,-1.17814e+07,-2.4037e+06,0
0,5.16714e-15,1.37424e-13,0
1,-1.06777e+07,-6.07792e+06,0
0,4.84425e-15,1.38349e-13,0
1,-8.7395e+06,-9.28182e+06,0
0,4.41882e-15,1.39166e-13,0
1,-6.18614e+06,-1.184e+07,0
0,3.92979e-15,1.39864e-13,0
1,-3.25131e+06,-1.3679e+07,0
0,3.41166e-15,1.40442e-13,0
1,-142022,-1.48027e+07,0
0,2.89187e-15,1.4091e-13,0
1,2.9771e+06,-1.52616e+07,0
0,2.39088e-15,1.41278e-13,0
1,5.98334e+06,-1.51279e+07,0
0,1.92336e-15,1.41561e-13,0
1,8.78866e+06,-1.44807e+07,0
0,1.49961e-15,1.41772e-13,0
1,1.13313e+07,-1.33979e+07,0
0,1.12674e-15,1.41922e-13,0
1,1.35686e+07,-1.19523e+07,0
0,8.09616e-16,1.42023e-13,0
1,1.54714e+07,-1.0211e+07,0
0,5.5154e-16,1.42084e-13,0
1,1.70199e+07,-8.23507e+06,0
0,3.54708e-16,1.42116e-13,0
1,1.82009e+07,-6.08089e+06,0
0,2.20541e-16,1.42127e-13,0
1,1.90058e+07,-3.80081e+06,0
0,1.49891e-16,1.42125e-13,0
1,1.94297e+07,-1.44436e+06,0
0,1.43176e-16,1.42119e-13,0
1,1.947e+07,940631,0
0,2.00434e-16,1.42115e-13,0
1,1.91264e+07,3.307e+06,0
0,3.21339e-16,1.42123e-13,0
1,1.84009e+07,5.60713e+06,0
0,5.05142e-16,1.4215e-13,0
1,1.72981e+07,7.79194e+06,0
0,7.50562e-16,1.42204e-13,0
1,1.58256e+07,9.8097e+06,0
0,1.05559e-15,1.42296e-13,0
1,1.39954e+07,1.1605e+07,0
0,1.4172e-15,1.42435e-13,0
1,1.18258e+07,1.31177e+07,0
0,1.83091e-15,1.42632e-13,0
1,9.34371e+06,1.4282e+07,0
0,2.29014e-15,1.42899e-13,0
1,6.58856e+06,1.50262e+07,0
0,2.78534e-15,1.43248e-13,0
1,3.6176e+06,1.52731e+07,0
0,3.30287e-15,1.43694e-13,0
1,512817,1.49432e+07,0
0,3.82355e-15,1.44249e-13,0
1,-2.61081e+06,1.39617e+07,0
0,4.32142e-15,1.44921e-13,0
1,-5.59744e+06,1.22718e+07,0
0,4.76327e-15,1.45715e-13,0
1,-8.24774e+06,9.85736e+06,0
0,5.11052e-15,1.46619e-13,0
1,-1.03304e+07,6.77332e+06,0
0,5.3252e-15,1.4761e-13,0
1,-1.16175e+07,3.17363e+06,0
0,5.37969e-15,1.48645e-13,0
1,-1.19434e+07,-685680,0
0,5.26637e-15,1.49669e-13,0
1,-1.12624e+07,-4.48747e+06,0
0,5.00063e-15,1.50634e-13,0
1,-9.667e+06,-7.92838e+06,0
0,4.61499e-15,1.51501e-13,0
1,-7.35229e+06,-1.07857e+07,0
0,4.14863e-15,1.52252e-13,0
1,-4.55346e+06,-1.29421e+07,0
0,3.63878e-15,1.52881e-13,0
1,-1.49376e+06,-1.43714e+07,0
0,3.11624e-15,1.53395e-13,0
1,1.64191e+06,-1.51071e+07,0
0,2.60455e-15,1.53804e-13,0
1,4.71235e+06,-1.52148e+07,0
0,2.12085e-15,1.54122e-13,0
1,7.61483e+06,-1.47725e+07,0
0,1.67722e-15,1.54361e-13,0
1,1.02767e+07,-1.38598e+07,0
0,1.28209e-15,1.54534e-13,0
1,1.26476e+07,-1.25525e+07,0
0,9.41236e-16,1.54653e-13,0
1,1.46928e+07,-1.09206e+07,0
0,6.58583e-16,1.54729e-13,0
1,1.63888e+07,-9.02823e+06,0
0,4.36769e-16,1.54771e-13,0
1,1.77196e+07,-6.93421e+06,0
0,2.77524e-16,1.54789e-13,0
1,1.86751e+07,-4.69292e+06,0
0,1.81926e-16,1.5479e-13,0
1,1.92486e+07,-2.35546e+06,0
0,1.50559e-16,1.54784e-13,0
1,1.94368e+07,29227.5,0
0,1.83611e-16,1.54778e-13,0
1,1.92384e+07,2.4133e+06,0
0,2.8089e-16,1.5478e-13,0
1,1.86547e+07,4.74887e+06,0
0,4.41806e-16,1.54798e-13,0
1,1.76892e+07,6.98696e+06,0
0,6.65272e-16,1.54841e-13,0
1,1.63484e+07,9.07637e+06,0
0,9.49543e-16,1.54917e-13,0
1,1.46428e+07,1.09626e+07,0
0,1.29196e-15,1.55038e-13,0
1,1.25883e+07,1.25866e+07,0
0,1.68856e-15,1.55213e-13,0
1,1.02089e+07,1.38842e+07,0
0,2.1335e-15,1.55454e-13,0
1,7.53937e+06,1.47849e+07,0
0,2.6183e-15,1.55773e-13,0
1,4.63085e+06,1.52128e+07,0
0,3.13071e-15,1.56185e-13,0
1,1.55671e+06,1.5088e+07,0
0,3.65344e-15,1.56702e-13,0
1,-1.57922e+06,1.43327e+07,0
0,4.16271e-15,1.57335e-13,0
1,-4.63431e+06,1.28816e+07,0
0,4.62744e-15,1.5809e-13,0
1,-7.42195e+06,1.07022e+07,0
0,5.01016e-15,1.58961e-13,0
1,-9.7174e+06,7.82304e+06,0
0,5.27156e-15,1.59928e-13,0
1,-1.12849e+07,4.36475e+06,0
0,5.37937e-15,1.60955e-13,0
1,-1.19307e+07,553950,0
0,5.31872e-15,1.61989e-13,0
1,-1.15658e+07,-3.30301e+06,0
0,5.098e-15,1.62977e-13,0
1,-1.02404e+07,-6.88818e+06,0
0,4.74547e-15,1.63879e-13,0
1,-8.12436e+06,-9.94699e+06,0
0,4.29954e-15,1.64667e-13,0
1,-5.44804e+06,-1.23282e+07,0
0,3.79893e-15,1.65333e-13,0
1,-2.44379e+06,-1.39797e+07,0
0,3.27687e-15,1.65882e-13,0
1,689042,-1.49198e+07,0
0,2.75927e-15,1.66321e-13,0
1,3.79501e+06,-1.52072e+07,0
0,2.26521e-15,1.66664e-13,0
1,6.75964e+06,-1.49178e+07,0
0,1.80827e-15,1.66924e-13,0
1,9.50144e+06,-1.41321e+07,0
0,1.39794e-15,1.67115e-13,0
1,1.19636e+07,-1.29279e+07,0
0,1.04074e-15,1.67248e-13,0
1,1.41068e+07,-1.13776e+07,0
0,7.41116e-16,1.67334e-13,0
1,1.59046e+07,-9.54769e+06,0
0,5.02076e-16,1.67384e-13,0
1,1.73388e+07,-7.4989e+06,0
0,3.25596e-16,1.67407e-13,0
1,1.83977e+07,-5.28735e+06,0
0,2.12934e-16,1.67412e-13,0
1,1.90736e+07,-2.96552e+06,0
0,1.64806e-16,1.67406e-13,0
1,1.93623e+07,-583371,0
0,1.81504e-16,1.67398e-13,0
1,1.92621e+07,1.81048e+06,0
0,2.62932e-16,1.67397e-13,0
1,1.87735e+07,4.1677e+06,0
0,4.08594e-16,1.67409e-13,0
1,1.78995e+07,6.43911e+06,0
0,6.17519e-16,1.67445e-13,0
1,1.66459e+07,8.57356e+06,0
0,8.88113e-16,1.67513e-13,0
1,1.50224e+07,1.05168e+07,0
0,1.21792e-15,1.67622e-13,0
1,1.30436e+07,1.22105e+07,0
0,1.60327e-15,1.67783e-13,0
1,1.07316e+07,1.35908e+07,0
0,2.03872e-15,1.68008e-13,0
1,8.11902e+06,1.45883e+07,0
0,2.51637e-15,1.68309e-13,0
1,5.25337e+06,1.51275e+07,0
0,3.02476e-15,1.687e-13,0
1,2.20332e+06,1.51284e+07,0
0,3.54764e-15,1.69195e-13,0
1,-933557,1.45116e+07,0
0,4.06251e-15,1.69803e-13,0
1,-4.02222e+06,1.32076e+07,0
0,4.53956e-15,1.70533e-13,0
1,-6.88385e+06,1.11751e+07,0
0,4.94217e-15,1.71382e-13,0
1,-9.2987e+06,8.42811e+06,0
0,5.23062e-15,1.72334e-13,0
1,-1.10285e+07,5.06768e+06,0
0,5.37023e-15,1.73353e-13,0
1,-1.18651e+07,1.30144e+06,0
0,5.34199e-15,1.7439e-13,0
1,-1.16946e+07,-2.57387e+06,0
0,5.14978e-15,1.75392e-13,0
1,-1.05403e+07,-6.23456e+06,0
0,4.81887e-15,1.76312e-13,0
1,-8.55393e+06,-9.40801e+06,0
0,4.38676e-15,1.77123e-13,0
1,-5.96052e+06,-1.19217e+07,0
0,3.89292e-15,1.77812e-13,0
1,-2.99682e+06,-1.37062e+07,0
0,3.37202e-15,1.78381e-13,0
1,129067,-1.47694e+07,0
0,2.85149e-15,1.78838e-13,0
1,3.25258e+06,-1.51645e+07,0
0,2.35171e-15,1.79197e-13,0
1,6.25153e+06,-1.49663e+07,0
0,1.88725e-15,1.7947e-13,0
1,9.03853e+06,-1.42554e+07,0
0,1.46828e-15,1.79671e-13,0
1,1.15525e+07,-1.31112e+07,0
0,1.10184e-15,1.79812e-13,0
1,1.37512e+07,-1.16074e+07,0
0,7.92729e-16,1.79904e-13,0
1,1.56059e+07,-9.81228e+06,0
0,5.44183e-16,1.79958e-13,0
1,1.70971e+07,-7.78792e+06,0
0,3.5835e-16,1.79984e-13,0
1,1.82121e+07,-5.59171e+06,0
0,2.36598e-16,1.7999e-13,0
1,1.89426e+07,-3.27719e+06,0
0,1.79728e-16,1.79984e-13,0
1,1.92837e+07,-895182,0
0,1.88091e-16,1.79976e-13,0
1,1.92335e+07,1.50499e+06,0
0,2.61637e-16,1.79972e-13,0
1,1.87922e+07,3.87445e+06,0
0,3.99918e-16,1.79982e-13,0
1,1.79625e+07,6.16359e+06,0
0,6.02005e-16,1.80014e-13,0
1,1.67499e+07,8.32097e+06,0
0,8.66361e-16,1.80077e-13,0
1,1.51638e+07,1.02922e+07,0
0,1.1906e-15,1.80181e-13,0
1,1.32184e+07,1.20186e+07,0
0,1.57114e-15,1.80336e-13,0
1,1.09353e+07,1.34366e+07,0
0,2.00269e-15,1.80554e-13,0
1,8.34611e+06,1.44766e+07,0
0,2.4775e-15,1.80848e-13,0
1,5.49743e+06,1.50628e+07,0
0,2.98439e-15,1.81231e-13,0
1,2.4564e+06,1.51152e+07,0
0,3.50742e-15,1.81716e-13,0
1,-681347,1.45534e+07,0
0,4.02445e-15,1.82316e-13,0
1,-3.78305e+06,1.33063e+07,0
0,4.50608e-15,1.83037e-13,0
1,-6.67215e+06,1.13294e+07,0
0,4.91589e-15,1.83878e-13,0
1,-9.13019e+06,8.63164e+06,0
0,5.21395e-15,1.84823e-13,0
1,-1.09176e+07,5.30766e+06,0
0,5.3647e-15,1.8584e-13,0
1,-1.18211e+07,1.55879e+06,0
0,5.34767e-15,1.86878e-13,0
1,-1.17179e+07,-2.3212e+06,0
0,5.1652e-15,1.87884e-13,0
1,-1.0622e+07,-6.00624e+06,0
0,4.84149e-15,1.88811e-13,0
1,-8.67882e+06,-9.21698e+06,0
0,4.4138e-15,1.89629e-13,0
1,-6.11191e+06,-1.1773e+07,0
0,3.92192e-15,1.90325e-13,0
1,-3.16003e+06,-1.35988e+07,0
0,3.40114e-15,1.909e-13,0
1,-34843.4,-1.46984e+07,0
0,2.87949e-15,1.91362e-13,0
1,3.09548e+06,-1.51235e+07,0
0,2.37782e-15,1.91725e-13,0
1,6.10574e+06,-1.49485e+07,0
0,1.9111e-15,1.92001e-13,0
1,8.90629e+06,-1.42547e+07,0
0,1.48977e-15,1.92204e-13,0
1,1.14344e+07,-1.31219e+07,0
0,1.12106e-15,1.92347e-13,0
1,1.36467e+07,-1.16251e+07,0
0,8.09887e-16,1.9244e-13,0
1,1.55138e+07,-9.83299e+06,0
0,5.59583e-16,1.92494e-13,0
1,1.70156e+07,-7.80873e+06,0
0,3.72348e-16,1.92519e-13,0
1,1.8139e+07,-5.61034e+06,0
0,2.49588e-16,1.92525e-13,0
1,1.88755e+07,-3.29202e+06,0
0,1.92126e-16,1.92519e-13,0
1,1.92202e+07,-905244,0
0,2.0032e-16,1.9251e-13,0
1,1.9171e+07,1.50009e+06,0
0,2.74125e-16,1.92506e-13,0
1,1.87281e+07,3.8745e+06,0
0,4.13079e-16,1.92515e-13,0
1,1.78943e+07,6.16781e+06,0
0,6.16235e-16,1.92547e-13,0
1,1.66754e+07,8.32793e+06,0
0,8.82017e-16,1.9261e-13,0
1,1.50807e+07,1.02998e+07,0
0,1.20798e-15,1.92714e-13,0
1,1.31249e+07,1.20242e+07,0
0,1.59047e-15,1.92871e-13,0
1,1.08301e+07,1.34365e+07,0
0,2.02405e-15,1.93091e-13,0
1,8.22872e+06,1.44664e+07,0
0,2.50081e-15,1.93387e-13,0
1,5.36842e+06,1.50375e+07,0
0,3.00927e-15,1.93774e-13,0
1,2.31796e+06,1.50688e+07,0
0,3.53312e-15,1.94264e-13,0
1,-824773,1.44797e+07,0
0,4.04977e-15,1.94869e-13,0
1,-3.92411e+06,1.31995e+07,0
0,4.52921e-15,1.95596e-13,0
1,-6.80007e+06,1.11855e+07,0
0,4.93451e-15,1.96444e-13,0
1,-9.23109e+06,8.45053e+06,0
0,5.22553e-15,1.97395e-13,0
1,-1.09763e+07,5.09538e+06,0
0,5.36709e-15,1.98414e-13,0
1,-1.18246e+07,1.32859e+06,0
0,5.33981e-15,1.99453e-13,0
1,-1.16599e+07,-2.55058e+06,0
0,5.14747e-15,2.00455e-13,0
1,-1.05048e+07,-6.21501e+06,0
0,4.81552e-15,2.01376e-13,0
1,-8.51218e+06,-9.38894e+06,0
0,4.38186e-15,2.02187e-13,0
1,-5.90945e+06,-1.18979e+07,0
0,3.88637e-15,2.02874e-13,0
1,-2.93591e+06,-1.36719e+07,0
0,3.3641e-15,2.03441e-13,0
1,198210,-1.47191e+07,0
0,2.84274e-15,2.03895e-13,0
1,3.32677e+06,-1.50939e+07,0
0,2.34282e-15,2.0425e-13,0
1,6.32654e+06,-1.4872e+07,0
0,1.87903e-15,2.04519e-13,0
1,9.10948e+06,-1.41352e+07,0
0,1.46161e-15,2.04716e-13,0
1,1.16141e+07,-1.29637e+07,0
0,1.09764e-15,2.04853e-13,0
1,1.3798e+07,-1.14326e+07,0
0,7.91931e-16,2.04941e-13,0
1,1.56322e+07,-9.61072e+06,0
0,5.47728e-16,2.04992e-13,0
1,1.70975e+07,-7.56128e+06,0
0,3.67174e-16,2.05014e-13,0
1,1.81807e+07,-5.3425e+06,0
0,2.51628e-16,2.05017e-13,0
1,1.8874e+07,-3.00884e+06,0
0,2.01868e-16,2.0501e-13,0
1,1.91725e+07,-612139,0
0,2.1821e-16,2.05e-13,0
1,1.90744e+07,1.79721e+06,0
0,3.00557e-16,2.04997e-13,0
1,1.85802e+07,4.16912e+06,0
0,4.4838e-16,2.05008e-13,0
1,1.76932e+07,6.4526e+06,0
0,6.60639e-16,2.05043e-13,0
1,1.64197e+07,8.59467e+06,0
0,9.35626e-16,2.05111e-13,0
1,1.47697e+07,1.05391e+07,0
0,1.27071e-15,2.05222e-13,0
1,1.27593e+07,1.22253e+07,0
0,1.66194e-15,2.05387e-13,0
1,1.0412e+07,1.35872e+07,0
0,2.10349e-15,2.05618e-13,0
1,7.76286e+06,1.45529e+07,0
0,2.58685e-15,2.05928e-13,0
1,4.86292e+06,1.50445e+07,0
0,3.09974e-15,2.0633e-13,0
1,1.78589e+06,1.498e+07,0
0,3.62474e-15,2.06839e-13,0
1,-1.36369e+06,1.42791e+07,0
0,4.13784e-15,2.07465e-13,0
1,-4.44177e+06,1.2874e+07,0
0,4.60754e-15,2.08215e-13,0
1,-7.25927e+06,1.07296e+07,0
0,4.99571e-15,2.09083e-13,0
1,-9.58745e+06,7.87224e+06,0
0,5.26216e-15,2.1005e-13,0
1,-1.11851e+07,4.42227e+06,0
0,5.37361e-15,2.11077e-13,0
1,-1.18528e+07,608741,0
0,5.31455e-15,2.12114e-13,0
1,-1.14974e+07,-3.2565e+06,0
0,5.09323e-15,2.13104e-13,0
1,-1.01685e+07,-6.84853e+06,0
0,4.73841e-15,2.14006e-13,0
1,-8.03868e+06,-9.90678e+06,0
0,4.28931e-15,2.14793e-13,0
1,-5.34333e+06,-1.22767e+07,0
0,3.78548e-15,2.15457e-13,0
1,-2.31979e+06,-1.39053e+07,0
0,3.26085e-15,2.16e-13,0
1,828481,-1.48121e+07,0
0,2.7418e-15,2.16434e-13,0
1,3.94311e+06,-1.50575e+07,0
0,2.24774e-15,2.1677e-13,0
1,6.9077e+06,-1.47199e+07,0
0,1.79246e-15,2.17022e-13,0
1,9.63955e+06,-1.38818e+07,0
0,1.38556e-15,2.17205e-13,0
1,1.20811e+07,-1.26232e+07,0
0,1.03362e-15,2.17329e-13,0
1,1.41928e+07,-1.10184e+07,0
0,7.41131e-16,2.17408e-13,0
1,1.59477e+07,-9.13562e+06,0
0,5.11105e-16,2.1745e-13,0
1,1.73278e+07,-7.03756e+06,0
0,3.45511e-16,2.17467e-13,0
1,1.83214e+07,-4.78207e+06,0
0,2.45578e-16,2.17466e-13,0
1,1.89209e+07,-2.42353e+06,0
0,2.11979e-16,2.17456e-13,0
1,1.91224e+07,-13925.5,0
0,2.44929e-16,2.17447e-13,0
1,1.89247e+07,2.39593e+06,0
0,3.44224e-16,2.17446e-13,0
1,1.83288e+07,4.75522e+06,0
0,5.09202e-16,2.17462e-13,0
1,1.73389e+07,7.01195e+06,0
0,7.38647e-16,2.17504e-13,0
1,1.59622e+07,9.11178e+06,0
0,1.0306e-15,2.17582e-13,0
1,1.42105e+07,1.09968e+07,0
0,1.38207e-15,2.17706e-13,0
1,1.21017e+07,1.26044e+07,0
0,1.7886e-15,2.17888e-13,0
1,9.66265e+06,1.38663e+07,0
0,2.24362e-15,2.1814e-13,0
1,6.93272e+06,1.4708e+07,0
0,2.73755e-15,2.18475e-13,0
1,3.96936e+06,1.50497e+07,0
0,3.25665e-15,2.18907e-13,0
1,855108,1.48086e+07,0
0,3.78154e-15,2.1945e-13,0
1,-2.29374e+06,1.39059e+07,0
0,4.28582e-15,2.20113e-13,0
1,-5.31884e+06,1.2281e+07,0
0,4.73555e-15,2.20899e-13,0
1,-8.0165e+06,9.91381e+06,0
0,5.09107e-15,2.21801e-13,0
1,-1.01487e+07,6.85668e+06,0
0,5.31295e-15,2.22792e-13,0
1,-1.1479e+07,3.26405e+06,0
0,5.3722e-15,2.23829e-13,0
1,-1.18335e+07,-602917,0
0,5.26037e-15,2.24857e-13,0
1,-1.11614e+07,-4.41781e+06,0
0,4.99297e-15,2.25824e-13,0
1,-9.55604e+06,-7.86683e+06,0
0,4.60343e-15,2.26692e-13,0
1,-7.21799e+06,-1.07192e+07,0
0,4.13224e-15,2.2744e-13,0
1,-4.39012e+06,-1.2854e+07,0
0,3.61779e-15,2.28064e-13,0
1,-1.30289e+06,-1.42444e+07,0
0,3.09185e-15,2.28571e-13,0
1,1.85314e+06,-1.49264e+07,0
0,2.57862e-15,2.2897e-13,0
1,4.93285e+06,-1.49686e+07,0
0,2.09564e-15,2.29276e-13,0
1,7.83097e+06,-1.44522e+07,0
0,1.65527e-15,2.29503e-13,0
1,1.04733e+07,-1.34601e+07,0
0,1.26609e-15,2.29664e-13,0
1,1.28085e+07,-1.20711e+07,0
0,9.33949e-16,2.29771e-13,0
1,1.48013e+07,-1.03582e+07,0
0,6.62823e-16,2.29835e-13,0
1,1.64281e+07,-8.38829e+06,0
0,4.55353e-16,2.29867e-13,0
1,1.76729e+07,-6.22276e+06,0
0,3.13248e-16,2.29875e-13,0
1,1.85255e+07,-3.9188e+06,0
0,2.37535e-16,2.2987e-13,0
1,1.89797e+07,-1.5304e+06,0
0,2.28723e-16,2.29859e-13,0
1,1.90325e+07,890410,0
0,2.8687e-16,2.29851e-13,0
1,1.86835e+07,3.29233e+06,0
0,4.116e-16,2.29854e-13,0
1,1.79351e+07,5.62363e+06,0
0,6.02038e-16,2.29879e-13,0
1,1.67924e+07,7.83094e+06,0
0,8.56681e-16,2.29933e-13,0
1,1.52645e+07,9.85802e+06,0
0,1.17317e-15,2.30028e-13,0
1,1.33656e+07,1.16446e+07,0
0,1.54794e-15,2.30174e-13,0
1,1.11171e+07,1.31253e+07,0
0,1.97569e-15,2.30382e-13,0
1,8.55067e+06,1.42286e+07,0
0,2.44867e-15,2.30666e-13,0
1,5.713e+06,1.48771e+07,0
0,2.95562e-15,2.3104e-13,0
1,2.67159e+06,1.49884e+07,0
0,3.48047e-15,2.31517e-13,0
1,-477141,1.448e+07,0
0,4.00087e-15,2.3211e-13,0
1,-3.599e+06,1.32781e+07,0
0,4.48698e-15,2.32826e-13,0
1,-6.51498e+06,1.13357e+07,0
0,4.90174e-15,2.33664e-13,0
1,-9.00275e+06,8.65987e+06,0
0,5.20436e-15,2.34609e-13,0
1,-1.08176e+07,5.34473e+06,0
0,5.35836e-15,2.35627e-13,0
1,-1.17405e+07,1.59391e+06,0
0,5.34255e-15,2.36667e-13,0
1,-1.16446e+07,-2.29352e+06,0
0,5.15913e-15,2.37675e-13,0
1,-1.0543e+07,-5.98458e+06,0
0,4.83276e-15,2.38602e-13,0
1,-8.58394e+06,-9.1938e+06,0
0,4.40154e-15,2.39419e-13,0
1,-5.9958e+06,-1.17372e+07,0
0,3.9061e-15,2.40112e-13,0
1,-3.02259e+06,-1.35385e+07,0
0,3.38245e-15,2.40682e-13,0
1,119824,-1.46027e+07,0
0,2.85911e-15,2.41138e-13,0
1,3.26023e+06,-1.49837e+07,0
0,2.35728e-15,2.41493e-13,0
1,6.27147e+06,-1.4758e+07,0
0,1.89211e-15,2.41761e-13,0
1,9.0627e+06,-1.40094e+07,0
0,1.47416e-15,2.41955e-13,0
1,1.15705e+07,-1.28197e+07,0
0,1.11073e-15,2.42089e-13,0
1,1.37511e+07,-1.12658e+07,0
0,8.06769e-16,2.42173e-13,0
1,1.55749e+07,-9.41854e+06,0
0,5.65602e-16,2.4222e-13,0
1,1.70219e+07,-7.3427e+06,0
0,3.89423e-16,2.42239e-13,0
1,1.80789e+07,-5.09821e+06,0
0,2.7961e-16,2.42238e-13,0
1,1.87377e+07,-2.74118e+06,0
0,2.36936e-16,2.42228e-13,0
1,1.89937e+07,-325102,0
0,2.61686e-16,2.42217e-13,0
1,1.88451e+07,2.09787e+06,0
0,3.53702e-16,2.42213e-13,0
1,1.82929e+07,4.47576e+06,0
0,5.12355e-16,2.42226e-13,0
1,1.7341e+07,6.75552e+06,0
0,7.36451e-16,2.42264e-13,0
1,1.59964e+07,8.88184e+06,0
0,1.02405e-15,2.42338e-13,0
1,1.42708e+07,1.07959e+07,0
0,1.37216e-15,2.42457e-13,0
1,1.21821e+07,1.24342e+07,0
0,1.77634e-15,2.42634e-13,0
1,9.75715e+06,1.37275e+07,0
0,2.23e-15,2.42881e-13,0
1,7.03536e+06,1.46006e+07,0
0,2.72354e-15,2.43212e-13,0
1,4.07432e+06,1.49723e+07,0
0,3.24317e-15,2.4364e-13,0
1,956886,1.47588e+07,0
0,3.7694e-15,2.44179e-13,0
1,-2.20004e+06,1.38802e+07,0
0,4.27567e-15,2.44839e-13,0
1,-5.23706e+06,1.22744e+07,0
0,4.72775e-15,2.45624e-13,0
1,-7.94879e+06,9.92029e+06,0
0,5.08557e-15,2.46525e-13,0
1,-1.00948e+07,6.86972e+06,0
0,5.30925e-15,2.47516e-13,0
1,-1.14359e+07,3.27774e+06,0
0,5.36937e-15,2.48554e-13,0
1,-1.17956e+07,-592337,0
0,5.25731e-15,2.49583e-13,0
1,-1.11222e+07,-4.41075e+06,0
0,4.98871e-15,2.50551e-13,0
1,-9.50963e+06,-7.86032e+06,0
0,4.59739e-15,2.51418e-13,0
1,-7.16087e+06,-1.0708e+07,0
0,4.12427e-15,2.52165e-13,0
1,-4.32146e+06,-1.28319e+07,0
0,3.60816e-15,2.52787e-13,0
1,-1.22424e+06,-1.42057e+07,0
0,3.08111e-15,2.5329e-13,0
1,1.93849e+06,-1.48663e+07,0
0,2.5675e-15,2.53686e-13,0
1,5.02046e+06,-1.48832e+07,0
0,2.08499e-15,2.53988e-13,0
1,7.91567e+06,-1.43392e+07,0
0,1.64604e-15,2.5421e-13,0
1,1.05495e+07,-1.3318e+07,0
0,1.25923e-15,2.54367e-13,0
1,1.28704e+07,-1.18997e+07,0
0,9.30458e-16,2.54469e-13,0
1,1.48431e+07,-1.01581e+07,0
0,6.63683e-16,2.54529e-13,0
1,1.64437e+07,-8.16105e+06,0
0,4.61547e-16,2.54557e-13,0
1,1.76565e+07,-5.97097e+06,0
0,3.25747e-16,2.54563e-13,0
1,1.84713e+07,-3.64597e+06,0
0,2.57289e-16,2.54555e-13,0
1,1.88819e+07,-1.24105e+06,0
0,2.56644e-16,2.54542e-13,0
1,1.88857e+07,1.19064e+06,0
0,3.2382e-16,2.54534e-13,0
1,1.84826e+07,3.59657e+06,0
0,4.58363e-16,2.54539e-13,0
1,1.76753e+07,5.92359e+06,0
0,6.59283e-16,2.54566e-13,0
1,1.64697e+07,8.11673e+06,0
0,9.24907e-16,2.54625e-13,0
1,1.48759e+07,1.01179e+07,0
0,1.25262e-15,2.54727e-13,0
1,1.29097e+07,1.18648e+07,0
0,1.6385e-15,2.54882e-13,0
1,1.05945e+07,1.32895e+07,0
0,2.07669e-15,2.55104e-13,0
1,7.96545e+06,1.43183e+07,0
0,2.55866e-15,2.55404e-13,0
1,5.07384e+06,1.48711e+07,0
0,3.07204e-15,2.55798e-13,0
1,1.99385e+06,1.48639e+07,0
0,3.59925e-15,2.56299e-13,0
1,-1.169e+06,1.42139e+07,0
0,4.11599e-15,2.56919e-13,0
1,-4.26888e+06,1.28507e+07,0
0,4.59026e-15,2.57664e-13,0
1,-7.11378e+06,1.07368e+07,0
0,4.9832e-15,2.5853e-13,0
1,-9.47063e+06,7.89691e+06,0
0,5.25372e-15,2.59497e-13,0
1,-1.10928e+07,4.45182e+06,0
0,5.36763e-15,2.60527e-13,0
1,-1.17752e+07,633870,0
0,5.30887e-15,2.61565e-13,0
1,-1.14216e+07,-3.23898e+06,0
0,5.08576e-15,2.62557e-13,0
1,-1.00819e+07,-6.83476e+06,0
0,4.72768e-15,2.63459e-13,0
1,-7.93256e+06,-9.88743e+06,0
0,4.27476e-15,2.64244e-13,0
1,-5.21428e+06,-1.22398e+07,0
0,3.76738e-15,2.64904e-13,0
1,-2.16945e+06,-1.38389e+07,0
0,3.24012e-15,2.65441e-13,0
1,994566,-1.47058e+07,0
0,2.71982e-15,2.65867e-13,0
1,4.11671e+06,-1.49031e+07,0
0,2.22616e-15,2.66195e-13,0
1,7.07891e+06,-1.45117e+07,0
0,1.77309e-15,2.66439e-13,0
1,9.79746e+06,-1.36164e+07,0
0,1.37031e-15,2.66612e-13,0
1,1.22142e+07,-1.22992e+07,0
0,1.02446e-15,2.66728e-13,0
1,1.42894e+07,-1.06365e+07,0
0,7.4003e-16,2.66798e-13,0
1,1.59959e+07,-8.69844e+06,0
0,5.20034e-16,2.66833e-13,0
1,1.73159e+07,-6.54956e+06,0
0,3.66422e-16,2.66843e-13,0
1,1.82375e+07,-4.24965e+06,0
0,2.80383e-16,2.66837e-13,0
1,1.87536e+07,-1.85505e+06,0
0,2.62531e-16,2.66824e-13,0
1,1.88607e+07,580077,0
0,3.12989e-16,2.66813e-13,0
1,1.85578e+07,3.00252e+06,0
0,4.31414e-16,2.66814e-13,0
1,1.78472e+07,5.35877e+06,0
0,6.16942e-16,2.66834e-13,0
1,1.6734e+07,7.59376e+06,0
0,8.68055e-16,2.66884e-13,0
1,1.52273e+07,9.64959e+06,0
0,1.18235e-15,2.66975e-13,0
1,1.33415e+07,1.14643e+07,0
0,1.55618e-15,2.67117e-13,0
1,1.10986e+07,1.29708e+07,0
0,1.98411e-15,2.67322e-13,0
1,8.53111e+06,1.40959e+07,0
0,2.45819e-15,2.67604e-13,0
1,5.68681e+06,1.47601e+07,0
0,2.96685e-15,2.67978e-13,0
1,2.63516e+06,1.48794e+07,0
0,3.49356e-15,2.68456e-13,0
1,-524695,1.43695e+07,0
0,4.01531e-15,2.69051e-13,0
1,-3.65472e+06,1.31557e+07,0
0,4.50147e-15,2.69771e-13,0
1,-6.57099e+06,1.11916e+07,0
0,4.91407e-15,2.70615e-13,0
1,-9.04582e+06,8.48727e+06,0
0,5.21165e-15,2.71565e-13,0
1,-1.08303e+07,5.14331e+06,0
0,5.35761e-15,2.72587e-13,0
1,-1.1705e+07,1.37219e+06,0
0,5.33158e-15,2.73628e-13,0
1,-1.15478e+07,-2.51835e+06,0
0,5.13725e-15,2.74634e-13,0
1,-1.03808e+07,-6.19063e+06,0
0,4.80085e-15,2.75555e-13,0
1,-8.36154e+06,-9.35987e+06,0
0,4.3616e-15,2.76363e-13,0
1,-5.72525e+06,-1.18467e+07,0
0,3.86067e-15,2.77045e-13,0
1,-2.71906e+06,-1.35805e+07,0
0,3.33415e-15,2.77603e-13,0
1,440513,-1.45713e+07,0
0,2.81047e-15,2.78047e-13,0
1,3.58296e+06,-1.48766e+07,0
0,2.31063e-15,2.78391e-13,0
1,6.58225e+06,-1.45758e+07,0
0,1.84959e-15,2.78647e-13,0
1,9.34865e+06,-1.37543e+07,0
0,1.43777e-15,2.7883e-13,0
1,1.18197e+07,-1.24955e+07,0
0,1.08231e-15,2.78954e-13,0
1,1.39524e+07,-1.08775e+07,0
0,7.88073e-16,2.7903e-13,0
1,1.57179e+07,-8.97207e+06,0
0,5.583e-16,2.79068e-13,0
1,1.70964e+07,-6.84515e+06,0
0,3.95109e-16,2.7908e-13,0
1,1.80755e+07,-4.55786e+06,0
0,2.99807e-16,2.79075e-13,0
1,1.86473e+07,-2.16762e+06,0
0,2.73089e-16,2.79062e-13,0
1,1.88075e+07,270524,0
0,3.15144e-16,2.7905e-13,0
1,1.85551e+07,2.70268e+06,0
0,4.25683e-16,2.79048e-13,0
1,1.78918e+07,5.07478e+06,0
0,6.03894e-16,2.79065e-13,0
1,1.68224e+07,7.33136e+06,0
0,8.48316e-16,2.79111e-13,0
1,1.53559e+07,9.41424e+06,0
0,1.15662e-15,2.79196e-13,0
1,1.3506e+07,1.12613e+07,0
0,1.52525e-15,2.79332e-13,0
1,1.12943e+07,1.28053e+07,0
0,1.94893e-15,2.79531e-13,0
1,8.75234e+06,1.39729e+07,0
0,2.41986e-15,2.79805e-13,0
1,5.92695e+06,1.46846e+07,0
0,2.92672e-15,2.8017e-13,0
1,2.88603e+06,1.4856e+07,0
0,3.45332e-15,2.80639e-13,0
1,-273193,1.44019e+07,0
0,3.97704e-15,2.81225e-13,0
1,-3.41503e+06,1.32459e+07,0
0,4.46762e-15,2.81936e-13,0
1,-6.35786e+06,1.13385e+07,0
0,4.88734e-15,2.82771e-13,0
1,-8.87538e+06,8.68464e+06,0
0,5.19451e-15,2.83716e-13,0
1,-1.07175e+07,5.37817e+06,0
0,5.35166e-15,2.84734e-13,0
1,-1.16593e+07,1.62511e+06,0
0,5.33692e-15,2.85777e-13,0
1,-1.15698e+07,-2.26993e+06,0
0,5.15234e-15,2.86786e-13,0
1,-1.04613e+07,-5.96678e+06,0
0,4.8231e-15,2.87714e-13,0
1,-8.48498e+06,-9.1737e+06,0
0,4.38816e-15,2.88529e-13,0
1,-5.87455e+06,-1.17032e+07,0
0,3.88906e-15,2.89219e-13,0
1,-2.87932e+06,-1.34782e+07,0
0,3.36251e-15,2.89783e-13,0
1,280460,-1.45051e+07,0
0,2.83755e-15,2.90233e-13,0
1,3.43053e+06,-1.48398e+07,0
0,2.33572e-15,2.9058e-13,0
1,6.44176e+06,-1.45614e+07,0
0,1.87236e-15,2.90839e-13,0
1,9.22209e+06,-1.37559e+07,0
0,1.45816e-15,2.91024e-13,0
1,1.17074e+07,-1.25076e+07,0
0,1.10045e-15,2.91149e-13,0
1,1.38537e+07,-1.08953e+07,0
0,8.04213e-16,2.91225e-13,0
1,1.56311e+07,-8.99193e+06,0
0,5.72785e-16,2.91264e-13,0
1,1.70196e+07,-6.86414e+06,0
0,4.08338e-16,2.91276e-13,0
1,1.80062e+07,-4.57384e+06,0
0,3.12211e-16,2.9127e-13,0
1,1.85829e+07,-2.17917e+06,0
0,2.85119e-16,2.91256e-13,0
1,1.87454e+07,264153,0
0,3.27257e-16,2.91244e-13,0
1,1.84924e+07,2.70156e+06,0
0,4.3833e-16,2.91241e-13,0
1,1.78259e+07,5.07834e+06,0
0,6.17508e-16,2.91258e-13,0
1,1.67508e+07,7.33835e+06,0
0,8.63295e-16,2.91304e-13,0
1,1.5276e+07,9.42269e+06,0
0,1.17331e-15,2.91389e-13,0
1,1.3416e+07,1.12685e+07,0
0,1.54391e-15,2.91526e-13,0
1,1.11924e+07,1.28077e+07,0
0,1.96968e-15,2.91727e-13,0
1,8.63785e+06,1.3966e+07,0
0,2.44265e-15,2.92004e-13,0
1,5.80021e+06,1.46632e+07,0
0,2.95122e-15,2.92372e-13,0
1,2.74904e+06,1.48139e+07,0
0,3.47882e-15,2.92846e-13,0
1,-416148,1.43326e+07,0
0,4.00232e-15,2.93437e-13,0
1,-3.55662e+06,1.31433e+07,0
0,4.49085e-15,2.94155e-13,0
1,-6.48719e+06,1.11982e+07,0
0,4.90615e-15,2.94997e-13,0
1,-8.97818e+06,8.50609e+06,0
0,5.20626e-15,2.95947e-13,0
1,-1.07779e+07,5.16727e+06,0
0,5.35409e-15,2.96969e-13,0
1,-1.16638e+07,1.39534e+06,0
0,5.32888e-15,2.98012e-13,0
1,-1.15115e+07,-2.49922e+06,0
0,5.13421e-15,2.99018e-13,0
1,-1.03425e+07,-6.17499e+06,0
0,4.79657e-15,2.9994e-13,0
1,-8.31569e+06,-9.34393e+06,0
0,4.35558e-15,3.00747e-13,0
1,-5.66902e+06,-1.18247e+07,0
0,3.8529e-15,3.01427e-13,0
1,-2.65232e+06,-1.35462e+07,0
0,3.32499e-15,3.01983e-13,0
1,515627,-1.45191e+07,0
0,2.80053e-15,3.02424e-13,0
1,3.66271e+06,-1.4802e+07,0
0,2.30071e-15,3.02763e-13,0
1,6.66183e+06,-1.44755e+07,0
0,1.84061e-15,3.03015e-13,0
1,9.42261e+06,-1.36261e+07,0
0,1.43069e-15,3.03194e-13,0
1,1.18822e+07,-1.23384e+07,0
0,1.07814e-15,3.03314e-13,0
1,1.39975e+07,-1.06916e+07,0
0,7.87825e-16,3.03385e-13,0
1,1.57394e+07,-8.75854e+06,0
0,5.62993e-16,3.0342e-13,0
1,1.70883e+07,-6.60617e+06,0
0,4.05754e-16,3.03429e-13,0
1,1.80317e+07,-4.29659e+06,0
0,3.17394e-16,3.03421e-13,0
1,1.85618e+07,-1.88832e+06,0
0,2.98575e-16,3.03406e-13,0
1,1.86746e+07,562458,0
0,3.49438e-16,3.03393e-13,0
1,1.83693e+07,3.00057e+06,0
0,4.69616e-16,3.03392e-13,0
1,1.76482e+07,5.37052e+06,0
0,6.58186e-16,3.03412e-13,0
1,1.65167e+07,7.6152e+06,0
0,9.1352e-16,3.03462e-13,0
1,1.49846e+07,9.67458e+06,0
0,1.23304e-15,3.03554e-13,0
1,1.30675e+07,1.14844e+07,0
0,1.61283e-15,3.03699e-13,0
1,1.07888e+07,1.2975e+07,0
0,2.04707e-15,3.0391e-13,0
1,8.18348e+06,1.40706e+07,0
0,2.52719e-15,3.04201e-13,0
1,5.30294e+06,1.46891e+07,0
0,3.04077e-15,3.04585e-13,0
1,2.22174e+06,1.47442e+07,0
0,3.5701e-15,3.05078e-13,0
1,-953805,1.41505e+07,0
0,4.0906e-15,3.0569e-13,0
1,-4.07631e+06,1.28348e+07,0
0,4.56983e-15,3.0643e-13,0
1,-6.95101e+06,1.07566e+07,0
0,4.96822e-15,3.07294e-13,0
1,-9.34054e+06,7.93879e+06,0
0,5.2437e-15,3.0826e-13,0
1,-1.09924e+07,4.50169e+06,0
0,5.36108e-15,3.09291e-13,0
1,-1.16956e+07,680510,0
0,5.30357e-15,3.10331e-13,0
1,-1.13495e+07,-3.20079e+06,0
0,5.07945e-15,3.11326e-13,0
1,-1.00038e+07,-6.80277e+06,0
0,4.71867e-15,3.12228e-13,0
1,-7.83826e+06,-9.85314e+06,0
0,4.26224e-15,3.13011e-13,0
1,-5.09894e+06,-1.21914e+07,0
0,3.75146e-15,3.13667e-13,0
1,-2.03367e+06,-1.37641e+07,0
0,3.22161e-15,3.142e-13,0
1,1.14589e+06,-1.45936e+07,0
0,2.70003e-15,3.14619e-13,0
1,4.27568e+06,-1.47448e+07,0
0,2.20673e-15,3.14939e-13,0
1,7.23567e+06,-1.43011e+07,0
0,1.75587e-15,3.15174e-13,0
1,9.94098e+06,-1.33496e+07,0
0,1.35724e-15,3.15339e-13,0
1,1.23328e+07,-1.19747e+07,0
0,1.01755e-15,3.15446e-13,0
1,1.43709e+07,-1.02548e+07,0
0,7.41325e-16,3.15508e-13,0
1,1.60283e+07,-8.26234e+06,0
0,5.31565e-16,3.15535e-13,0
1,1.72868e+07,-6.06365e+06,0
0,3.90202e-16,3.15538e-13,0
1,1.81349e+07,-3.72064e+06,0
0,3.18384e-16,3.15528e-13,0
1,1.85657e+07,-1.29184e+06,0
0,3.16651e-16,3.15512e-13,0
1,1.8576e+07,1.16625e+06,0
0,3.85019e-16,3.155e-13,0
1,1.81657e+07,3.59782e+06,0
0,5.22985e-16,3.15503e-13,0
1,1.73378e+07,5.94642e+06,0
0,7.29439e-16,3.15529e-13,0
1,1.6099e+07,8.15362e+06,0
0,1.00251e-15,3.15588e-13,0
1,1.44606e+07,1.01577e+07,0
0,1.33925e-15,3.15693e-13,0
1,1.24401e+07,1.18924e+07,0
0,1.73524e-15,3.15855e-13,0
1,1.00642e+07,1.32857e+07,0
0,2.1839e-15,3.16086e-13,0
1,7.37241e+06,1.42592e+07,0
0,2.6756e-15,3.16402e-13,0
1,4.4224e+06,1.47289e+07,0
0,3.19643e-15,3.16816e-13,0
1,1.29776e+06,1.46071e+07,0
0,3.72666e-15,3.17343e-13,0
1,-1.88319e+06,1.381e+07,0
0,4.23926e-15,3.17993e-13,0
1,-4.95823e+06,1.22711e+07,0
0,4.69922e-15,3.18771e-13,0
1,-7.71725e+06,9.96533e+06,0
0,5.06526e-15,3.19669e-13,0
1,-9.91266e+06,6.94179e+06,0
0,5.29599e-15,3.2066e-13,0
1,-1.1296e+07,3.35632e+06,0
0,5.36053e-15,3.21701e-13,0
1,-1.16822e+07,-522068,0
0,5.24943e-15,3.22733e-13,0
1,-1.10145e+07,-4.35352e+06,0
0,4.97855e-15,3.23703e-13,0
1,-9.38829e+06,-7.80976e+06,0
0,4.58275e-15,3.2457e-13,0
1,-7.01264e+06,-1.06495e+07,0
0,4.10434e-15,3.25314e-13,0
1,-4.14153e+06,-1.27472e+07,0
0,3.58342e-15,3.2593e-13,0
1,-1.01548e+06,-1.40767e+07,0
0,3.05302e-15,3.26424e-13,0
1,2.16731e+06,-1.46774e+07,0
0,2.5382e-15,3.26809e-13,0
1,5.25654e+06,-1.46225e+07,0
0,2.05704e-15,3.27099e-13,0
1,8.14368e+06,-1.39983e+07,0
0,1.62223e-15,3.27309e-13,0
1,1.07526e+07,-1.28923e+07,0
0,1.24254e-15,3.27452e-13,0
1,1.30308e+07,-1.13877e+07,0
0,9.23894e-16,3.27542e-13,0
1,1.49427e+07,-9.56161e+06,0
0,6.70307e-16,3.2759e-13,0
1,1.64641e+07,-7.48493e+06,0
0,4.84404e-16,3.27607e-13,0
1,1.75795e+07,-5.2231e+06,0
0,3.67839e-16,3.27604e-13,0
1,1.82788e+07,-2.83735e+06,0
0,3.21542e-16,3.27589e-13,0
1,1.85565e+07,-386041,0
0,3.45864e-16,3.27573e-13,0
1,1.84104e+07,2.07406e+06,0
0,4.4063e-16,3.27565e-13,0
1,1.78417e+07,4.48638e+06,0
0,6.05107e-16,3.27575e-13,0
1,1.68548e+07,6.79318e+06,0
0,8.37895e-16,3.27612e-13,0
1,1.5458e+07,8.93425e+06,0
0,1.13671e-15,3.27687e-13,0
1,1.36651e+07,1.08455e+07,0
0,1.49805e-15,3.27813e-13,0
1,1.14971e+07,1.24579e+07,0
0,1.91664e-15,3.28e-13,0
1,8.98565e+06,1.3696e+07,0
0,2.38471e-15,3.28264e-13,0
1,6.17737e+06,1.44785e+07,0
0,2.89093e-15,3.28618e-13,0
1,3.14028e+06,1.47186e+07,0
0,3.41904e-15,3.29077e-13,0
1,-28020.1,1.43285e+07,0
0,3.94625e-15,3.29654e-13,0
1,-3.1908e+06,1.32289e+07,0
0,4.44195e-15,3.30358e-13,0
1,-6.16438e+06,1.1367e+07,0
0,4.86782e-15,3.3119e-13,0
1,-8.7188e+06,8.74479e+06,0
0,5.18124e-15,3.32132e-13,0
1,-1.05984e+07,5.45437e+06,0
0,5.34363e-15,3.33151e-13,0
1,-1.15716e+07,1.70288e+06,0
0,5.33209e-15,3.34196e-13,0
1,-1.15014e+07,-2.20028e+06,0
0,5.14826e-15,3.35208e-13,0
1,-1.03973e+07,-5.9074e+06,0
0,4.81759e-15,3.36138e-13,0
1,-8.41245e+06,-9.11917e+06,0
0,4.37986e-15,3.36953e-13,0
1,-5.78525e+06,-1.1643e+07,0
0,3.87755e-15,3.3764e-13,0
1,-2.77079e+06,-1.34e+07,0
0,3.34822e-15,3.382e-13,0
1,405641,-1.4397e+07,0
0,2.82154e-15,3.38644e-13,0
1,3.56605e+06,-1.46918e+07,0
0,2.31946e-15,3.38984e-13,0
1,6.57876e+06,-1.43661e+07,0
0,1.85759e-15,3.39235e-13,0
1,9.35012e+06,-1.35081e+07,0
0,1.44679e-15,3.39412e-13,0
1,1.1815e+07,-1.22046e+07,0
0,1.09447e-15,3.39529e-13,0
1,1.39289e+07,-1.05369e+07,0
0,8.05675e-16,3.39597e-13,0
1,1.56617e+07,-8.57978e+06,0
0,5.83743e-16,3.39628e-13,0
1,1.69932e+07,-6.40221e+06,0
0,4.30835e-16,3.39633e-13,0
1,1.79106e+07,-4.06818e+06,0
0,3.48257e-16,3.39623e-13,0
1,1.84059e+07,-1.63809e+06,0
0,3.36658e-16,3.39605e-13,0
1,1.84754e+07,829954,0
0,3.96128e-16,3.39592e-13,0
1,1.81185e+07,3.27874e+06,0
0,5.26218e-16,3.39591e-13,0
1,1.73379e+07,5.6506e+06,0
0,7.25859e-16,3.39612e-13,0
1,1.61399e+07,7.88602e+06,0
0,9.93207e-16,3.39667e-13,0
1,1.45358e+07,9.92226e+06,0
0,1.32536e-15,3.39766e-13,0
1,1.25429e+07,1.16921e+07,0
0,1.7179e-15,3.39922e-13,0
1,1.01877e+07,1.31225e+07,0
0,2.1643e-15,3.40148e-13,0
1,7.50942e+06,1.41343e+07,0
0,2.65493e-15,3.40457e-13,0
1,4.56582e+06,1.46422e+07,0
0,3.17589e-15,3.40866e-13,0
1,1.44037e+06,1.45574e+07,0
0,3.70743e-15,3.41387e-13,0
1,-1.74845e+06,1.37945e+07,0
0,4.22243e-15,3.42033e-13,0
1,-4.83791e+06,1.22854e+07,0
0,4.68568e-15,3.42807e-13,0
1,-7.61667e+06,1.00029e+07,0
0,5.05552e-15,3.43703e-13,0
1,-9.83486e+06,6.99457e+06,0
0,5.29e-15,3.44694e-13,0
1,-1.12407e+07,3.41532e+06,0
0,5.35756e-15,3.45735e-13,0
1,-1.1645e+07,-464721,0
0,5.24828e-15,3.46769e-13,0
1,-1.09883e+07,-4.30253e+06,0
0,4.97787e-15,3.47741e-13,0
1,-9.36487e+06,-7.76549e+06,0
0,4.58144e-15,3.48609e-13,0
1,-6.98543e+06,-1.06085e+07,0
0,4.10176e-15,3.49353e-13,0
1,-4.1067e+06,-1.27038e+07,0
0,3.57943e-15,3.49967e-13,0
1,-972187,-1.40246e+07,0
0,3.04789e-15,3.5046e-13,0
1,2.21747e+06,-1.46107e+07,0
0,2.53248e-15,3.50842e-13,0
1,5.3102e+06,-1.45365e+07,0
0,2.0515e-15,3.51128e-13,0
1,8.19626e+06,-1.38894e+07,0
0,1.61776e-15,3.51334e-13,0
1,1.07988e+07,-1.27581e+07,0
0,1.2401e-15,3.51474e-13,0
1,1.30648e+07,-1.12273e+07,0
0,9.245e-16,3.5156e-13,0
1,1.49583e+07,-9.37511e+06,0
0,6.74989e-16,3.51604e-13,0
1,1.64554e+07,-7.27357e+06,0
0,4.94197e-16,3.51618e-13,0
1,1.754e+07,-4.98926e+06,0
0,3.83768e-16,3.51611e-13,0
1,1.82025e+07,-2.58457e+06,0
0,3.44607e-16,3.51595e-13,0
1,1.84373e+07,-119043,0
0,3.77021e-16,3.51578e-13,0
1,1.82428e+07,2.34921e+06,0
0,4.80766e-16,3.5157e-13,0
1,1.76202e+07,4.76216e+06,0
0,6.55004e-16,3.51582e-13,0
1,1.65747e+07,7.06042e+06,0
0,8.98178e-16,3.51623e-13,0
1,1.51156e+07,9.1819e+06,0
0,1.20777e-15,3.51704e-13,0
1,1.3258e+07,1.10604e+07,0
0,1.57992e-15,3.51838e-13,0
1,1.10251e+07,1.26244e+07,0
0,2.00886e-15,3.52037e-13,0
1,8.45155e+06,1.37962e+07,0
0,2.48607e-15,3.52315e-13,0
1,5.58847e+06,1.44916e+07,0
0,2.99915e-15,3.52688e-13,0
1,2.51026e+06,1.4622e+07,0
0,3.53036e-15,3.5317e-13,0
1,-676637,1.40991e+07,0
0,4.05502e-15,3.53773e-13,0
1,-3.82409e+06,1.28464e+07,0
0,4.54036e-15,3.54505e-13,0
1,-6.73543e+06,1.08197e+07,0
0,4.94617e-15,3.55363e-13,0
1,-9.16948e+06,8.03793e+06,0
0,5.22936e-15,3.56328e-13,0
1,-1.08676e+07,4.61912e+06,0
0,5.35345e-15,3.57359e-13,0
1,-1.16111e+07,799177,0
0,5.30049e-15,3.58402e-13,0
1,-1.12923e+07,-3.09281e+06,0
0,5.0782e-15,3.59399e-13,0
1,-9.95756e+06,-6.70911e+06,0
0,4.7168e-15,3.60304e-13,0
1,-7.78833e+06,-9.76913e+06,0
0,4.25816e-15,3.61088e-13,0
1,-5.0357e+06,-1.21067e+07,0
0,3.74455e-15,3.61743e-13,0
1,-1.95352e+06,-1.36662e+07,0
0,3.21217e-15,3.62272e-13,0
1,1.24123e+06,-1.44703e+07,0
0,2.68901e-15,3.62686e-13,0
1,4.38049e+06,-1.45859e+07,0
0,2.19554e-15,3.62999e-13,0
1,7.34148e+06,-1.40984e+07,0
0,1.74621e-15,3.63227e-13,0
1,1.00376e+07,-1.30979e+07,0
0,1.35101e-15,3.63384e-13,0
1,1.24088e+07,-1.16711e+07,0
0,1.01675e-15,3.63484e-13,0
1,1.44144e+07,-9.89885e+06,0
0,7.47996e-16,3.63538e-13,0
1,1.60268e+07,-7.8557e+06,0
0,5.47782e-16,3.63558e-13,0
1,1.72281e+07,-5.61038e+06,0
0,4.18023e-16,3.63556e-13,0
1,1.80065e+07,-3.22704e+06,0
0,3.59828e-16,3.6354e-13,0
1,1.83556e+07,-766591,0
0,3.73662e-16,3.63522e-13,0
1,1.82724e+07,1.71191e+06,0
0,4.59421e-16,3.6351e-13,0
1,1.77578e+07,4.14982e+06,0
0,6.16417e-16,3.63515e-13,0
1,1.68157e+07,6.48751e+06,0
0,8.43264e-16,3.63547e-13,0
1,1.54545e+07,8.66299e+06,0
0,1.13767e-15,3.63618e-13,0
1,1.36881e+07,1.06104e+07,0
0,1.49609e-15,3.63737e-13,0
1,1.15376e+07,1.22589e+07,0
0,1.91318e-15,3.6392e-13,0
1,9.03509e+06,1.35314e+07,0
0,2.38104e-15,3.64179e-13,0
1,6.22806e+06,1.43445e+07,0
0,2.88814e-15,3.6453e-13,0
1,3.18572e+06,1.46095e+07,0
0,3.41788e-15,3.64986e-13,0
1,7638.76,1.42367e+07,0
0,3.947e-15,3.65563e-13,0
1,-3.16661e+06,1.31454e+07,0
0,4.44424e-15,3.66268e-13,0
1,-6.14942e+06,1.12819e+07,0
0,4.87048e-15,3.67102e-13,0
1,-8.70608e+06,8.64943e+06,0
0,5.18235e-15,3.68047e-13,0
1,-1.05764e+07,5.34379e+06,0
0,5.34086e-15,3.69069e-13,0
1,-1.15264e+07,1.57853e+06,0
0,5.32336e-15,3.70116e-13,0
1,-1.14203e+07,-2.32955e+06,0
0,5.13238e-15,3.71127e-13,0
1,-1.02734e+07,-6.02717e+06,0
0,4.79456e-15,3.72053e-13,0
1,-8.24559e+06,-9.21335e+06,0
0,4.35068e-15,3.72862e-13,0
1,-5.58151e+06,-1.16973e+07,0
0,3.84387e-15,3.73541e-13,0
1,-2.54006e+06,-1.34034e+07,0
0,3.31199e-15,3.74092e-13,0
1,651647,-1.43423e+07,0
0,2.78482e-15,3.74526e-13,0
1,3.81504e+06,-1.45749e+07,0
0,2.28427e-15,3.74856e-13,0
1,6.81853e+06,-1.41854e+07,0
0,1.82591e-15,3.75097e-13,0
1,9.56882e+06,-1.32642e+07,0
0,1.42052e-15,3.75265e-13,0
1,1.20012e+07,-1.18996e+07,0
0,1.07546e-15,3.75372e-13,0
1,1.40715e+07,-1.01744e+07,0
0,7.95702e-16,3.75432e-13,0
1,1.575e+07,-8.1648e+06,0
0,5.84529e-16,3.75457e-13,0
1,1.7017e+07,-5.94125e+06,0
0,4.44042e-16,3.75456e-13,0
1,1.78598e+07,-3.56924e+06,0
0,3.75476e-16,3.75441e-13,0
1,1.82711e+07,-1.1108e+06,0
0,3.79394e-16,3.75422e-13,0
1,1.82475e+07,1.3741e+06,0
0,4.5577e-16,3.75408e-13,0
1,1.77891e+07,3.82613e+06,0
0,6.03982e-16,3.7541e-13,0
1,1.68997e+07,6.18514e+06,0
0,8.22723e-16,3.75438e-13,0
1,1.55872e+07,8.38877e+06,0
0,1.10979e-15,3.75502e-13,0
1,1.38648e+07,1.0371e+07,0
0,1.46175e-15,3.75615e-13,0
1,1.1753e+07,1.20607e+07,0
0,1.87342e-15,3.7579e-13,0
1,9.28302e+06,1.3381e+07,0
0,2.33713e-15,3.76041e-13,0
1,6.50091e+06,1.42482e+07,0
0,2.84163e-15,3.76381e-13,0
1,3.47411e+06,1.45733e+07,0
0,3.37074e-15,3.76827e-13,0
1,299794,1.42658e+07,0
0,3.90168e-15,3.77393e-13,0
1,-2.88539e+06,1.3243e+07,0
0,4.40371e-15,3.78087e-13,0
1,-5.89691e+06,1.14477e+07,0
0,4.83803e-15,3.7891e-13,0
1,-8.50208e+06,8.87688e+06,0
0,5.16113e-15,3.79848e-13,0
1,-1.04397e+07,5.61823e+06,0
0,5.33301e-15,3.80867e-13,0
1,-1.147e+07,1.8769e+06,0
0,5.32921e-15,3.81914e-13,0
1,-1.14461e+07,-2.03481e+06,0
0,5.15022e-15,3.8293e-13,0
1,-1.03712e+07,-5.76127e+06,0
0,4.8213e-15,3.83864e-13,0
1,-8.39673e+06,-8.99319e+06,0
0,4.38283e-15,3.84681e-13,0
1,-5.76514e+06,-1.15298e+07,0
0,3.87836e-15,3.8537e-13,0
1,-2.73769e+06,-1.32874e+07,0
0,3.34648e-15,3.85929e-13,0
1,454034,-1.42719e+07,0
0,2.81773e-15,3.86369e-13,0
1,3.6269e+06,-1.45421e+07,0
0,2.31466e-15,3.86704e-13,0
1,6.64554e+06,-1.41819e+07,0
0,1.8533e-15,3.86949e-13,0
1,9.41382e+06,-1.32822e+07,0
0,1.44477e-15,3.87119e-13,0
1,1.1865e+07,-1.19323e+07,0
0,1.09667e-15,3.87229e-13,0
1,1.39536e+07,-1.02161e+07,0
0,8.14114e-16,3.8729e-13,0
1,1.56489e+07,-8.21081e+06,0
0,6.00496e-16,3.87314e-13,0
1,1.69305e+07,-5.98786e+06,0
0,4.57982e-16,3.87314e-13,0
1,1.77855e+07,-3.61362e+06,0
0,3.87851e-16,3.87298e-13,0
1,1.82062e+07,-1.15094e+06,0
0,3.90688e-16,3.87278e-13,0
1,1.8189e+07,1.33943e+06,0
0,4.66474e-16,3.87264e-13,0
1,1.77342e+07,3.79744e+06,0
0,6.14585e-16,3.87265e-13,0
1,1.68454e+07,6.16222e+06,0
0,8.33691e-16,3.87292e-13,0
1,1.55307e+07,8.37065e+06,0
0,1.12155e-15,3.87356e-13,0
1,1.38035e+07,1.03559e+07,0
0,1.47467e-15,3.87469e-13,0
1,1.16848e+07,1.20463e+07,0
0,1.88777e-15,3.87645e-13,0
1,9.20623e+06,1.33637e+07,0
0,2.35302e-15,3.87896e-13,0
1,6.41485e+06,1.42237e+07,0
0,2.85897e-15,3.88239e-13,0
1,3.37938e+06,1.45367e+07,0
0,3.38911e-15,3.88689e-13,0
1,198865,1.42113e+07,0
0,3.92025e-15,3.89258e-13,0
1,-2.98751e+06,1.3165e+07,0
0,4.42112e-15,3.89957e-13,0
1,-5.99209e+06,1.13415e+07,0
0,4.85242e-15,3.90786e-13,0
1,-8.57911e+06,8.74096e+06,0
