0,1.22601e-21,0,0
1,7.37813e+06,7350,0
0,3.43281e-20,6.83946e-23,0
1,7.37793e+06,51449.5,0
0,1.11566e-19,4.44564e-22,0
1,7.37747e+06,95547,0
0,2.32936e-19,1.39231e-21,0
1,7.37674e+06,139641,0
0,3.98435e-19,3.17541e-21,0
1,7.37575e+06,183730,0
0,6.08058e-19,6.05763e-21,0
1,7.37449e+06,227812,0
0,8.61798e-19,1.03027e-20,0
1,7.37297e+06,271886,0
0,1.15965e-18,1.61743e-20,0
1,7.37118e+06,315949,0
0,1.50159e-18,2.3936e-20,0
1,7.36913e+06,360002,0
0,1.88762e-18,3.38515e-20,0
1,7.36681e+06,404041,0
0,2.31773e-18,4.61842e-20,0
1,7.36423e+06,448066,0
0,2.79189e-18,6.11976e-20,0
1,7.36139e+06,492074,0
0,3.31009e-18,7.91549e-20,0
1,7.35828e+06,536065,0
0,3.87232e-18,1.00319e-19,0
1,7.35491e+06,580037,0
0,4.47855e-18,1.24954e-19,0
1,7.35127e+06,623987,0
0,5.12877e-18,1.53323e-19,0
1,7.34737e+06,667915,0
0,5.82295e-18,1.85687e-19,0
1,7.3432e+06,711818,0
0,6.56106e-18,2.22311e-19,0
1,7.33877e+06,755697,0
0,7.34308e-18,2.63456e-19,0
1,7.33408e+06,799547,0
0,8.16899e-18,3.09385e-19,0
1,7.32913e+06,843369,0
0,9.03875e-18,3.6036e-19,0
1,7.32391e+06,887161,0
0,9.95233e-18,4.16644e-19,0
1,7.31843e+06,930920,0
0,1.09097e-17,4.78499e-19,0
1,7.31268e+06,974646,0
0,1.19108e-17,5.46186e-19,0
1,7.30668e+06,1.01834e+06,0
0,1.29557e-17,6.19966e-19,0
1,7.30041e+06,1.06199e+06,0
0,1.40442e-17,7.00102e-19,0
1,7.29388e+06,1.10561e+06,0
0,1.51764e-17,7.86854e-19,0
1,7.28708e+06,1.14918e+06,0
0,1.63522e-17,8.80483e-19,0
1,7.28003e+06,1.19272e+06,0
0,1.75716e-17,9.8125e-19,0
1,7.27271e+06,1.23621e+06,0
0,1.88345e-17,1.08942e-18,0
1,7.26514e+06,1.27966e+06,0
0,2.01409e-17,1.20524e-18,0
1,7.2573e+06,1.32306e+06,0
0,2.14907e-17,1.32898e-18,0
1,7.2492e+06,1.36641e+06,0
0,2.28839e-17,1.4609e-18,0
1,7.24084e+06,1.40972e+06,0
0,2.43204e-17,1.60126e-18,0
1,7.23222e+06,1.45297e+06,0
0,2.58003e-17,1.75032e-18,0
1,7.22334e+06,1.49617e+06,0
0,2.73233e-17,1.90833e-18,0
1,7.21421e+06,1.53932e+06,0
0,2.88896e-17,2.07555e-18,0
1,7.20481e+06,1.58241e+06,0
0,3.04989e-17,2.25225e-18,0
1,7.19515e+06,1.62545e+06,0
0,3.21514e-17,2.43867e-18,0
1,7.18524e+06,1.66842e+06,0
0,3.38468e-17,2.63509e-18,0
1,7.17507e+06,1.71134e+06,0
0,3.55852e-17,2.84175e-18,0
1,7.16464e+06,1.75419e+06,0
0,3.73665e-17,3.05891e-18,0
1,7.15395e+06,1.79698e+06,0
0,3.91907e-17,3.28682e-18,0
1,7.14301e+06,1.83971e+06,0
0,4.10576e-17,3.52576e-18,0
1,7.13181e+06,1.88237e+06,0
0,4.29672e-17,3.77596e-18,0
1,7.12035e+06,1.92497e+06,0
0,4.49194e-17,4.03769e-18,0
1,7.10864e+06,1.96749e+06,0
0,4.69142e-17,4.3112e-18,0
1,7.09667e+06,2.00994e+06,0
0,4.89514e-17,4.59674e-18,0
1,7.08445e+06,2.05232e+06,0
0,5.10311e-17,4.89457e-18,0
1,7.07197e+06,2.09463e+06,0
0,5.31532e-17,5.20495e-18,0
1,7.05924e+06,2.13686e+06,0
0,5.53175e-17,5.52812e-18,0
1,7.04625e+06,2.17902e+06,0
0,5.7524e-17,5.86434e-18,0
1,7.03301e+06,2.22109e+06,0
0,5.97727e-17,6.21386e-18,0
1,7.01952e+06,2.26309e+06,0
0,6.20633e-17,6.57693e-18,0
1,7.00578e+06,2.305e+06,0
0,6.4396e-17,6.95381e-18,0
1,6.99179e+06,2.34683e+06,0
0,6.67705e-17,7.34475e-18,0
1,6.97754e+06,2.38858e+06,0
0,6.91868e-17,7.74999e-18,0
1,6.96304e+06,2.43024e+06,0
0,7.16448e-17,8.16979e-18,0
1,6.9483e+06,2.47182e+06,0
0,7.41444e-17,8.6044e-18,0
1,6.9333e+06,2.5133e+06,0
0,7.66856e-17,9.05406e-18,0
1,6.91805e+06,2.5547e+06,0
0,7.92682e-17,9.51902e-18,0
1,6.90256e+06,2.596e+06,0
0,8.18921e-17,9.99954e-18,0
1,6.88682e+06,2.63721e+06,0
0,8.45573e-17,1.04959e-17,0
1,6.87083e+06,2.67832e+06,0
0,8.72637e-17,1.10082e-17,0
1,6.85459e+06,2.71934e+06,0
0,9.00111e-17,1.15369e-17,0
1,6.83811e+06,2.76026e+06,0
0,9.27996e-17,1.20821e-17,0
1,6.82138e+06,2.80108e+06,0
0,9.56288e-17,1.2644e-17,0
1,6.80441e+06,2.8418e+06,0
0,9.84989e-17,1.3223e-17,0
1,6.78719e+06,2.88242e+06,0
0,1.0141e-16,1.38193e-17,0
1,6.76972e+06,2.92293e+06,0
0,1.04361e-16,1.44331e-17,0
1,6.75202e+06,2.96334e+06,0
0,1.07353e-16,1.50647e-17,0
1,6.73407e+06,3.00364e+06,0
0,1.10385e-16,1.57142e-17,0
1,6.71588e+06,3.04383e+06,0
0,1.13457e-16,1.6382e-17,0
1,6.69745e+06,3.08392e+06,0
0,1.1657e-16,1.70683e-17,0
1,6.67877e+06,3.12389e+06,0
0,1.19722e-16,1.77733e-17,0
1,6.65986e+06,3.16375e+06,0
0,1.22915e-16,1.84973e-17,0
1,6.64071e+06,3.2035e+06,0
0,1.26147e-16,1.92404e-17,0
1,6.62132e+06,3.24313e+06,0
0,1.29419e-16,2.0003e-17,0
1,6.60169e+06,3.28265e+06,0
0,1.3273e-16,2.07853e-17,0
1,6.58182e+06,3.32204e+06,0
0,1.36081e-16,2.15875e-17,0
1,6.56172e+06,3.36132e+06,0
0,1.39472e-16,2.24099e-17,0
1,6.54138e+06,3.40047e+06,0
0,1.42901e-16,2.32527e-17,0
1,6.5208e+06,3.43951e+06,0
0,1.4637e-16,2.4116e-17,0
1,6.49999e+06,3.47842e+06,0
0,1.49878e-16,2.50003e-17,0
1,6.47895e+06,3.5172e+06,0
0,1.53424e-16,2.59056e-17,0
1,6.45767e+06,3.55586e+06,0
0,1.57009e-16,2.68322e-17,0
1,6.43616e+06,3.59439e+06,0
0,1.60633e-16,2.77804e-17,0
1,6.41442e+06,3.63279e+06,0
0,1.64296e-16,2.87504e-17,0
1,6.39245e+06,3.67106e+06,0
0,1.67996e-16,2.97425e-17,0
1,6.37025e+06,3.70919e+06,0
0,1.71735e-16,3.07567e-17,0
1,6.34782e+06,3.7472e+06,0
0,1.75512e-16,3.17935e-17,0
1,6.32516e+06,3.78506e+06,0
0,1.79327e-16,3.28529e-17,0
1,6.30228e+06,3.8228e+06,0
0,1.8318e-16,3.39353e-17,0
1,6.27917e+06,3.86039e+06,0
0,1.8707e-16,3.50408e-17,0
1,6.25583e+06,3.89785e+06,0
0,1.90998e-16,3.61698e-17,0
1,6.23226e+06,3.93516e+06,0
0,1.94963e-16,3.73223e-17,0
1,6.20847e+06,3.97233e+06,0
0,1.98966e-16,3.84987e-17,0
1,6.18446e+06,4.00936e+06,0
0,2.03005e-16,3.96991e-17,0
1,6.16023e+06,4.04625e+06,0
0,2.07082e-16,4.09238e-17,0
1,6.13577e+06,4.08299e+06,0
0,2.11195e-16,4.21731e-17,0
1,6.1111e+06,4.11958e+06,0
0,2.15345e-16,4.3447e-17,0
1,6.0862e+06,4.15602e+06,0
0,2.19532e-16,4.47459e-17,0
1,6.06108e+06,4.19232e+06,0
0,2.23755e-16,4.607e-17,0
1,6.03575e+06,4.22846e+06,0
0,2.28014e-16,4.74194e-17,0
1,6.0102e+06,4.26445e+06,0
0,2.3231e-16,4.87945e-17,0
1,5.98443e+06,4.30029e+06,0
0,2.36641e-16,5.01953e-17,0
1,5.95845e+06,4.33597e+06,0
0,2.41008e-16,5.16222e-17,0
1,5.93225e+06,4.3715e+06,0
0,2.45411e-16,5.30754e-17,0
1,5.90584e+06,4.40686e+06,0
0,2.49849e-16,5.4555e-17,0
1,5.87921e+06,4.44207e+06,0
0,2.54322e-16,5.60612e-17,0
1,5.85238e+06,4.47712e+06,0
0,2.58831e-16,5.75944e-17,0
1,5.82533e+06,4.51201e+06,0
0,2.63374e-16,5.91547e-17,0
1,5.79807e+06,4.54673e+06,0
0,2.67953e-16,6.07423e-17,0
1,5.77061e+06,4.5813e+06,0
0,2.72566e-16,6.23573e-17,0
1,5.74293e+06,4.61569e+06,0
0,2.77213e-16,6.40002e-17,0
1,5.71505e+06,4.64992e+06,0
0,2.81895e-16,6.56709e-17,0
1,5.68697e+06,4.68398e+06,0
0,2.86611e-16,6.73698e-17,0
1,5.65867e+06,4.71787e+06,0
0,2.91361e-16,6.90971e-17,0
1,5.63018e+06,4.7516e+06,0
0,2.96145e-16,7.08528e-17,0
1,5.60148e+06,4.78515e+06,0
0,3.00963e-16,7.26374e-17,0
1,5.57258e+06,4.81853e+06,0
0,3.05814e-16,7.44509e-17,0
1,5.54348e+06,4.85173e+06,0
0,3.10698e-16,7.62935e-17,0
1,5.51418e+06,4.88476e+06,0
0,3.15616e-16,7.81656e-17,0
1,5.48468e+06,4.91761e+06,0
0,3.20566e-16,8.00671e-17,0
1,5.45498e+06,4.95029e+06,0
0,3.25549e-16,8.19985e-17,0
1,5.42509e+06,4.98279e+06,0
0,3.30565e-16,8.39597e-17,0
1,5.395e+06,5.0151e+06,0
0,3.35614e-16,8.59512e-17,0
1,5.36472e+06,5.04724e+06,0
0,3.40694e-16,8.79729e-17,0
1,5.33424e+06,5.07919e+06,0
0,3.45807e-16,9.00253e-17,0
1,5.30357e+06,5.11097e+06,0
0,3.50951e-16,9.21083e-17,0
1,5.27271e+06,5.14255e+06,0
0,3.56127e-16,9.42223e-17,0
1,5.24166e+06,5.17395e+06,0
0,3.61335e-16,9.63674e-17,0
1,5.21042e+06,5.20517e+06,0
0,3.66574e-16,9.85438e-17,0
1,5.17899e+06,5.23619e+06,0
0,3.71844e-16,1.00752e-16,0
1,5.14738e+06,5.26703e+06,0
0,3.77146e-16,1.02991e-16,0
1,5.11558e+06,5.29768e+06,0
0,3.82478e-16,1.05263e-16,0
1,5.08359e+06,5.32813e+06,0
0,3.8784e-16,1.07566e-16,0
1,5.05142e+06,5.35839e+06,0
0,3.93233e-16,1.09902e-16,0
1,5.01907e+06,5.38846e+06,0
0,3.98656e-16,1.1227e-16,0
1,4.98654e+06,5.41834e+06,0
0,4.04109e-16,1.14671e-16,0
1,4.95383e+06,5.44802e+06,0
0,4.09592e-16,1.17104e-16,0
1,4.92094e+06,5.4775e+06,0
0,4.15105e-16,1.19571e-16,0
1,4.88787e+06,5.50678e+06,0
0,4.20647e-16,1.2207e-16,0
1,4.85463e+06,5.53587e+06,0
0,4.26218e-16,1.24603e-16,0
1,4.82121e+06,5.56476e+06,0
0,4.31818e-16,1.2717e-16,0
1,4.78761e+06,5.59344e+06,0
0,4.37447e-16,1.2977e-16,0
1,4.75385e+06,5.62192e+06,0
0,4.43105e-16,1.32404e-16,0
1,4.71991e+06,5.6502e+06,0
0,4.48791e-16,1.35072e-16,0
1,4.6858e+06,5.67828e+06,0
0,4.54505e-16,1.37774e-16,0
1,4.65152e+06,5.70615e+06,0
0,4.60248e-16,1.40511e-16,0
1,4.61708e+06,5.73381e+06,0
0,4.66018e-16,1.43282e-16,0
1,4.58247e+06,5.76127e+06,0
0,4.71815e-16,1.46088e-16,0
1,4.54769e+06,5.78851e+06,0
0,4.7764e-16,1.48928e-16,0
1,4.51275e+06,5.81555e+06,0
0,4.83493e-16,1.51804e-16,0
1,4.47764e+06,5.84238e+06,0
0,4.89372e-16,1.54715e-16,0
1,4.44237e+06,5.869e+06,0
0,4.95278e-16,1.57661e-16,0
1,4.40695e+06,5.8954e+06,0
0,5.01211e-16,1.60643e-16,0
1,4.37136e+06,5.9216e+06,0
0,5.07169e-16,1.6366e-16,0
1,4.33562e+06,5.94757e+06,0
0,5.13154e-16,1.66714e-16,0
1,4.29972e+06,5.97334e+06,0
0,5.19165e-16,1.69803e-16,0
1,4.26366e+06,5.99888e+06,0
0,5.25202e-16,1.72928e-16,0
1,4.22745e+06,6.02421e+06,0
0,5.31264e-16,1.7609e-16,0
1,4.19108e+06,6.04932e+06,0
0,5.37352e-16,1.79288e-16,0
1,4.15457e+06,6.07422e+06,0
0,5.43464e-16,1.82523e-16,0
1,4.11791e+06,6.09889e+06,0
0,5.49601e-16,1.85795e-16,0
1,4.08109e+06,6.12334e+06,0
0,5.55763e-16,1.89103e-16,0
1,4.04413e+06,6.14757e+06,0
0,5.61949e-16,1.92449e-16,0
1,4.00702e+06,6.17158e+06,0
0,5.6816e-16,1.95831e-16,0
1,3.96977e+06,6.19536e+06,0
0,5.74394e-16,1.99252e-16,0
1,3.93237e+06,6.21892e+06,0
0,5.80652e-16,2.02709e-16,0
1,3.89484e+06,6.24226e+06,0
0,5.86934e-16,2.06205e-16,0
1,3.85716e+06,6.26537e+06,0
0,5.93239e-16,2.09738e-16,0
1,3.81934e+06,6.28825e+06,0
0,5.99567e-16,2.13309e-16,0
1,3.78138e+06,6.31091e+06,0
0,6.05917e-16,2.16918e-16,0
1,3.74329e+06,6.33333e+06,0
0,6.12291e-16,2.20565e-16,0
1,3.70506e+06,6.35553e+06,0
0,6.18686e-16,2.24251e-16,0
1,3.6667e+06,6.37749e+06,0
0,6.25104e-16,2.27975e-16,0
1,3.6282e+06,6.39923e+06,0
0,6.31544e-16,2.31738e-16,0
1,3.58958e+06,6.42073e+06,0
0,6.38005e-16,2.3554e-16,0
1,3.55082e+06,6.44201e+06,0
0,6.44488e-16,2.3938e-16,0
1,3.51193e+06,6.46304e+06,0
0,6.50992e-16,2.4326e-16,0
1,3.47292e+06,6.48385e+06,0
0,6.57517e-16,2.47178e-16,0
1,3.43378e+06,6.50442e+06,0
0,6.64062e-16,2.51136e-16,0
1,3.39452e+06,6.52475e+06,0
0,6.70629e-16,2.55133e-16,0
1,3.35514e+06,6.54485e+06,0
0,6.77215e-16,2.5917e-16,0
1,3.31563e+06,6.5647e+06,0
0,6.83822e-16,2.63247e-16,0
1,3.276e+06,6.58433e+06,0
0,6.90448e-16,2.67363e-16,0
1,3.23626e+06,6.60371e+06,0
0,6.97094e-16,2.71519e-16,0
1,3.1964e+06,6.62285e+06,0
0,7.03759e-16,2.75715e-16,0
1,3.15642e+06,6.64175e+06,0
0,7.10443e-16,2.79952e-16,0
1,3.11633e+06,6.66042e+06,0
0,7.17146e-16,2.84228e-16,0
1,3.07612e+06,6.67884e+06,0
0,7.23868e-16,2.88545e-16,0
1,3.0358e+06,6.69702e+06,0
0,7.30607e-16,2.92902e-16,0
1,2.99538e+06,6.71495e+06,0
0,7.37366e-16,2.973e-16,0
1,2.95484e+06,6.73264e+06,0
0,7.44141e-16,3.01739e-16,0
1,2.9142e+06,6.75009e+06,0
0,7.50935e-16,3.06219e-16,0
1,2.87345e+06,6.76729e+06,0
0,7.57746e-16,3.10739e-16,0
1,2.8326e+06,6.78425e+06,0
0,7.64574e-16,3.153e-16,0
1,2.79165e+06,6.80096e+06,0
0,7.71419e-16,3.19903e-16,0
1,2.75059e+06,6.81743e+06,0
0,7.7828e-16,3.24547e-16,0
1,2.70943e+06,6.83364e+06,0
0,7.85158e-16,3.29232e-16,0
1,2.66818e+06,6.84961e+06,0
0,7.92052e-16,3.33958e-16,0
1,2.62683e+06,6.86533e+06,0
0,7.98962e-16,3.38726e-16,0
1,2.58539e+06,6.88081e+06,0
0,8.05888e-16,3.43536e-16,0
1,2.54385e+06,6.89603e+06,0
0,8.12829e-16,3.48387e-16,0
1,2.50221e+06,6.911e+06,0
0,8.19785e-16,3.53281e-16,0
1,2.46049e+06,6.92572e+06,0
0,8.26756e-16,3.58216e-16,0
1,2.41868e+06,6.94019e+06,0
0,8.33742e-16,3.63193e-16,0
1,2.37678e+06,6.9544e+06,0
0,8.40742e-16,3.68212e-16,0
1,2.3348e+06,6.96837e+06,0
0,8.47756e-16,3.73273e-16,0
1,2.29273e+06,6.98208e+06,0
0,8.54784e-16,3.78377e-16,0
1,2.25057e+06,6.99553e+06,0
0,8.61826e-16,3.83523e-16,0
1,2.20834e+06,7.00874e+06,0
0,8.68881e-16,3.88712e-16,0
1,2.16602e+06,7.02168e+06,0
0,8.75949e-16,3.93943e-16,0
1,2.12363e+06,7.03438e+06,0
0,8.8303e-16,3.99216e-16,0
1,2.08116e+06,7.04682e+06,0
0,8.90124e-16,4.04532e-16,0
1,2.03861e+06,7.059e+06,0
0,8.9723e-16,4.09891e-16,0
1,1.996e+06,7.07092e+06,0
0,9.04348e-16,4.15293e-16,0
1,1.9533e+06,7.08259e+06,0
0,9.11478e-16,4.20738e-16,0
1,1.91054e+06,7.094e+06,0
0,9.18619e-16,4.26226e-16,0
1,1.86771e+06,7.10515e+06,0
0,9.25772e-16,4.31757e-16,0
1,1.82481e+06,7.11605e+06,0
0,9.32936e-16,4.3733e-16,0
1,1.78184e+06,7.12668e+06,0
0,9.40111e-16,4.42948e-16,0
1,1.73881e+06,7.13706e+06,0
0,9.47296e-16,4.48608e-16,0
1,1.69572e+06,7.14717e+06,0
0,9.54491e-16,4.54312e-16,0
1,1.65256e+06,7.15703e+06,0
0,9.61697e-16,4.60059e-16,0
1,1.60934e+06,7.16662e+06,0
0,9.68912e-16,4.65849e-16,0
1,1.56607e+06,7.17596e+06,0
0,9.76137e-16,4.71683e-16,0
1,1.52274e+06,7.18503e+06,0
0,9.83371e-16,4.77561e-16,0
1,1.47935e+06,7.19385e+06,0
0,9.90614e-16,4.83482e-16,0
1,1.43591e+06,7.2024e+06,0
0,9.97866e-16,4.89447e-16,0
1,1.39242e+06,7.21069e+06,0
0,1.00513e-15,4.95456e-16,0
1,1.34888e+06,7.21871e+06,0
0,1.01239e-15,5.01508e-16,0
1,1.30529e+06,7.22648e+06,0
0,1.01967e-15,5.07605e-16,0
1,1.26165e+06,7.23398e+06,0
0,1.02695e-15,5.13745e-16,0
1,1.21796e+06,7.24121e+06,0
0,1.03425e-15,5.19929e-16,0
1,1.17423e+06,7.24819e+06,0
0,1.04154e-15,5.26157e-16,0
1,1.13046e+06,7.2549e+06,0
0,1.04885e-15,5.32429e-16,0
1,1.08665e+06,7.26134e+06,0
0,1.05616e-15,5.38746e-16,0
1,1.0428e+06,7.26752e+06,0
0,1.06348e-15,5.45106e-16,0
1,998907,7.27344e+06,0
0,1.0708e-15,5.5151e-16,0
1,954980,7.27909e+06,0
0,1.07813e-15,5.57959e-16,0
1,911019,7.28447e+06,0
0,1.08547e-15,5.64452e-16,0
1,867025,7.28959e+06,0
0,1.09281e-15,5.70989e-16,0
1,823000,7.29445e+06,0
0,1.10016e-15,5.77571e-16,0
1,778945,7.29904e+06,0
0,1.10751e-15,5.84197e-16,0
1,734861,7.30336e+06,0
0,1.11486e-15,5.90867e-16,0
1,690751,7.30742e+06,0
0,1.12222e-15,5.97582e-16,0
1,646616,7.31121e+06,0
0,1.12958e-15,6.04341e-16,0
1,602457,7.31473e+06,0
0,1.13695e-15,6.11144e-16,0
1,558277,7.31799e+06,0
0,1.14432e-15,6.17992e-16,0
1,514076,7.32098e+06,0
0,1.15169e-15,6.24885e-16,0
1,469857,7.3237e+06,0
0,1.15907e-15,6.31822e-16,0
1,425620,7.32616e+06,0
0,1.16645e-15,6.38804e-16,0
1,381368,7.32834e+06,0
0,1.17383e-15,6.4583e-16,0
1,337103,7.33027e+06,0
0,1.18121e-15,6.529e-16,0
1,292825,7.33192e+06,0
0,1.1886e-15,6.60016e-16,0
1,248537,7.33331e+06,0
0,1.19598e-15,6.67176e-16,0
1,204240,7.33442e+06,0
0,1.20337e-15,6.7438e-16,0
1,159935,7.33528e+06,0
0,1.21076e-15,6.81629e-16,0
1,115625,7.33586e+06,0
0,1.21815e-15,6.88923e-16,0
1,71310.9,7.33617e+06,0
0,1.22554e-15,6.96261e-16,0
1,26994.1,7.33622e+06,0
0,1.23293e-15,7.03644e-16,0
1,-17323.5,7.336e+06,0
0,1.24032e-15,7.11072e-16,0
1,-61640.3,7.33551e+06,0
0,1.24771e-15,7.18544e-16,0
1,-105955,7.33476e+06,0
0,1.2551e-15,7.26061e-16,0
1,-150265,7.33373e+06,0
0,1.26249e-15,7.33623e-16,0
1,-194570,7.33244e+06,0
0,1.26987e-15,7.41229e-16,0
1,-238868,7.33088e+06,0
0,1.27726e-15,7.4888e-16,0
1,-283156,7.32906e+06,0
0,1.28464e-15,7.56576e-16,0
1,-327434,7.32696e+06,0
0,1.29202e-15,7.64316e-16,0
1,-371701,7.3246e+06,0
0,1.2994e-15,7.721e-16,0
1,-415953,7.32197e+06,0
0,1.30678e-15,7.7993e-16,0
1,-460190,7.31907e+06,0
0,1.31415e-15,7.87804e-16,0
1,-504410,7.3159e+06,0
0,1.32152e-15,7.95722e-16,0
1,-548612,7.31247e+06,0
0,1.32889e-15,8.03685e-16,0
1,-592793,7.30877e+06,0
0,1.33626e-15,8.11693e-16,0
1,-636953,7.3048e+06,0
0,1.34362e-15,8.19745e-16,0
1,-681089,7.30057e+06,0
0,1.35097e-15,8.27842e-16,0
1,-725200,7.29607e+06,0
0,1.35832e-15,8.35983e-16,0
1,-769284,7.2913e+06,0
0,1.36567e-15,8.44168e-16,0
1,-813340,7.28626e+06,0
0,1.37301e-15,8.52398e-16,0
1,-857367,7.28096e+06,0
0,1.38035e-15,8.60673e-16,0
1,-901361,7.27539e+06,0
0,1.38768e-15,8.68991e-16,0
1,-945323,7.26956e+06,0
0,1.39501e-15,8.77354e-16,0
1,-989250,7.26346e+06,0
0,1.40232e-15,8.85762e-16,0
1,-1.03314e+06,7.25709e+06,0
0,1.40964e-15,8.94213e-16,0
1,-1.07699e+06,7.25046e+06,0
0,1.41694e-15,9.02709e-16,0
1,-1.12081e+06,7.24356e+06,0
0,1.42424e-15,9.11249e-16,0
1,-1.16458e+06,7.2364e+06,0
0,1.43154e-15,9.19833e-16,0
1,-1.20831e+06,7.22898e+06,0
0,1.43882e-15,9.28462e-16,0
1,-1.25199e+06,7.22128e+06,0
0,1.4461e-15,9.37134e-16,0
1,-1.29563e+06,7.21333e+06,0
0,1.45337e-15,9.45851e-16,0
1,-1.33922e+06,7.20511e+06,0
0,1.46063e-15,9.54611e-16,0
1,-1.38276e+06,7.19662e+06,0
0,1.46788e-15,9.63415e-16,0
1,-1.42626e+06,7.18788e+06,0
0,1.47513e-15,9.72264e-16,0
1,-1.46969e+06,7.17887e+06,0
0,1.48236e-15,9.81156e-16,0
1,-1.51308e+06,7.16959e+06,0
0,1.48959e-15,9.90091e-16,0
1,-1.55641e+06,7.16005e+06,0
0,1.49681e-15,9.99071e-16,0
1,-1.59968e+06,7.15026e+06,0
0,1.50401e-15,1.00809e-15,0
1,-1.64289e+06,7.14019e+06,0
0,1.51121e-15,1.01716e-15,0
1,-1.68605e+06,7.12987e+06,0
0,1.5184e-15,1.02627e-15,0
1,-1.72914e+06,7.11929e+06,0
0,1.52557e-15,1.03543e-15,0
1,-1.77217e+06,7.10844e+06,0
0,1.53274e-15,1.04462e-15,0
1,-1.81513e+06,7.09734e+06,0
0,1.53989e-15,1.05386e-15,0
1,-1.85802e+06,7.08597e+06,0
0,1.54703e-15,1.06315e-15,0
1,-1.90085e+06,7.07435e+06,0
0,1.55416e-15,1.07247e-15,0
1,-1.94361e+06,7.06246e+06,0
0,1.56128e-15,1.08185e-15,0
1,-1.9863e+06,7.05032e+06,0
0,1.56839e-15,1.09126e-15,0
1,-2.02891e+06,7.03792e+06,0
0,1.57548e-15,1.10072e-15,0
1,-2.07145e+06,7.02525e+06,0
0,1.58257e-15,1.11022e-15,0
1,-2.11391e+06,7.01234e+06,0
0,1.58963e-15,1.11976e-15,0
1,-2.15629e+06,6.99916e+06,0
0,1.59669e-15,1.12934e-15,0
1,-2.1986e+06,6.98573e+06,0
0,1.60373e-15,1.13897e-15,0
1,-2.24083e+06,6.97204e+06,0
0,1.61076e-15,1.14864e-15,0
1,-2.28297e+06,6.95809e+06,0
0,1.61778e-15,1.15835e-15,0
1,-2.32503e+06,6.94389e+06,0
0,1.62478e-15,1.16811e-15,0
1,-2.367e+06,6.92944e+06,0
0,1.63176e-15,1.17791e-15,0
1,-2.40889e+06,6.91473e+06,0
0,1.63873e-15,1.18775e-15,0
1,-2.45068e+06,6.89977e+06,0
0,1.64569e-15,1.19763e-15,0
1,-2.49239e+06,6.88455e+06,0
0,1.65263e-15,1.20756e-15,0
1,-2.53401e+06,6.86908e+06,0
0,1.65956e-15,1.21752e-15,0
1,-2.57553e+06,6.85336e+06,0
0,1.66647e-15,1.22753e-15,0
1,-2.61696e+06,6.83739e+06,0
0,1.67336e-15,1.23758e-15,0
1,-2.65829e+06,6.82116e+06,0
0,1.68024e-15,1.24767e-15,0
1,-2.69952e+06,6.80469e+06,0
0,1.6871e-15,1.25781e-15,0
1,-2.74065e+06,6.78796e+06,0
0,1.69394e-15,1.26798e-15,0
1,-2.78169e+06,6.77099e+06,0
0,1.70077e-15,1.2782e-15,0
1,-2.82262e+06,6.75376e+06,0
0,1.70758e-15,1.28846e-15,0
1,-2.86345e+06,6.73629e+06,0
0,1.71437e-15,1.29876e-15,0
1,-2.90417e+06,6.71857e+06,0
0,1.72114e-15,1.3091e-15,0
1,-2.94478e+06,6.70061e+06,0
0,1.7279e-15,1.31948e-15,0
1,-2.98529e+06,6.6824e+06,0
0,1.73464e-15,1.32991e-15,0
1,-3.02569e+06,6.66394e+06,0
0,1.74136e-15,1.34037e-15,0
1,-3.06597e+06,6.64524e+06,0
0,1.74806e-15,1.35087e-15,0
1,-3.10614e+06,6.62629e+06,0
0,1.75474e-15,1.36142e-15,0
1,-3.1462e+06,6.6071e+06,0
0,1.7614e-15,1.37201e-15,0
1,-3.18614e+06,6.58766e+06,0
0,1.76805e-15,1.38263e-15,0
1,-3.22597e+06,6.56799e+06,0
0,1.77467e-15,1.3933e-15,0
1,-3.26567e+06,6.54807e+06,0
0,1.78127e-15,1.404e-15,0
1,-3.30526e+06,6.52791e+06,0
0,1.78785e-15,1.41475e-15,0
1,-3.34472e+06,6.50751e+06,0
0,1.79442e-15,1.42554e-15,0
1,-3.38407e+06,6.48687e+06,0
0,1.80096e-15,1.43636e-15,0
1,-3.42328e+06,6.466e+06,0
0,1.80748e-15,1.44723e-15,0
1,-3.46237e+06,6.44488e+06,0
0,1.81398e-15,1.45813e-15,0
1,-3.50133e+06,6.42353e+06,0
0,1.82046e-15,1.46908e-15,0
1,-3.54017e+06,6.40194e+06,0
0,1.82691e-15,1.48006e-15,0
1,-3.57887e+06,6.38012e+06,0
0,1.83335e-15,1.49109e-15,0
1,-3.61744e+06,6.35806e+06,0
0,1.83976e-15,1.50215e-15,0
1,-3.65588e+06,6.33577e+06,0
0,1.84615e-15,1.51325e-15,0
1,-3.69418e+06,6.31324e+06,0
0,1.85251e-15,1.52439e-15,0
1,-3.73235e+06,6.29048e+06,0
0,1.85886e-15,1.53557e-15,0
1,-3.77038e+06,6.26749e+06,0
0,1.86518e-15,1.54679e-15,0
1,-3.80827e+06,6.24427e+06,0
0,1.87148e-15,1.55804e-15,0
1,-3.84602e+06,6.22082e+06,0
0,1.87775e-15,1.56934e-15,0
1,-3.88362e+06,6.19714e+06,0
0,1.884e-15,1.58067e-15,0
1,-3.92109e+06,6.17323e+06,0
0,1.89022e-15,1.59204e-15,0
1,-3.95841e+06,6.14909e+06,0
0,1.89643e-15,1.60344e-15,0
1,-3.99558e+06,6.12473e+06,0
0,1.9026e-15,1.61489e-15,0
1,-4.03261e+06,6.10014e+06,0
0,1.90875e-15,1.62637e-15,0
1,-4.06949e+06,6.07533e+06,0
0,1.91488e-15,1.63789e-15,0
1,-4.10621e+06,6.05029e+06,0
0,1.92098e-15,1.64945e-15,0
1,-4.14279e+06,6.02503e+06,0
0,1.92706e-15,1.66104e-15,0
1,-4.17921e+06,5.99955e+06,0
0,1.93311e-15,1.67267e-15,0
1,-4.21548e+06,5.97384e+06,0
0,1.93914e-15,1.68434e-15,0
1,-4.2516e+06,5.94792e+06,0
0,1.94513e-15,1.69605e-15,0
1,-4.28755e+06,5.92178e+06,0
0,1.95111e-15,1.70779e-15,0
1,-4.32335e+06,5.89542e+06,0
0,1.95705e-15,1.71956e-15,0
1,-4.35899e+06,5.86884e+06,0
0,1.96297e-15,1.73138e-15,0
1,-4.39447e+06,5.84204e+06,0
0,1.96886e-15,1.74322e-15,0
1,-4.42978e+06,5.81503e+06,0
0,1.97473e-15,1.75511e-15,0
1,-4.46493e+06,5.78781e+06,0
0,1.98056e-15,1.76703e-15,0
1,-4.49992e+06,5.76037e+06,0
0,1.98637e-15,1.77899e-15,0
1,-4.53474e+06,5.73272e+06,0
0,1.99216e-15,1.79098e-15,0
1,-4.56939e+06,5.70485e+06,0
0,1.99791e-15,1.803e-15,0
1,-4.60388e+06,5.67678e+06,0
0,2.00363e-15,1.81506e-15,0
1,-4.63819e+06,5.6485e+06,0
0,2.00933e-15,1.82716e-15,0
1,-4.67233e+06,5.62e+06,0
0,2.015e-15,1.83929e-15,0
1,-4.7063e+06,5.59131e+06,0
0,2.02064e-15,1.85145e-15,0
1,-4.7401e+06,5.5624e+06,0
0,2.02625e-15,1.86365e-15,0
1,-4.77372e+06,5.53329e+06,0
0,2.03183e-15,1.87589e-15,0
1,-4.80717e+06,5.50398e+06,0
0,2.03738e-15,1.88815e-15,0
1,-4.84043e+06,5.47446e+06,0
0,2.0429e-15,1.90045e-15,0
1,-4.87352e+06,5.44474e+06,0
0,2.04839e-15,1.91279e-15,0
1,-4.90643e+06,5.41482e+06,0
0,2.05385e-15,1.92516e-15,0
1,-4.93916e+06,5.38469e+06,0
0,2.05928e-15,1.93756e-15,0
1,-4.9717e+06,5.35437e+06,0
0,2.06468e-15,1.94999e-15,0
1,-5.00406e+06,5.32386e+06,0
0,2.07005e-15,1.96246e-15,0
1,-5.03623e+06,5.29314e+06,0
0,2.07539e-15,1.97496e-15,0
1,-5.06822e+06,5.26223e+06,0
0,2.08069e-15,1.98749e-15,0
1,-5.10002e+06,5.23113e+06,0
0,2.08597e-15,2.00005e-15,0
1,-5.13164e+06,5.19983e+06,0
0,2.09121e-15,2.01265e-15,0
1,-5.16306e+06,5.16834e+06,0
0,2.09642e-15,2.02527e-15,0
1,-5.19429e+06,5.13666e+06,0
0,2.1016e-15,2.03793e-15,0
1,-5.22533e+06,5.10479e+06,0
0,2.10675e-15,2.05062e-15,0
1,-5.25618e+06,5.07273e+06,0
0,2.11187e-15,2.06335e-15,0
1,-5.28683e+06,5.04048e+06,0
0,2.11695e-15,2.0761e-15,0
1,-5.31729e+06,5.00805e+06,0
0,2.122e-15,2.08888e-15,0
1,-5.34755e+06,4.97543e+06,0
0,2.12701e-15,2.1017e-15,0
1,-5.37761e+06,4.94262e+06,0
0,2.132e-15,2.11454e-15,0
1,-5.40747e+06,4.90964e+06,0
0,2.13695e-15,2.12742e-15,0
1,-5.43713e+06,4.87647e+06,0
0,2.14186e-15,2.14032e-15,0
1,-5.46659e+06,4.84312e+06,0
0,2.14675e-15,2.15326e-15,0
1,-5.49585e+06,4.8096e+06,0
0,2.1516e-15,2.16622e-15,0
1,-5.52491e+06,4.77589e+06,0
0,2.15641e-15,2.17922e-15,0
1,-5.55376e+06,4.74201e+06,0
0,2.16119e-15,2.19224e-15,0
1,-5.5824e+06,4.70796e+06,0
0,2.16594e-15,2.2053e-15,0
1,-5.61084e+06,4.67373e+06,0
0,2.17065e-15,2.21838e-15,0
1,-5.63907e+06,4.63932e+06,0
0,2.17533e-15,2.23149e-15,0
1,-5.66709e+06,4.60475e+06,0
0,2.17997e-15,2.24463e-15,0
1,-5.6949e+06,4.57e+06,0
0,2.18458e-15,2.25779e-15,0
1,-5.7225e+06,4.53509e+06,0
0,2.18915e-15,2.27099e-15,0
1,-5.74989e+06,4.50001e+06,0
0,2.19368e-15,2.28421e-15,0
1,-5.77707e+06,4.46476e+06,0
0,2.19818e-15,2.29746e-15,0
1,-5.80403e+06,4.42934e+06,0
0,2.20265e-15,2.31074e-15,0
1,-5.83078e+06,4.39376e+06,0
0,2.20708e-15,2.32404e-15,0
1,-5.85731e+06,4.35802e+06,0
0,2.21147e-15,2.33737e-15,0
1,-5.88362e+06,4.32212e+06,0
0,2.21582e-15,2.35073e-15,0
1,-5.90972e+06,4.28606e+06,0
0,2.22014e-15,2.36412e-15,0
1,-5.93559e+06,4.24984e+06,0
0,2.22443e-15,2.37753e-15,0
1,-5.96125e+06,4.21346e+06,0
0,2.22867e-15,2.39097e-15,0
1,-5.98668e+06,4.17693e+06,0
0,2.23288e-15,2.40443e-15,0
1,-6.0119e+06,4.14024e+06,0
0,2.23705e-15,2.41792e-15,0
1,-6.03689e+06,4.10339e+06,0
0,2.24119e-15,2.43143e-15,0
1,-6.06165e+06,4.0664e+06,0
0,2.24528e-15,2.44497e-15,0
1,-6.0862e+06,4.02926e+06,0
0,2.24934e-15,2.45853e-15,0
1,-6.11051e+06,3.99196e+06,0
0,2.25337e-15,2.47212e-15,0
1,-6.1346e+06,3.95452e+06,0
0,2.25735e-15,2.48573e-15,0
1,-6.15846e+06,3.91693e+06,0
0,2.2613e-15,2.49937e-15,0
1,-6.1821e+06,3.8792e+06,0
0,2.2652e-15,2.51303e-15,0
1,-6.2055e+06,3.84132e+06,0
0,2.26907e-15,2.52672e-15,0
1,-6.22868e+06,3.8033e+06,0
0,2.2729e-15,2.54042e-15,0
1,-6.25162e+06,3.76514e+06,0
0,2.2767e-15,2.55416e-15,0
1,-6.27433e+06,3.72684e+06,0
0,2.28045e-15,2.56791e-15,0
1,-6.29681e+06,3.6884e+06,0
0,2.28416e-15,2.58169e-15,0
1,-6.31905e+06,3.64983e+06,0
0,2.28784e-15,2.59549e-15,0
1,-6.34106e+06,3.61112e+06,0
0,2.29147e-15,2.60931e-15,0
1,-6.36284e+06,3.57227e+06,0
0,2.29507e-15,2.62315e-15,0
1,-6.38438e+06,3.53329e+06,0
0,2.29863e-15,2.63702e-15,0
1,-6.40568e+06,3.49419e+06,0
0,2.30215e-15,2.65091e-15,0
1,-6.42674e+06,3.45495e+06,0
0,2.30562e-15,2.66482e-15,0
1,-6.44757e+06,3.41559e+06,0
0,2.30906e-15,2.67875e-15,0
1,-6.46815e+06,3.37609e+06,0
0,2.31246e-15,2.6927e-15,0
1,-6.4885e+06,3.33648e+06,0
0,2.31582e-15,2.70667e-15,0
1,-6.5086e+06,3.29674e+06,0
0,2.31914e-15,2.72066e-15,0
1,-6.52847e+06,3.25687e+06,0
0,2.32241e-15,2.73468e-15,0
1,-6.54809e+06,3.21689e+06,0
0,2.32565e-15,2.74871e-15,0
1,-6.56747e+06,3.17679e+06,0
0,2.32885e-15,2.76276e-15,0
1,-6.5866e+06,3.13657e+06,0
0,2.332e-15,2.77683e-15,0
1,-6.60549e+06,3.09623e+06,0
0,2.33512e-15,2.79092e-15,0
1,-6.62413e+06,3.05578e+06,0
0,2.33819e-15,2.80503e-15,0
1,-6.64253e+06,3.01521e+06,0
0,2.34122e-15,2.81916e-15,0
1,-6.66068e+06,2.97453e+06,0
0,2.34421e-15,2.83331e-15,0
1,-6.67859e+06,2.93375e+06,0
0,2.34716e-15,2.84747e-15,0
1,-6.69624e+06,2.89285e+06,0
0,2.35007e-15,2.86165e-15,0
1,-6.71365e+06,2.85185e+06,0
0,2.35294e-15,2.87585e-15,0
1,-6.73081e+06,2.81074e+06,0
0,2.35576e-15,2.89007e-15,0
1,-6.74771e+06,2.76952e+06,0
0,2.35855e-15,2.90431e-15,0
1,-6.76437e+06,2.72821e+06,0
0,2.36129e-15,2.91856e-15,0
1,-6.78078e+06,2.68679e+06,0
0,2.36399e-15,2.93283e-15,0
1,-6.79693e+06,2.64527e+06,0
0,2.36664e-15,2.94711e-15,0
1,-6.81283e+06,2.60366e+06,0
0,2.36926e-15,2.96141e-15,0
1,-6.82848e+06,2.56194e+06,0
0,2.37183e-15,2.97573e-15,0
1,-6.84387e+06,2.52014e+06,0
0,2.37436e-15,2.99006e-15,0
1,-6.85901e+06,2.47824e+06,0
0,2.37685e-15,3.00441e-15,0
1,-6.87389e+06,2.43624e+06,0
0,2.3793e-15,3.01877e-15,0
1,-6.88852e+06,2.39416e+06,0
0,2.3817e-15,3.03315e-15,0
1,-6.9029e+06,2.35199e+06,0
0,2.38406e-15,3.04754e-15,0
1,-6.91701e+06,2.30973e+06,0
0,2.38637e-15,3.06195e-15,0
1,-6.93087e+06,2.26738e+06,0
0,2.38865e-15,3.07637e-15,0
1,-6.94447e+06,2.22495e+06,0
0,2.39088e-15,3.0908e-15,0
1,-6.95782e+06,2.18244e+06,0
0,2.39307e-15,3.10525e-15,0
1,-6.9709e+06,2.13985e+06,0
0,2.39521e-15,3.11971e-15,0
1,-6.98373e+06,2.09718e+06,0
0,2.39731e-15,3.13418e-15,0
1,-6.99629e+06,2.05443e+06,0
0,2.39937e-15,3.14867e-15,0
1,-7.0086e+06,2.0116e+06,0
0,2.40139e-15,3.16317e-15,0
1,-7.02064e+06,1.9687e+06,0
0,2.40336e-15,3.17768e-15,0
1,-7.03242e+06,1.92573e+06,0
0,2.40529e-15,3.19221e-15,0
1,-7.04395e+06,1.88268e+06,0
0,2.40717e-15,3.20674e-15,0
1,-7.05521e+06,1.83956e+06,0
0,2.40901e-15,3.22129e-15,0
1,-7.0662e+06,1.79638e+06,0
0,2.41081e-15,3.23584e-15,0
1,-7.07694e+06,1.75313e+06,0
0,2.41256e-15,3.25041e-15,0
1,-7.08741e+06,1.70981e+06,0
0,2.41427e-15,3.26499e-15,0
1,-7.09762e+06,1.66644e+06,0
0,2.41593e-15,3.27958e-15,0
1,-7.10756e+06,1.62299e+06,0
0,2.41755e-15,3.29418e-15,0
1,-7.11724e+06,1.57949e+06,0
0,2.41913e-15,3.30879e-15,0
1,-7.12666e+06,1.53593e+06,0
0,2.42066e-15,3.32341e-15,0
1,-7.1358e+06,1.49232e+06,0
0,2.42215e-15,3.33804e-15,0
1,-7.14469e+06,1.44865e+06,0
0,2.42359e-15,3.35267e-15,0
1,-7.15331e+06,1.40492e+06,0
0,2.42499e-15,3.36732e-15,0
1,-7.16166e+06,1.36114e+06,0
0,2.42635e-15,3.38197e-15,0
1,-7.16974e+06,1.31731e+06,0
0,2.42766e-15,3.39664e-15,0
1,-7.17756e+06,1.27344e+06,0
0,2.42892e-15,3.41131e-15,0
1,-7.18511e+06,1.22951e+06,0
0,2.43015e-15,3.42598e-15,0
1,-7.1924e+06,1.18554e+06,0
0,2.43132e-15,3.44067e-15,0
1,-7.19941e+06,1.14153e+06,0
0,2.43245e-15,3.45536e-15,0
1,-7.20616e+06,1.09747e+06,0
0,2.43354e-15,3.47006e-15,0
1,-7.21264e+06,1.05337e+06,0
0,2.43458e-15,3.48477e-15,0
1,-7.21885e+06,1.00924e+06,0
0,2.43558e-15,3.49948e-15,0
1,-7.22479e+06,965062,0
0,2.43653e-15,3.5142e-15,0
1,-7.23047e+06,920852,0
0,2.43744e-15,3.52892e-15,0
1,-7.23587e+06,876609,0
0,2.43831e-15,3.54365e-15,0
1,-7.24101e+06,832332,0
0,2.43912e-15,3.55838e-15,0
1,-7.24587e+06,788025,0
0,2.4399e-15,3.57312e-15,0
1,-7.25047e+06,743689,0
0,2.44063e-15,3.58787e-15,0
1,-7.25479e+06,699325,0
0,2.44131e-15,3.60261e-15,0
1,-7.25885e+06,654935,0
0,2.44195e-15,3.61737e-15,0
1,-7.26263e+06,610521,0
0,2.44254e-15,3.63212e-15,0
1,-7.26615e+06,566085,0
0,2.44309e-15,3.64688e-15,0
1,-7.26939e+06,521627,0
0,2.44359e-15,3.66164e-15,0
1,-7.27237e+06,477150,0
0,2.44405e-15,3.67641e-15,0
1,-7.27507e+06,432656,0
0,2.44446e-15,3.69118e-15,0
1,-7.2775e+06,388145,0
0,2.44483e-15,3.70595e-15,0
1,-7.27966e+06,343620,0
0,2.44515e-15,3.72072e-15,0
1,-7.28155e+06,299083,0
0,2.44543e-15,3.7355e-15,0
1,-7.28317e+06,254535,0
0,2.44566e-15,3.75027e-15,0
1,-7.28452e+06,209977,0
0,2.44585e-15,3.76505e-15,0
1,-7.28559e+06,165411,0
0,2.44599e-15,3.77983e-15,0
1,-7.2864e+06,120840,0
0,2.44609e-15,3.79461e-15,0
1,-7.28693e+06,76264,0
0,2.44614e-15,3.80939e-15,0
1,-7.28719e+06,31685.5,0
0,2.44614e-15,3.82417e-15,0
1,-7.28718e+06,-12894.1,0
0,2.4461e-15,3.83895e-15,0
1,-7.2869e+06,-57473.1,0
0,2.44602e-15,3.85373e-15,0
1,-7.28635e+06,-102050,0
0,2.44589e-15,3.86851e-15,0
1,-7.28552e+06,-146623,0
0,2.44571e-15,3.88328e-15,0
1,-7.28443e+06,-191190,0
0,2.44549e-15,3.89806e-15,0
1,-7.28306e+06,-235750,0
0,2.44523e-15,3.91284e-15,0
1,-7.28142e+06,-280301,0
0,2.44492e-15,3.92761e-15,0
1,-7.27951e+06,-324841,0
0,2.44456e-15,3.94238e-15,0
1,-7.27733e+06,-369369,0
0,2.44416e-15,3.95715e-15,0
1,-7.27488e+06,-413883,0
0,2.44371e-15,3.97192e-15,0
1,-7.27215e+06,-458382,0
0,2.44322e-15,3.98668e-15,0
1,-7.26916e+06,-502863,0
0,2.44268e-15,4.00144e-15,0
1,-7.26589e+06,-547326,0
0,2.4421e-15,4.0162e-15,0
1,-7.26236e+06,-591768,0
0,2.44148e-15,4.03095e-15,0
1,-7.25855e+06,-636188,0
0,2.4408e-15,4.0457e-15,0
1,-7.25447e+06,-680584,0
0,2.44009e-15,4.06045e-15,0
1,-7.25013e+06,-724954,0
0,2.43932e-15,4.07519e-15,0
1,-7.24551e+06,-769298,0
0,2.43852e-15,4.08993e-15,0
1,-7.24062e+06,-813612,0
0,2.43767e-15,4.10466e-15,0
1,-7.23546e+06,-857896,0
0,2.43677e-15,4.11938e-15,0
1,-7.23004e+06,-902148,0
0,2.43583e-15,4.1341e-15,0
1,-7.22434e+06,-946367,0
0,2.43484e-15,4.14882e-15,0
1,-7.21838e+06,-990549,0
0,2.43381e-15,4.16353e-15,0
1,-7.21214e+06,-1.0347e+06,0
0,2.43273e-15,4.17823e-15,0
1,-7.20564e+06,-1.0788e+06,0
0,2.43161e-15,4.19292e-15,0
1,-7.19887e+06,-1.12287e+06,0
0,2.43044e-15,4.20761e-15,0
1,-7.19183e+06,-1.16689e+06,0
0,2.42923e-15,4.22229e-15,0
1,-7.18452e+06,-1.21087e+06,0
0,2.42798e-15,4.23697e-15,0
1,-7.17694e+06,-1.25481e+06,0
0,2.42668e-15,4.25163e-15,0
1,-7.1691e+06,-1.2987e+06,0
0,2.42533e-15,4.26629e-15,0
1,-7.16099e+06,-1.34254e+06,0
0,2.42394e-15,4.28094e-15,0
1,-7.15261e+06,-1.38633e+06,0
0,2.42251e-15,4.29558e-15,0
1,-7.14397e+06,-1.43007e+06,0
0,2.42103e-15,4.31021e-15,0
1,-7.13505e+06,-1.47375e+06,0
0,2.41951e-15,4.32483e-15,0
1,-7.12588e+06,-1.51738e+06,0
0,2.41795e-15,4.33945e-15,0
1,-7.11644e+06,-1.56096e+06,0
0,2.41633e-15,4.35405e-15,0
1,-7.10673e+06,-1.60447e+06,0
0,2.41468e-15,4.36864e-15,0
1,-7.09676e+06,-1.64793e+06,0
0,2.41298e-15,4.38323e-15,0
1,-7.08652e+06,-1.69132e+06,0
0,2.41124e-15,4.3978e-15,0
1,-7.07602e+06,-1.73465e+06,0
0,2.40945e-15,4.41236e-15,0
1,-7.06525e+06,-1.77792e+06,0
0,2.40762e-15,4.42691e-15,0
1,-7.05423e+06,-1.82111e+06,0
0,2.40575e-15,4.44145e-15,0
1,-7.04294e+06,-1.86424e+06,0
0,2.40383e-15,4.45598e-15,0
1,-7.03138e+06,-1.90731e+06,0
0,2.40187e-15,4.4705e-15,0
1,-7.01957e+06,-1.9503e+06,0
0,2.39986e-15,4.485e-15,0
1,-7.00749e+06,-1.99321e+06,0
0,2.39781e-15,4.49949e-15,0
1,-6.99515e+06,-2.03606e+06,0
0,2.39572e-15,4.51397e-15,0
1,-6.98255e+06,-2.07882e+06,0
0,2.39358e-15,4.52844e-15,0
1,-6.96969e+06,-2.12151e+06,0
0,2.3914e-15,4.54289e-15,0
1,-6.95657e+06,-2.16412e+06,0
0,2.38918e-15,4.55733e-15,0
1,-6.9432e+06,-2.20665e+06,0
0,2.38692e-15,4.57175e-15,0
1,-6.92956e+06,-2.2491e+06,0
0,2.38461e-15,4.58617e-15,0
1,-6.91566e+06,-2.29146e+06,0
0,2.38226e-15,4.60056e-15,0
1,-6.90151e+06,-2.33374e+06,0
0,2.37986e-15,4.61495e-15,0
1,-6.8871e+06,-2.37593e+06,0
0,2.37742e-15,4.62931e-15,0
1,-6.87243e+06,-2.41803e+06,0
0,2.37494e-15,4.64367e-15,0
1,-6.85751e+06,-2.46004e+06,0
0,2.37242e-15,4.65801e-15,0
1,-6.84233e+06,-2.50196e+06,0
0,2.36986e-15,4.67233e-15,0
1,-6.8269e+06,-2.54378e+06,0
0,2.36725e-15,4.68663e-15,0
1,-6.81121e+06,-2.58552e+06,0
0,2.3646e-15,4.70092e-15,0
1,-6.79526e+06,-2.62715e+06,0
0,2.36191e-15,4.7152e-15,0
1,-6.77907e+06,-2.66869e+06,0
0,2.35917e-15,4.72946e-15,0
1,-6.76262e+06,-2.71012e+06,0
0,2.3564e-15,4.7437e-15,0
1,-6.74592e+06,-2.75146e+06,0
0,2.35358e-15,4.75792e-15,0
1,-6.72897e+06,-2.79269e+06,0
0,2.35072e-15,4.77213e-15,0
1,-6.71177e+06,-2.83382e+06,0
0,2.34782e-15,4.78632e-15,0
1,-6.69431e+06,-2.87484e+06,0
0,2.34487e-15,4.80049e-15,0
1,-6.67661e+06,-2.91576e+06,0
0,2.34189e-15,4.81464e-15,0
1,-6.65866e+06,-2.95656e+06,0
0,2.33886e-15,4.82877e-15,0
1,-6.64046e+06,-2.99726e+06,0
0,2.33579e-15,4.84289e-15,0
1,-6.62201e+06,-3.03785e+06,0
0,2.33269e-15,4.85699e-15,0
1,-6.60332e+06,-3.07832e+06,0
0,2.32954e-15,4.87106e-15,0
1,-6.58438e+06,-3.11867e+06,0
0,2.32635e-15,4.88512e-15,0
1,-6.5652e+06,-3.15891e+06,0
0,2.32312e-15,4.89916e-15,0
1,-6.54577e+06,-3.19903e+06,0
0,2.31984e-15,4.91318e-15,0
1,-6.52609e+06,-3.23904e+06,0
0,2.31653e-15,4.92718e-15,0
1,-6.50618e+06,-3.27892e+06,0
0,2.31318e-15,4.94116e-15,0
1,-6.48602e+06,-3.31868e+06,0
0,2.30978e-15,4.95512e-15,0
1,-6.46562e+06,-3.35831e+06,0
0,2.30635e-15,4.96905e-15,0
1,-6.44497e+06,-3.39782e+06,0
0,2.30288e-15,4.98297e-15,0
1,-6.42409e+06,-3.43721e+06,0
0,2.29936e-15,4.99686e-15,0
1,-6.40297e+06,-3.47646e+06,0
0,2.29581e-15,5.01073e-15,0
1,-6.38161e+06,-3.51559e+06,0
0,2.29222e-15,5.02459e-15,0
1,-6.36001e+06,-3.55458e+06,0
0,2.28859e-15,5.03841e-15,0
1,-6.33818e+06,-3.59344e+06,0
0,2.28492e-15,5.05222e-15,0
1,-6.31611e+06,-3.63217e+06,0
0,2.2812e-15,5.06601e-15,0
1,-6.2938e+06,-3.67076e+06,0
0,2.27745e-15,5.07977e-15,0
1,-6.27126e+06,-3.70922e+06,0
0,2.27367e-15,5.0935e-15,0
1,-6.24848e+06,-3.74754e+06,0
0,2.26984e-15,5.10722e-15,0
1,-6.22548e+06,-3.78571e+06,0
0,2.26597e-15,5.12091e-15,0
1,-6.20224e+06,-3.82375e+06,0
0,2.26207e-15,5.13458e-15,0
1,-6.17877e+06,-3.86164e+06,0
0,2.25812e-15,5.14822e-15,0
1,-6.15507e+06,-3.89939e+06,0
0,2.25414e-15,5.16184e-15,0
1,-6.13114e+06,-3.937e+06,0
0,2.25012e-15,5.17544e-15,0
1,-6.10698e+06,-3.97445e+06,0
0,2.24607e-15,5.18901e-15,0
1,-6.08259e+06,-4.01176e+06,0
0,2.24197e-15,5.20255e-15,0
1,-6.05798e+06,-4.04892e+06,0
0,2.23784e-15,5.21607e-15,0
1,-6.03314e+06,-4.08593e+06,0
0,2.23367e-15,5.22957e-15,0
1,-6.00808e+06,-4.12278e+06,0
0,2.22946e-15,5.24304e-15,0
1,-5.98279e+06,-4.15949e+06,0
0,2.22521e-15,5.25648e-15,0
1,-5.95729e+06,-4.19603e+06,0
0,2.22093e-15,5.2699e-15,0
1,-5.93155e+06,-4.23242e+06,0
0,2.21661e-15,5.28329e-15,0
1,-5.9056e+06,-4.26866e+06,0
0,2.21226e-15,5.29665e-15,0
1,-5.87943e+06,-4.30473e+06,0
0,2.20787e-15,5.30999e-15,0
1,-5.85304e+06,-4.34064e+06,0
0,2.20344e-15,5.3233e-15,0
1,-5.82643e+06,-4.37639e+06,0
0,2.19897e-15,5.33659e-15,0
1,-5.7996e+06,-4.41198e+06,0
0,2.19447e-15,5.34984e-15,0
1,-5.77256e+06,-4.44741e+06,0
0,2.18994e-15,5.36307e-15,0
1,-5.7453e+06,-4.48266e+06,0
0,2.18537e-15,5.37627e-15,0
1,-5.71783e+06,-4.51775e+06,0
0,2.18076e-15,5.38944e-15,0
1,-5.69015e+06,-4.55268e+06,0
0,2.17612e-15,5.40259e-15,0
1,-5.66225e+06,-4.58743e+06,0
0,2.17144e-15,5.41571e-15,0
1,-5.63415e+06,-4.62201e+06,0
0,2.16673e-15,5.42879e-15,0
1,-5.60583e+06,-4.65642e+06,0
0,2.16198e-15,5.44185e-15,0
1,-5.57731e+06,-4.69066e+06,0
0,2.1572e-15,5.45488e-15,0
1,-5.54857e+06,-4.72472e+06,0
0,2.15238e-15,5.46788e-15,0
1,-5.51963e+06,-4.7586e+06,0
0,2.14753e-15,5.48085e-15,0
1,-5.49049e+06,-4.79231e+06,0
0,2.14264e-15,5.49379e-15,0
1,-5.46114e+06,-4.82584e+06,0
0,2.13772e-15,5.5067e-15,0
1,-5.43159e+06,-4.85919e+06,0
0,2.13277e-15,5.51958e-15,0
1,-5.40183e+06,-4.89236e+06,0
0,2.12779e-15,5.53243e-15,0
1,-5.37188e+06,-4.92534e+06,0
0,2.12277e-15,5.54525e-15,0
1,-5.34172e+06,-4.95814e+06,0
0,2.11771e-15,5.55804e-15,0
1,-5.31137e+06,-4.99076e+06,0
0,2.11263e-15,5.5708e-15,0
1,-5.28081e+06,-5.02319e+06,0
0,2.10751e-15,5.58353e-15,0
1,-5.25007e+06,-5.05544e+06,0
0,2.10236e-15,5.59622e-15,0
1,-5.21912e+06,-5.08749e+06,0
0,2.09717e-15,5.60889e-15,0
1,-5.18798e+06,-5.11936e+06,0
0,2.09196e-15,5.62152e-15,0
1,-5.15665e+06,-5.15104e+06,0
0,2.08671e-15,5.63412e-15,0
1,-5.12513e+06,-5.18252e+06,0
0,2.08143e-15,5.64669e-15,0
1,-5.09342e+06,-5.21381e+06,0
0,2.07612e-15,5.65922e-15,0
1,-5.06151e+06,-5.24491e+06,0
0,2.07078e-15,5.67172e-15,0
1,-5.02942e+06,-5.27581e+06,0
0,2.06541e-15,5.6842e-15,0
1,-4.99714e+06,-5.30651e+06,0
0,2.06e-15,5.69663e-15,0
1,-4.96468e+06,-5.33702e+06,0
0,2.05457e-15,5.70904e-15,0
1,-4.93203e+06,-5.36733e+06,0
0,2.0491e-15,5.72141e-15,0
1,-4.89919e+06,-5.39744e+06,0
0,2.0436e-15,5.73375e-15,0
1,-4.86618e+06,-5.42735e+06,0
0,2.03808e-15,5.74605e-15,0
1,-4.83298e+06,-5.45705e+06,0
0,2.03252e-15,5.75832e-15,0
1,-4.79961e+06,-5.48655e+06,0
0,2.02693e-15,5.77056e-15,0
1,-4.76605e+06,-5.51585e+06,0
0,2.02132e-15,5.78276e-15,0
1,-4.73232e+06,-5.54494e+06,0
0,2.01567e-15,5.79492e-15,0
1,-4.69841e+06,-5.57383e+06,0
0,2.01e-15,5.80706e-15,0
1,-4.66433e+06,-5.60251e+06,0
0,2.0043e-15,5.81916e-15,0
1,-4.63007e+06,-5.63098e+06,0
0,1.99856e-15,5.83122e-15,0
1,-4.59564e+06,-5.65924e+06,0
0,1.9928e-15,5.84325e-15,0
1,-4.56105e+06,-5.68729e+06,0
0,1.98701e-15,5.85524e-15,0
1,-4.52628e+06,-5.71513e+06,0
0,1.9812e-15,5.8672e-15,0
1,-4.49134e+06,-5.74275e+06,0
0,1.97535e-15,5.87912e-15,0
1,-4.45624e+06,-5.77017e+06,0
0,1.96948e-15,5.891e-15,0
1,-4.42097e+06,-5.79736e+06,0
0,1.96358e-15,5.90285e-15,0
1,-4.38553e+06,-5.82434e+06,0
0,1.95765e-15,5.91467e-15,0
1,-4.34994e+06,-5.85111e+06,0
0,1.9517e-15,5.92645e-15,0
1,-4.31418e+06,-5.87766e+06,0
0,1.94572e-15,5.93819e-15,0
1,-4.27826e+06,-5.90398e+06,0
0,1.93971e-15,5.94989e-15,0
1,-4.24218e+06,-5.93009e+06,0
0,1.93368e-15,5.96156e-15,0
1,-4.20594e+06,-5.95598e+06,0
0,1.92762e-15,5.97319e-15,0
1,-4.16955e+06,-5.98165e+06,0
0,1.92153e-15,5.98478e-15,0
1,-4.13301e+06,-6.00709e+06,0
0,1.91542e-15,5.99634e-15,0
1,-4.0963e+06,-6.03231e+06,0
0,1.90929e-15,6.00786e-15,0
1,-4.05945e+06,-6.05731e+06,0
0,1.90312e-15,6.01934e-15,0
1,-4.02245e+06,-6.08208e+06,0
0,1.89694e-15,6.03079e-15,0
1,-3.9853e+06,-6.10662e+06,0
0,1.89073e-15,6.04219e-15,0
1,-3.94799e+06,-6.13094e+06,0
0,1.88449e-15,6.05356e-15,0
1,-3.91055e+06,-6.15503e+06,0
0,1.87823e-15,6.06489e-15,0
1,-3.87295e+06,-6.17889e+06,0
0,1.87195e-15,6.07618e-15,0
1,-3.83522e+06,-6.20252e+06,0
0,1.86564e-15,6.08744e-15,0
1,-3.79734e+06,-6.22592e+06,0
0,1.85931e-15,6.09865e-15,0
1,-3.75932e+06,-6.24909e+06,0
0,1.85296e-15,6.10983e-15,0
1,-3.72116e+06,-6.27203e+06,0
0,1.84658e-15,6.12096e-15,0
1,-3.68286e+06,-6.29473e+06,0
0,1.84018e-15,6.13206e-15,0
1,-3.64443e+06,-6.3172e+06,0
0,1.83375e-15,6.14312e-15,0
1,-3.60586e+06,-6.33943e+06,0
0,1.82731e-15,6.15414e-15,0
1,-3.56715e+06,-6.36143e+06,0
0,1.82084e-15,6.16512e-15,0
1,-3.52831e+06,-6.38319e+06,0
0,1.81435e-15,6.17606e-15,0
1,-3.48935e+06,-6.40472e+06,0
0,1.80784e-15,6.18696e-15,0
1,-3.45025e+06,-6.42601e+06,0
0,1.80131e-15,6.19782e-15,0
1,-3.41103e+06,-6.44705e+06,0
0,1.79476e-15,6.20865e-15,0
1,-3.37167e+06,-6.46786e+06,0
0,1.78818e-15,6.21943e-15,0
1,-3.3322e+06,-6.48843e+06,0
0,1.78159e-15,6.23017e-15,0
1,-3.2926e+06,-6.50876e+06,0
0,1.77497e-15,6.24087e-15,0
1,-3.25287e+06,-6.52884e+06,0
0,1.76834e-15,6.25153e-15,0
1,-3.21303e+06,-6.54869e+06,0
0,1.76168e-15,6.26215e-15,0
1,-3.17307e+06,-6.56828e+06,0
0,1.75501e-15,6.27273e-15,0
1,-3.13299e+06,-6.58764e+06,0
0,1.74831e-15,6.28327e-15,0
1,-3.09279e+06,-6.60675e+06,0
0,1.7416e-15,6.29377e-15,0
1,-3.05248e+06,-6.62562e+06,0
0,1.73487e-15,6.30422e-15,0
1,-3.01206e+06,-6.64424e+06,0
0,1.72812e-15,6.31464e-15,0
1,-2.97152e+06,-6.66261e+06,0
0,1.72135e-15,6.32501e-15,0
1,-2.93087e+06,-6.68073e+06,0
0,1.71456e-15,6.33535e-15,0
1,-2.89012e+06,-6.69861e+06,0
0,1.70776e-15,6.34564e-15,0
1,-2.84926e+06,-6.71624e+06,0
0,1.70093e-15,6.35589e-15,0
1,-2.80829e+06,-6.73362e+06,0
0,1.69409e-15,6.3661e-15,0
1,-2.76722e+06,-6.75074e+06,0
0,1.68724e-15,6.37626e-15,0
1,-2.72604e+06,-6.76762e+06,0
0,1.68036e-15,6.38639e-15,0
1,-2.68477e+06,-6.78425e+06,0
0,1.67347e-15,6.39647e-15,0
1,-2.64339e+06,-6.80062e+06,0
0,1.66656e-15,6.40651e-15,0
1,-2.60192e+06,-6.81675e+06,0
0,1.65964e-15,6.41651e-15,0
1,-2.56035e+06,-6.83262e+06,0
0,1.6527e-15,6.42647e-15,0
1,-2.51868e+06,-6.84823e+06,0
0,1.64575e-15,6.43638e-15,0
1,-2.47693e+06,-6.86359e+06,0
0,1.63878e-15,6.44625e-15,0
1,-2.43508e+06,-6.8787e+06,0
0,1.63179e-15,6.45608e-15,0
1,-2.39314e+06,-6.89355e+06,0
0,1.62479e-15,6.46587e-15,0
1,-2.35111e+06,-6.90815e+06,0
0,1.61778e-15,6.47561e-15,0
1,-2.30899e+06,-6.92249e+06,0
0,1.61075e-15,6.48531e-15,0
1,-2.26679e+06,-6.93657e+06,0
0,1.60371e-15,6.49497e-15,0
1,-2.22451e+06,-6.9504e+06,0
0,1.59665e-15,6.50458e-15,0
1,-2.18214e+06,-6.96396e+06,0
0,1.58958e-15,6.51416e-15,0
1,-2.13969e+06,-6.97727e+06,0
0,1.5825e-15,6.52368e-15,0
1,-2.09716e+06,-6.99032e+06,0
0,1.5754e-15,6.53317e-15,0
1,-2.05456e+06,-7.00311e+06,0
0,1.56829e-15,6.54261e-15,0
1,-2.01188e+06,-7.01565e+06,0
0,1.56117e-15,6.55201e-15,0
1,-1.96912e+06,-7.02792e+06,0
0,1.55404e-15,6.56137e-15,0
1,-1.92629e+06,-7.03993e+06,0
0,1.54689e-15,6.57068e-15,0
1,-1.88339e+06,-7.05168e+06,0
0,1.53974e-15,6.57995e-15,0
1,-1.84043e+06,-7.06317e+06,0
0,1.53257e-15,6.58917e-15,0
1,-1.79739e+06,-7.07439e+06,0
0,1.52539e-15,6.59835e-15,0
1,-1.75428e+06,-7.08536e+06,0
0,1.5182e-15,6.60749e-15,0
1,-1.71111e+06,-7.09606e+06,0
0,1.511e-15,6.61658e-15,0
1,-1.66788e+06,-7.1065e+06,0
0,1.50379e-15,6.62563e-15,0
1,-1.62459e+06,-7.11667e+06,0
0,1.49656e-15,6.63464e-15,0
1,-1.58123e+06,-7.12658e+06,0
0,1.48933e-15,6.6436e-15,0
1,-1.53782e+06,-7.13623e+06,0
0,1.48209e-15,6.65252e-15,0
1,-1.49435e+06,-7.14561e+06,0
0,1.47484e-15,6.66139e-15,0
1,-1.45083e+06,-7.15473e+06,0
0,1.46758e-15,6.67022e-15,0
1,-1.40725e+06,-7.16358e+06,0
0,1.46032e-15,6.67901e-15,0
1,-1.36362e+06,-7.17217e+06,0
0,1.45304e-15,6.68775e-15,0
1,-1.31994e+06,-7.18049e+06,0
0,1.44576e-15,6.69644e-15,0
1,-1.27621e+06,-7.18854e+06,0
0,1.43847e-15,6.70509e-15,0
1,-1.23243e+06,-7.19633e+06,0
0,1.43117e-15,6.7137e-15,0
1,-1.18861e+06,-7.20386e+06,0
0,1.42386e-15,6.72227e-15,0
1,-1.14475e+06,-7.21111e+06,0
0,1.41655e-15,6.73078e-15,0
1,-1.10084e+06,-7.2181e+06,0
0,1.40923e-15,6.73926e-15,0
1,-1.05689e+06,-7.22482e+06,0
0,1.4019e-15,6.74769e-15,0
1,-1.0129e+06,-7.23127e+06,0
0,1.39457e-15,6.75607e-15,0
1,-968877,-7.23746e+06,0
0,1.38723e-15,6.76441e-15,0
1,-924816,-7.24338e+06,0
0,1.37988e-15,6.77271e-15,0
1,-880721,-7.24903e+06,0
0,1.37253e-15,6.78096e-15,0
1,-836594,-7.25441e+06,0
0,1.36517e-15,6.78916e-15,0
1,-792436,-7.25952e+06,0
0,1.35781e-15,6.79733e-15,0
1,-748248,-7.26436e+06,0
0,1.35045e-15,6.80544e-15,0
1,-704033,-7.26894e+06,0
0,1.34308e-15,6.81351e-15,0
1,-659792,-7.27325e+06,0
0,1.33571e-15,6.82154e-15,0
1,-615527,-7.27728e+06,0
0,1.32833e-15,6.82952e-15,0
1,-571239,-7.28105e+06,0
0,1.32095e-15,6.83746e-15,0
1,-526930,-7.28455e+06,0
0,1.31356e-15,6.84535e-15,0
1,-482602,-7.28778e+06,0
0,1.30618e-15,6.8532e-15,0
1,-438256,-7.29073e+06,0
0,1.29879e-15,6.861e-15,0
1,-393894,-7.29342e+06,0
0,1.29139e-15,6.86876e-15,0
1,-349518,-7.29584e+06,0
0,1.284e-15,6.87647e-15,0
1,-305129,-7.29799e+06,0
0,1.2766e-15,6.88414e-15,0
1,-260728,-7.29987e+06,0
0,1.26921e-15,6.89176e-15,0
1,-216319,-7.30148e+06,0
0,1.26181e-15,6.89934e-15,0
1,-171901,-7.30282e+06,0
0,1.25441e-15,6.90687e-15,0
1,-127477,-7.30389e+06,0
0,1.24701e-15,6.91435e-15,0
1,-83048.3,-7.30469e+06,0
0,1.2396e-15,6.9218e-15,0
1,-38616.8,-7.30522e+06,0
0,1.2322e-15,6.92919e-15,0
1,5815.94,-7.30548e+06,0
0,1.2248e-15,6.93655e-15,0
1,50248.3,-7.30547e+06,0
0,1.2174e-15,6.94385e-15,0
1,94678.8,-7.30518e+06,0
0,1.21e-15,6.95111e-15,0
1,139106,-7.30463e+06,0
0,1.2026e-15,6.95833e-15,0
1,183527,-7.30381e+06,0
0,1.1952e-15,6.9655e-15,0
1,227942,-7.30272e+06,0
0,1.1878e-15,6.97263e-15,0
1,272348,-7.30136e+06,0
0,1.18041e-15,6.97971e-15,0
1,316743,-7.29973e+06,0
0,1.17301e-15,6.98675e-15,0
1,361127,-7.29783e+06,0
0,1.16562e-15,6.99374e-15,0
1,405498,-7.29566e+06,0
0,1.15823e-15,7.00069e-15,0
1,449853,-7.29321e+06,0
0,1.15085e-15,7.00759e-15,0
1,494192,-7.29051e+06,0
0,1.14346e-15,7.01445e-15,0
1,538512,-7.28753e+06,0
0,1.13608e-15,7.02126e-15,0
1,582812,-7.28428e+06,0
0,1.12871e-15,7.02803e-15,0
1,627091,-7.28076e+06,0
0,1.12133e-15,7.03475e-15,0
1,671346,-7.27697e+06,0
0,1.11397e-15,7.04143e-15,0
1,715576,-7.27292e+06,0
0,1.1066e-15,7.04806e-15,0
1,759780,-7.2686e+06,0
0,1.09924e-15,7.05465e-15,0
1,803956,-7.264e+06,0
0,1.09189e-15,7.06119e-15,0
1,848101,-7.25914e+06,0
0,1.08454e-15,7.06769e-15,0
1,892215,-7.25401e+06,0
0,1.07719e-15,7.07415e-15,0
1,936297,-7.24862e+06,0
0,1.06986e-15,7.08056e-15,0
1,980343,-7.24295e+06,0
0,1.06252e-15,7.08692e-15,0
1,1.02435e+06,-7.23702e+06,0
0,1.0552e-15,7.09324e-15,0
1,1.06833e+06,-7.23082e+06,0
0,1.04788e-15,7.09952e-15,0
1,1.11226e+06,-7.22436e+06,0
0,1.04057e-15,7.10575e-15,0
1,1.15615e+06,-7.21763e+06,0
0,1.03326e-15,7.11194e-15,0
1,1.2e+06,-7.21063e+06,0
0,1.02597e-15,7.11808e-15,0
1,1.2438e+06,-7.20336e+06,0
0,1.01868e-15,7.12418e-15,0
1,1.28756e+06,-7.19583e+06,0
0,1.01139e-15,7.13024e-15,0
1,1.33127e+06,-7.18804e+06,0
0,1.00412e-15,7.13625e-15,0
1,1.37493e+06,-7.17998e+06,0
0,9.96854e-16,7.14221e-15,0
1,1.41854e+06,-7.17165e+06,0
0,9.89598e-16,7.14813e-15,0
1,1.4621e+06,-7.16306e+06,0
0,9.8235e-16,7.15401e-15,0
1,1.5056e+06,-7.15421e+06,0
0,9.75111e-16,7.15985e-15,0
1,1.54905e+06,-7.14509e+06,0
0,9.67882e-16,7.16564e-15,0
1,1.59244e+06,-7.1357e+06,0
0,9.60663e-16,7.17138e-15,0
1,1.63577e+06,-7.12606e+06,0
0,9.53454e-16,7.17709e-15,0
1,1.67905e+06,-7.11615e+06,0
0,9.46255e-16,7.18274e-15,0
1,1.72226e+06,-7.10598e+06,0
0,9.39067e-16,7.18836e-15,0
1,1.7654e+06,-7.09555e+06,0
0,9.3189e-16,7.19393e-15,0
1,1.80848e+06,-7.08485e+06,0
0,9.24724e-16,7.19946e-15,0
1,1.8515e+06,-7.0739e+06,0
0,9.17569e-16,7.20494e-15,0
1,1.89444e+06,-7.06268e+06,0
0,9.10426e-16,7.21038e-15,0
1,1.93732e+06,-7.0512e+06,0
0,9.03294e-16,7.21578e-15,0
1,1.98012e+06,-7.03947e+06,0
0,8.96175e-16,7.22114e-15,0
1,2.02285e+06,-7.02747e+06,0
0,8.89069e-16,7.22645e-15,0
1,2.06551e+06,-7.01522e+06,0
0,8.81974e-16,7.23171e-15,0
1,2.10809e+06,-7.0027e+06,0
0,8.74893e-16,7.23694e-15,0
1,2.15059e+06,-6.98993e+06,0
0,8.67826e-16,7.24212e-15,0
1,2.19301e+06,-6.9769e+06,0
0,8.60771e-16,7.24726e-15,0
1,2.23535e+06,-6.96362e+06,0
0,8.53731e-16,7.25236e-15,0
1,2.27761e+06,-6.95007e+06,0
0,8.46704e-16,7.25741e-15,0
1,2.31979e+06,-6.93627e+06,0
0,8.39691e-16,7.26242e-15,0
1,2.36188e+06,-6.92222e+06,0
0,8.32694e-16,7.26739e-15,0
1,2.40388e+06,-6.90791e+06,0
0,8.2571e-16,7.27232e-15,0
1,2.44579e+06,-6.89335e+06,0
0,8.18742e-16,7.2772e-15,0
1,2.48762e+06,-6.87853e+06,0
0,8.11789e-16,7.28204e-15,0
1,2.52935e+06,-6.86346e+06,0
0,8.04852e-16,7.28684e-15,0
1,2.57099e+06,-6.84813e+06,0
0,7.9793e-16,7.2916e-15,0
1,2.61253e+06,-6.83256e+06,0
0,7.91025e-16,7.29632e-15,0
1,2.65398e+06,-6.81673e+06,0
0,7.84136e-16,7.30099e-15,0
1,2.69533e+06,-6.80065e+06,0
0,7.77263e-16,7.30562e-15,0
1,2.73657e+06,-6.78432e+06,0
0,7.70407e-16,7.31021e-15,0
1,2.77772e+06,-6.76774e+06,0
0,7.63568e-16,7.31476e-15,0
1,2.81877e+06,-6.75091e+06,0
0,7.56747e-16,7.31927e-15,0
1,2.85971e+06,-6.73384e+06,0
0,7.49943e-16,7.32374e-15,0
1,2.90055e+06,-6.71651e+06,0
0,7.43157e-16,7.32816e-15,0
1,2.94128e+06,-6.69894e+06,0
0,7.36388e-16,7.33254e-15,0
1,2.9819e+06,-6.68112e+06,0
0,7.29638e-16,7.33689e-15,0
1,3.02241e+06,-6.66306e+06,0
0,7.22907e-16,7.34119e-15,0
1,3.06282e+06,-6.64475e+06,0
0,7.16195e-16,7.34545e-15,0
1,3.1031e+06,-6.6262e+06,0
0,7.09501e-16,7.34967e-15,0
1,3.14328e+06,-6.6074e+06,0
0,7.02827e-16,7.35385e-15,0
1,3.18333e+06,-6.58836e+06,0
0,6.96172e-16,7.35799e-15,0
1,3.22327e+06,-6.56908e+06,0
0,6.89537e-16,7.36209e-15,0
1,3.2631e+06,-6.54955e+06,0
0,6.82922e-16,7.36615e-15,0
1,3.3028e+06,-6.52979e+06,0
0,6.76328e-16,7.37017e-15,0
1,3.34238e+06,-6.50978e+06,0
0,6.69753e-16,7.37415e-15,0
1,3.38183e+06,-6.48953e+06,0
0,6.632e-16,7.37809e-15,0
1,3.42117e+06,-6.46905e+06,0
0,6.56668e-16,7.38199e-15,0
1,3.46037e+06,-6.44833e+06,0
0,6.50156e-16,7.38585e-15,0
1,3.49945e+06,-6.42737e+06,0
0,6.43666e-16,7.38967e-15,0
1,3.5384e+06,-6.40618e+06,0
0,6.37198e-16,7.39345e-15,0
1,3.57722e+06,-6.38474e+06,0
0,6.30752e-16,7.39719e-15,0
1,3.61591e+06,-6.36308e+06,0
0,6.24328e-16,7.4009e-15,0
1,3.65447e+06,-6.34118e+06,0
0,6.17926e-16,7.40456e-15,0
1,3.69289e+06,-6.31905e+06,0
0,6.11547e-16,7.40819e-15,0
1,3.73117e+06,-6.29668e+06,0
0,6.05191e-16,7.41177e-15,0
1,3.76932e+06,-6.27409e+06,0
0,5.98858e-16,7.41532e-15,0
1,3.80733e+06,-6.25126e+06,0
0,5.92549e-16,7.41883e-15,0
1,3.8452e+06,-6.2282e+06,0
0,5.86262e-16,7.42231e-15,0
1,3.88292e+06,-6.20492e+06,0
0,5.8e-16,7.42574e-15,0
1,3.92051e+06,-6.1814e+06,0
0,5.73762e-16,7.42914e-15,0
1,3.95795e+06,-6.15766e+06,0
0,5.67548e-16,7.4325e-15,0
1,3.99524e+06,-6.1337e+06,0
0,5.61358e-16,7.43582e-15,0
1,4.03239e+06,-6.1095e+06,0
0,5.55193e-16,7.4391e-15,0
1,4.06939e+06,-6.08509e+06,0
0,5.49053e-16,7.44235e-15,0
1,4.10624e+06,-6.06045e+06,0
0,5.42938e-16,7.44556e-15,0
1,4.14294e+06,-6.03559e+06,0
0,5.36849e-16,7.44873e-15,0
1,4.17948e+06,-6.0105e+06,0
0,5.30785e-16,7.45187e-15,0
1,4.21588e+06,-5.9852e+06,0
0,5.24747e-16,7.45496e-15,0
1,4.25211e+06,-5.95967e+06,0
0,5.18735e-16,7.45803e-15,0
1,4.28819e+06,-5.93393e+06,0
0,5.12749e-16,7.46105e-15,0
1,4.32412e+06,-5.90796e+06,0
0,5.0679e-16,7.46404e-15,0
1,4.35988e+06,-5.88179e+06,0
0,5.00857e-16,7.467e-15,0
1,4.39549e+06,-5.85539e+06,0
0,4.94951e-16,7.46992e-15,0
1,4.43093e+06,-5.82878e+06,0
0,4.89073e-16,7.4728e-15,0
1,4.46621e+06,-5.80196e+06,0
0,4.83221e-16,7.47564e-15,0
1,4.50133e+06,-5.77492e+06,0
0,4.77398e-16,7.47846e-15,0
1,4.53628e+06,-5.74767e+06,0
0,4.71602e-16,7.48123e-15,0
1,4.57106e+06,-5.72021e+06,0
0,4.65834e-16,7.48397e-15,0
1,4.60568e+06,-5.69254e+06,0
0,4.60094e-16,7.48668e-15,0
1,4.64012e+06,-5.66466e+06,0
0,4.54382e-16,7.48935e-15,0
1,4.6744e+06,-5.63658e+06,0
0,4.487e-16,7.49199e-15,0
1,4.7085e+06,-5.60828e+06,0
0,4.43046e-16,7.49459e-15,0
1,4.74243e+06,-5.57979e+06,0
0,4.37421e-16,7.49716e-15,0
1,4.77619e+06,-5.55108e+06,0
0,4.31825e-16,7.4997e-15,0
1,4.80977e+06,-5.52217e+06,0
0,4.26259e-16,7.5022e-15,0
1,4.84318e+06,-5.49306e+06,0
0,4.20722e-16,7.50467e-15,0
1,4.87641e+06,-5.46375e+06,0
0,4.15215e-16,7.5071e-15,0
1,4.90945e+06,-5.43424e+06,0
0,4.09738e-16,7.5095e-15,0
1,4.94232e+06,-5.40453e+06,0
0,4.04292e-16,7.51187e-15,0
1,4.97501e+06,-5.37462e+06,0
0,3.98876e-16,7.5142e-15,0
1,5.00751e+06,-5.34451e+06,0
0,3.9349e-16,7.51651e-15,0
1,5.03983e+06,-5.31421e+06,0
0,3.88135e-16,7.51878e-15,0
1,5.07197e+06,-5.28371e+06,0
0,3.82812e-16,7.52101e-15,0
1,5.10392e+06,-5.25302e+06,0
0,3.77519e-16,7.52322e-15,0
1,5.13568e+06,-5.22214e+06,0
0,3.72258e-16,7.52539e-15,0
1,5.16725e+06,-5.19106e+06,0
0,3.67029e-16,7.52754e-15,0
1,5.19863e+06,-5.15979e+06,0
0,3.61831e-16,7.52965e-15,0
1,5.22983e+06,-5.12834e+06,0
0,3.56665e-16,7.53172e-15,0
1,5.26083e+06,-5.09669e+06,0
0,3.51532e-16,7.53377e-15,0
1,5.29163e+06,-5.06486e+06,0
0,3.4643e-16,7.53579e-15,0
1,5.32225e+06,-5.03285e+06,0
0,3.41362e-16,7.53778e-15,0
1,5.35266e+06,-5.00065e+06,0
0,3.36326e-16,7.53973e-15,0
1,5.38288e+06,-4.96826e+06,0
0,3.31323e-16,7.54166e-15,0
1,5.41291e+06,-4.9357e+06,0
0,3.26353e-16,7.54355e-15,0
1,5.44273e+06,-4.90295e+06,0
0,3.21416e-16,7.54542e-15,0
1,5.47236e+06,-4.87003e+06,0
0,3.16513e-16,7.54725e-15,0
1,5.50178e+06,-4.83692e+06,0
0,3.11643e-16,7.54906e-15,0
1,5.53101e+06,-4.80364e+06,0
0,3.06807e-16,7.55083e-15,0
1,5.56003e+06,-4.77018e+06,0
0,3.02005e-16,7.55258e-15,0
1,5.58884e+06,-4.73655e+06,0
0,2.97238e-16,7.5543e-15,0
1,5.61745e+06,-4.70274e+06,0
0,2.92504e-16,7.55599e-15,0
1,5.64586e+06,-4.66876e+06,0
0,2.87805e-16,7.55765e-15,0
1,5.67406e+06,-4.63461e+06,0
0,2.83141e-16,7.55928e-15,0
1,5.70205e+06,-4.60029e+06,0
0,2.78512e-16,7.56088e-15,0
1,5.72983e+06,-4.5658e+06,0
0,2.73917e-16,7.56246e-15,0
1,5.7574e+06,-4.53115e+06,0
0,2.69358e-16,7.56401e-15,0
1,5.78476e+06,-4.49633e+06,0
0,2.64834e-16,7.56553e-15,0
1,5.81191e+06,-4.46134e+06,0
0,2.60346e-16,7.56703e-15,0
1,5.83884e+06,-4.42619e+06,0
0,2.55893e-16,7.56849e-15,0
1,5.86556e+06,-4.39088e+06,0
0,2.51476e-16,7.56993e-15,0
1,5.89207e+06,-4.35541e+06,0
0,2.47095e-16,7.57135e-15,0
1,5.91836e+06,-4.31977e+06,0
0,2.42751e-16,7.57273e-15,0
1,5.94443e+06,-4.28398e+06,0
0,2.38442e-16,7.5741e-15,0
1,5.97028e+06,-4.24804e+06,0
0,2.3417e-16,7.57543e-15,0
1,5.99592e+06,-4.21193e+06,0
0,2.29935e-16,7.57674e-15,0
1,6.02133e+06,-4.17568e+06,0
0,2.25736e-16,7.57802e-15,0
1,6.04653e+06,-4.13927e+06,0
0,2.21575e-16,7.57928e-15,0
1,6.0715e+06,-4.10271e+06,0
0,2.1745e-16,7.58052e-15,0
1,6.09625e+06,-4.066e+06,0
0,2.13363e-16,7.58173e-15,0
1,6.12078e+06,-4.02913e+06,0
0,2.09313e-16,7.58291e-15,0
1,6.14508e+06,-3.99213e+06,0
0,2.053e-16,7.58407e-15,0
1,6.16916e+06,-3.95497e+06,0
0,2.01326e-16,7.5852e-15,0
1,6.19301e+06,-3.91767e+06,0
0,1.97389e-16,7.58632e-15,0
1,6.21664e+06,-3.88023e+06,0
0,1.9349e-16,7.5874e-15,0
1,6.24004e+06,-3.84265e+06,0
0,1.89629e-16,7.58847e-15,0
1,6.2632e+06,-3.80492e+06,0
0,1.85806e-16,7.58951e-15,0
1,6.28614e+06,-3.76706e+06,0
0,1.82022e-16,7.59053e-15,0
1,6.30885e+06,-3.72906e+06,0
0,1.78276e-16,7.59152e-15,0
1,6.33133e+06,-3.69092e+06,0
0,1.74569e-16,7.5925e-15,0
1,6.35357e+06,-3.65264e+06,0
0,1.709e-16,7.59345e-15,0
1,6.37559e+06,-3.61424e+06,0
0,1.67271e-16,7.59438e-15,0
1,6.39737e+06,-3.5757e+06,0
0,1.6368e-16,7.59528e-15,0
1,6.41891e+06,-3.53703e+06,0
0,1.60129e-16,7.59617e-15,0
1,6.44022e+06,-3.49823e+06,0
0,1.56617e-16,7.59703e-15,0
1,6.4613e+06,-3.4593e+06,0
0,1.53145e-16,7.59788e-15,0
1,6.48213e+06,-3.42025e+06,0
0,1.49712e-16,7.5987e-15,0
1,6.50273e+06,-3.38107e+06,0
0,1.46318e-16,7.5995e-15,0
1,6.52309e+06,-3.34176e+06,0
0,1.42965e-16,7.60028e-15,0
1,6.54322e+06,-3.30234e+06,0
0,1.39651e-16,7.60104e-15,0
1,6.5631e+06,-3.26279e+06,0
0,1.36378e-16,7.60178e-15,0
1,6.58274e+06,-3.22313e+06,0
0,1.33145e-16,7.6025e-15,0
1,6.60215e+06,-3.18334e+06,0
0,1.29952e-16,7.60321e-15,0
1,6.62131e+06,-3.14345e+06,0
0,1.26799e-16,7.60389e-15,0
1,6.64022e+06,-3.10343e+06,0
0,1.23687e-16,7.60455e-15,0
1,6.6589e+06,-3.0633e+06,0
0,1.20615e-16,7.6052e-15,0
1,6.67733e+06,-3.02306e+06,0
0,1.17585e-16,7.60582e-15,0
1,6.69551e+06,-2.98271e+06,0
0,1.14595e-16,7.60643e-15,0
1,6.71345e+06,-2.94225e+06,0
0,1.11646e-16,7.60702e-15,0
1,6.73115e+06,-2.90168e+06,0
0,1.08738e-16,7.6076e-15,0
1,6.7486e+06,-2.86101e+06,0
0,1.05871e-16,7.60815e-15,0
1,6.7658e+06,-2.82023e+06,0
0,1.03046e-16,7.60869e-15,0
1,6.78275e+06,-2.77935e+06,0
0,1.00262e-16,7.60921e-15,0
1,6.79946e+06,-2.73837e+06,0
0,9.75192e-17,7.60971e-15,0
1,6.81592e+06,-2.69729e+06,0
0,9.48182e-17,7.6102e-15,0
1,6.83212e+06,-2.65611e+06,0
0,9.21588e-17,7.61067e-15,0
1,6.84808e+06,-2.61483e+06,0
0,8.95413e-17,7.61113e-15,0
1,6.86379e+06,-2.57345e+06,0
0,8.69656e-17,7.61157e-15,0
1,6.87924e+06,-2.53198e+06,0
0,8.44319e-17,7.61199e-15,0
1,6.89444e+06,-2.49042e+06,0
0,8.19402e-17,7.6124e-15,0
1,6.9094e+06,-2.44877e+06,0
0,7.94907e-17,7.6128e-15,0
1,6.92409e+06,-2.40703e+06,0
0,7.70834e-17,7.61318e-15,0
1,6.93854e+06,-2.3652e+06,0
0,7.47184e-17,7.61354e-15,0
1,6.95273e+06,-2.32329e+06,0
0,7.23959e-17,7.61389e-15,0
1,6.96667e+06,-2.28129e+06,0
0,7.01158e-17,7.61423e-15,0
1,6.98035e+06,-2.2392e+06,0
0,6.78783e-17,7.61456e-15,0
1,6.99377e+06,-2.19704e+06,0
0,6.56834e-17,7.61487e-15,0
1,7.00694e+06,-2.15479e+06,0
0,6.35313e-17,7.61516e-15,0
1,7.01986e+06,-2.11247e+06,0
0,6.1422e-17,7.61545e-15,0
1,7.03251e+06,-2.07006e+06,0
0,5.93556e-17,7.61572e-15,0
1,7.04491e+06,-2.02759e+06,0
0,5.73322e-17,7.61598e-15,0
1,7.05705e+06,-1.98504e+06,0
0,5.53517e-17,7.61623e-15,0
1,7.06893e+06,-1.94241e+06,0
0,5.34144e-17,7.61646e-15,0
1,7.08056e+06,-1.89972e+06,0
0,5.15203e-17,7.61668e-15,0
1,7.09192e+06,-1.85695e+06,0
0,4.96694e-17,7.6169e-15,0
1,7.10303e+06,-1.81412e+06,0
0,4.78618e-17,7.6171e-15,0
1,7.11388e+06,-1.77122e+06,0
0,4.60976e-17,7.61729e-15,0
1,7.12446e+06,-1.72826e+06,0
0,4.43769e-17,7.61747e-15,0
1,7.13479e+06,-1.68523e+06,0
0,4.26997e-17,7.61764e-15,0
1,7.14485e+06,-1.64215e+06,0
0,4.1066e-17,7.6178e-15,0
1,7.15465e+06,-1.599e+06,0
0,3.9476e-17,7.61795e-15,0
1,7.16419e+06,-1.55579e+06,0
0,3.79296e-17,7.61809e-15,0
1,7.17347e+06,-1.51253e+06,0
0,3.6427e-17,7.61822e-15,0
1,7.18249e+06,-1.46921e+06,0
0,3.49682e-17,7.61834e-15,0
1,7.19124e+06,-1.42584e+06,0
0,3.35532e-17,7.61846e-15,0
1,7.19973e+06,-1.38242e+06,0
0,3.21821e-17,7.61856e-15,0
1,7.20795e+06,-1.33894e+06,0
0,3.0855e-17,7.61866e-15,0
1,7.21592e+06,-1.29542e+06,0
0,2.95719e-17,7.61875e-15,0
1,7.22362e+06,-1.25185e+06,0
0,2.83328e-17,7.61883e-15,0
1,7.23105e+06,-1.20823e+06,0
0,2.71378e-17,7.6189e-15,0
1,7.23822e+06,-1.16457e+06,0
0,2.5987e-17,7.61897e-15,0
1,7.24513e+06,-1.12087e+06,0
0,2.48803e-17,7.61903e-15,0
1,7.25177e+06,-1.07713e+06,0
0,2.38178e-17,7.61908e-15,0
1,7.25814e+06,-1.03335e+06,0
0,2.27996e-17,7.61913e-15,0
1,7.26425e+06,-989525,0
0,2.18257e-17,7.61917e-15,0
1,7.27009e+06,-945669,0
0,2.08961e-17,7.61921e-15,0
1,7.27567e+06,-901778,0
0,2.00109e-17,7.61924e-15,0
1,7.28098e+06,-857855,0
0,1.91701e-17,7.61926e-15,0
1,7.28603e+06,-813900,0
0,1.83737e-17,7.61928e-15,0
1,7.2908e+06,-769916,0
0,1.76217e-17,7.6193e-15,0
1,7.29531e+06,-725903,0
0,1.69143e-17,7.61931e-15,0
1,7.29956e+06,-681864,0
0,1.62513e-17,7.61932e-15,0
1,7.30354e+06,-637801,0
0,1.56329e-17,7.61932e-15,0
1,7.30725e+06,-593714,0
0,1.5059e-17,7.61932e-15,0
1,7.31069e+06,-549605,0
0,1.45297e-17,7.61931e-15,0
1,7.31387e+06,-505477,0
0,1.4045e-17,7.61931e-15,0
1,7.31677e+06,-461330,0
0,1.36049e-17,7.61929e-15,0
1,7.31941e+06,-417166,0
0,1.32095e-17,7.61928e-15,0
1,7.32179e+06,-372988,0
0,1.28587e-17,7.61927e-15,0
1,7.32389e+06,-328795,0
0,1.25525e-17,7.61925e-15,0
1,7.32573e+06,-284591,0
0,1.2291e-17,7.61923e-15,0
1,7.3273e+06,-240377,0
0,1.20742e-17,7.61921e-15,0
1,7.3286e+06,-196154,0
0,1.19021e-17,7.61919e-15,0
1,7.32963e+06,-151924,0
0,1.17747e-17,7.61917e-15,0
1,7.33039e+06,-107688,0
0,1.16919e-17,7.61914e-15,0
1,7.33089e+06,-63449.1,0
0,1.16539e-17,7.61912e-15,0
1,7.33112e+06,-19207.6,0
0,1.16606e-17,7.6191e-15,0
1,7.33108e+06,25034.4,0
0,1.1712e-17,7.61907e-15,0
1,7.33077e+06,69275.4,0
0,1.1808e-17,7.61905e-15,0
1,7.33019e+06,113514,0
0,1.19488e-17,7.61903e-15,0
1,7.32935e+06,157748,0
0,1.21343e-17,7.61901e-15,0
1,7.32823e+06,201976,0
0,1.23645e-17,7.61899e-15,0
1,7.32685e+06,246197,0
0,1.26393e-17,7.61897e-15,0
1,7.3252e+06,290408,0
0,1.29588e-17,7.61895e-15,0
1,7.32328e+06,334609,0
0,1.3323e-17,7.61894e-15,0
1,7.3211e+06,378797,0
0,1.37318e-17,7.61892e-15,0
1,7.31864e+06,422971,0
0,1.41853e-17,7.61892e-15,0
1,7.31592e+06,467130,0
0,1.46833e-17,7.61891e-15,0
1,7.31293e+06,511272,0
0,1.5226e-17,7.6189e-15,0
1,7.30968e+06,555394,0
0,1.58133e-17,7.6189e-15,0
1,7.30615e+06,599496,0
0,1.64451e-17,7.61891e-15,0
1,7.30236e+06,643577,0
